iso3,country_name,year,region,classification,paper_case_group,case_china_benchmark,case_resilient_sovereign,case_sri_lanka_anchor,case_high_debt_resilient,case_resource_conversion,case_strategic_conversion,case_strategic_transition,case_vulnerability_trap,case_geoeconomic_pressure,case_creditor_conversion,case_reform_case,legitimacy_score,weather_buffers_score,terrain_productive_capacity_score,command_state_capacity_score,doctrine_fiscal_framework_score,track_record_score,conversion_capacity_score,resilience_score,scorecard_mean_8,gdp_growth,gdp_current_usd,gdp_per_capita_current_usd,inflation_cpi,current_account_gdp,exports_gdp,imports_gdp,gross_capital_formation_gdp,manufacturing_value_added_gdp,tax_revenue_gdp,central_gov_debt_gdp,external_debt_gni,debt_service_exports,short_term_debt_reserves,reserves_months_imports,remittances_gdp,tourism_receipts_gdp,fuel_imports_merch_imports,food_imports_merch_imports,government_effectiveness,control_corruption,rule_of_law,political_stability,regulatory_quality,voice_accountability,disaster_event,disaster_damage_gdp,default_event,banking_crisis,imf_program_active,currency_depreciation,currency_crisis,inflation_surge,output_loss_3yr,P_productive_capacity,R_resilience_buffers,L_fiscal_legitimacy,M_fiscal_manoeuvrability,C_conversion_capacity,V_safe_vulnerability,SFRI_equal_weight,SFRI_weighted,NCS_5yr,DCR_5yr
USA,United States,1980,North America,High-power high-exposure,high_debt_resilient,0,0,0,1,0,0,0,0,0,0,0,3,4,5,4,3,5,5,4,4.125,,,,,,,,,,,,,,,,,,,,,,,,,,,,,,,,,,,,,,,,,,,,
USA,United States,1981,North America,High-power high-exposure,high_debt_resilient,0,0,0,1,0,0,0,0,0,0,0,3,4,5,4,3,5,5,4,4.125,,,,,,,,,,,,,,,,,,,,,,,,,,,,,,,,,,,,,,,,,,,,
USA,United States,1982,North America,High-power high-exposure,high_debt_resilient,0,0,0,1,0,0,0,0,0,0,0,3,4,5,4,3,5,5,4,4.125,,,,,,,,,,,,,,,,,,,,,,,,,,,,,,,,,,,,,,,,,,,,
USA,United States,1983,North America,High-power high-exposure,high_debt_resilient,0,0,0,1,0,0,0,0,0,0,0,3,4,5,4,3,5,5,4,4.125,,,,,,,,,,,,,,,,,,,,,,,,,,,,,,,,,,,,,,,,,,,,
USA,United States,1984,North America,High-power high-exposure,high_debt_resilient,0,0,0,1,0,0,0,0,0,0,0,3,4,5,4,3,5,5,4,4.125,,,,,,,,,,,,,,,,,,,,,,,,,,,,,,,,,,,,,,,,,,,,
USA,United States,1985,North America,High-power high-exposure,high_debt_resilient,0,0,0,1,0,0,0,0,0,0,0,3,4,5,4,3,5,5,4,4.125,,,,,,,,,,,,,,,,,,,,,,,,,,,,,,,,,,,,,,,,,,,,
USA,United States,1986,North America,High-power high-exposure,high_debt_resilient,0,0,0,1,0,0,0,0,0,0,0,3,4,5,4,3,5,5,4,4.125,,,,,,,,,,,,,,,,,,,,,,,,,,,,,,,,,,,,,,,,,,,,
USA,United States,1987,North America,High-power high-exposure,high_debt_resilient,0,0,0,1,0,0,0,0,0,0,0,3,4,5,4,3,5,5,4,4.125,,,,,,,,,,,,,,,,,,,,,,,,,,,,,,,,,,,,,,,,,,,,
USA,United States,1988,North America,High-power high-exposure,high_debt_resilient,0,0,0,1,0,0,0,0,0,0,0,3,4,5,4,3,5,5,4,4.125,,,,,,,,,,,,,,,,,,,,,,,,,,,,,,,,,,,,,,,,,,,,
USA,United States,1989,North America,High-power high-exposure,high_debt_resilient,0,0,0,1,0,0,0,0,0,0,0,3,4,5,4,3,5,5,4,4.125,,,,,,,,,,,,,,,,,,,,,,,,,,,,,,,,,,,,,,,,,,,,
USA,United States,1990,North America,High-power high-exposure,high_debt_resilient,0,0,0,1,0,0,0,0,0,0,0,3,4,5,4,3,5,5,4,4.125,,,,,,,,,,,,,,,,,,,,,,,,,,,,,,,,,,,,,,,,,,,,
USA,United States,1991,North America,High-power high-exposure,high_debt_resilient,0,0,0,1,0,0,0,0,0,0,0,3,4,5,4,3,5,5,4,4.125,,,,,,,,,,,,,,,,,,,,,,,,,,,,,,,,,,,,,,,,,,,,
USA,United States,1992,North America,High-power high-exposure,high_debt_resilient,0,0,0,1,0,0,0,0,0,0,0,3,4,5,4,3,5,5,4,4.125,,,,,,,,,,,,,,,,,,,,,,,,,,,,,,,,,,,,,,,,,,,,
USA,United States,1993,North America,High-power high-exposure,high_debt_resilient,0,0,0,1,0,0,0,0,0,0,0,3,4,5,4,3,5,5,4,4.125,,,,,,,,,,,,,,,,,,,,,,,,,,,,,,,,,,,,,,,,,,,,
USA,United States,1994,North America,High-power high-exposure,high_debt_resilient,0,0,0,1,0,0,0,0,0,0,0,3,4,5,4,3,5,5,4,4.125,,,,,,,,,,,,,,,,,,,,,,,,,,,,,,,,,,,,,,,,,,,,
USA,United States,1995,North America,High-power high-exposure,high_debt_resilient,0,0,0,1,0,0,0,0,0,0,0,3,4,5,4,3,5,5,4,4.125,,,,,,,,,,,,,,,,,,,,,,,,,,,,,,,,,,,,,,,,,,,,
USA,United States,1996,North America,High-power high-exposure,high_debt_resilient,0,0,0,1,0,0,0,0,0,0,0,3,4,5,4,3,5,5,4,4.125,,,,,,,,,,,,,,,,,,,,,,,,,,,,,,,,,,,,,,,,,,,,
USA,United States,1997,North America,High-power high-exposure,high_debt_resilient,0,0,0,1,0,0,0,0,0,0,0,3,4,5,4,3,5,5,4,4.125,,,,,,,,,,,,,,,,,,,,,,,,,,,,,,,,,,,,,,,,,,,,
USA,United States,1998,North America,High-power high-exposure,high_debt_resilient,0,0,0,1,0,0,0,0,0,0,0,3,4,5,4,3,5,5,4,4.125,,,,,,,,,,,,,,,,,,,,,,,,,,,,,,,,,,,,,,,,,,,,
USA,United States,1999,North America,High-power high-exposure,high_debt_resilient,0,0,0,1,0,0,0,0,0,0,0,3,4,5,4,3,5,5,4,4.125,,,,,,,,,,,,,,,,,,,,,,,,,,,,,,,,,,,,,,,,,,,,
USA,United States,2000,North America,High-power high-exposure,high_debt_resilient,0,0,0,1,0,0,0,0,0,0,0,3,4,5,4,3,5,5,4,4.125,,,,,,,,,,,,,,,,,,,,,,,,,,,,,,,,,,,,,,,,,,,,
USA,United States,2001,North America,High-power high-exposure,high_debt_resilient,0,0,0,1,0,0,0,0,0,0,0,3,4,5,4,3,5,5,4,4.125,,,,,,,,,,,,,,,,,,,,,,,,,,,,,,,,,,,,,,,,,,,,
USA,United States,2002,North America,High-power high-exposure,high_debt_resilient,0,0,0,1,0,0,0,0,0,0,0,3,4,5,4,3,5,5,4,4.125,,,,,,,,,,,,,,,,,,,,,,,,,,,,,,,,,,,,,,,,,,,,
USA,United States,2003,North America,High-power high-exposure,high_debt_resilient,0,0,0,1,0,0,0,0,0,0,0,3,4,5,4,3,5,5,4,4.125,,,,,,,,,,,,,,,,,,,,,,,,,,,,,,,,,,,,,,,,,,,,
USA,United States,2004,North America,High-power high-exposure,high_debt_resilient,0,0,0,1,0,0,0,0,0,0,0,3,4,5,4,3,5,5,4,4.125,,,,,,,,,,,,,,,,,,,,,,,,,,,,,,,,,,,,,,,,,,,,
USA,United States,2005,North America,High-power high-exposure,high_debt_resilient,0,0,0,1,0,0,0,0,0,0,0,3,4,5,4,3,5,5,4,4.125,,,,,,,,,,,,,,,,,,,,,,,,,,,,,,,,,,,,,,,,,,,,
USA,United States,2006,North America,High-power high-exposure,high_debt_resilient,0,0,0,1,0,0,0,0,0,0,0,3,4,5,4,3,5,5,4,4.125,,,,,,,,,,,,,,,,,,,,,,,,,,,,,,,,,,,,,,,,,,,,
USA,United States,2007,North America,High-power high-exposure,high_debt_resilient,0,0,0,1,0,0,0,0,0,0,0,3,4,5,4,3,5,5,4,4.125,,,,,,,,,,,,,,,,,,,,,,,,,,,,,,,,,,,,,,,,,,,,
USA,United States,2008,North America,High-power high-exposure,high_debt_resilient,0,0,0,1,0,0,0,0,0,0,0,3,4,5,4,3,5,5,4,4.125,,,,,,,,,,,,,,,,,,,,,,,,,,,,,,,,,,,,,,,,,,,,
USA,United States,2009,North America,High-power high-exposure,high_debt_resilient,0,0,0,1,0,0,0,0,0,0,0,3,4,5,4,3,5,5,4,4.125,,,,,,,,,,,,,,,,,,,,,,,,,,,,,,,,,,,,,,,,,,,,
USA,United States,2010,North America,High-power high-exposure,high_debt_resilient,0,0,0,1,0,0,0,0,0,0,0,3,4,5,4,3,5,5,4,4.125,,,,,,,,,,,,,,,,,,,,,,,,,,,,,,,,,,,,,,,,,,,,
USA,United States,2011,North America,High-power high-exposure,high_debt_resilient,0,0,0,1,0,0,0,0,0,0,0,3,4,5,4,3,5,5,4,4.125,,,,,,,,,,,,,,,,,,,,,,,,,,,,,,,,,,,,,,,,,,,,
USA,United States,2012,North America,High-power high-exposure,high_debt_resilient,0,0,0,1,0,0,0,0,0,0,0,3,4,5,4,3,5,5,4,4.125,,,,,,,,,,,,,,,,,,,,,,,,,,,,,,,,,,,,,,,,,,,,
USA,United States,2013,North America,High-power high-exposure,high_debt_resilient,0,0,0,1,0,0,0,0,0,0,0,3,4,5,4,3,5,5,4,4.125,,,,,,,,,,,,,,,,,,,,,,,,,,,,,,,,,,,,,,,,,,,,
USA,United States,2014,North America,High-power high-exposure,high_debt_resilient,0,0,0,1,0,0,0,0,0,0,0,3,4,5,4,3,5,5,4,4.125,,,,,,,,,,,,,,,,,,,,,,,,,,,,,,,,,,,,,,,,,,,,
USA,United States,2015,North America,High-power high-exposure,high_debt_resilient,0,0,0,1,0,0,0,0,0,0,0,3,4,5,4,3,5,5,4,4.125,,,,,,,,,,,,,,,,,,,,,,,,,,,,,,,,,,,,,,,,,,,,
USA,United States,2016,North America,High-power high-exposure,high_debt_resilient,0,0,0,1,0,0,0,0,0,0,0,3,4,5,4,3,5,5,4,4.125,,,,,,,,,,,,,,,,,,,,,,,,,,,,,,,,,,,,,,,,,,,,
USA,United States,2017,North America,High-power high-exposure,high_debt_resilient,0,0,0,1,0,0,0,0,0,0,0,3,4,5,4,3,5,5,4,4.125,,,,,,,,,,,,,,,,,,,,,,,,,,,,,,,,,,,,,,,,,,,,
USA,United States,2018,North America,High-power high-exposure,high_debt_resilient,0,0,0,1,0,0,0,0,0,0,0,3,4,5,4,3,5,5,4,4.125,,,,,,,,,,,,,,,,,,,,,,,,,,,,,,,,,,,,,,,,,,,,
USA,United States,2019,North America,High-power high-exposure,high_debt_resilient,0,0,0,1,0,0,0,0,0,0,0,3,4,5,4,3,5,5,4,4.125,,,,,,,,,,,,,,,,,,,,,,,,,,,,,,,,,,,,,,,,,,,,
USA,United States,2020,North America,High-power high-exposure,high_debt_resilient,0,0,0,1,0,0,0,0,0,0,0,3,4,5,4,3,5,5,4,4.125,,,,,,,,,,,,,,,,,,,,,,,,,,,,,,,,,,,,,,,,,,,,
USA,United States,2021,North America,High-power high-exposure,high_debt_resilient,0,0,0,1,0,0,0,0,0,0,0,3,4,5,4,3,5,5,4,4.125,,,,,,,,,,,,,,,,,,,,,,,,,,,,,,,,,,,,,,,,,,,,
USA,United States,2022,North America,High-power high-exposure,high_debt_resilient,0,0,0,1,0,0,0,0,0,0,0,3,4,5,4,3,5,5,4,4.125,,,,,,,,,,,,,,,,,,,,,,,,,,,,,,,,,,,,,,,,,,,,
USA,United States,2023,North America,High-power high-exposure,high_debt_resilient,0,0,0,1,0,0,0,0,0,0,0,3,4,5,4,3,5,5,4,4.125,,,,,,,,,,,,,,,,,,,,,,,,,,,,,,,,,,,,,,,,,,,,
USA,United States,2024,North America,High-power high-exposure,high_debt_resilient,0,0,0,1,0,0,0,0,0,0,0,3,4,5,4,3,5,5,4,4.125,,,,,,,,,,,,,,,,,,,,,,,,,,,,,,,,,,,,,,,,,,,,
USA,United States,2025,North America,High-power high-exposure,high_debt_resilient,0,0,0,1,0,0,0,0,0,0,0,3,4,5,4,3,5,5,4,4.125,,,,,,,,,,,,,,,,,,,,,,,,,,,,,,,,,,,,,,,,,,,,
CAN,Canada,1980,North America,Resilient advanced sovereign,resilient_sovereign,0,1,0,0,0,0,0,0,0,0,0,4,4,4,4,4,4,4,4,4.0,,,,,,,,,,,,,,,,,,,,,,,,,,,,,,,,,,,,,,,,,,,,
CAN,Canada,1981,North America,Resilient advanced sovereign,resilient_sovereign,0,1,0,0,0,0,0,0,0,0,0,4,4,4,4,4,4,4,4,4.0,,,,,,,,,,,,,,,,,,,,,,,,,,,,,,,,,,,,,,,,,,,,
CAN,Canada,1982,North America,Resilient advanced sovereign,resilient_sovereign,0,1,0,0,0,0,0,0,0,0,0,4,4,4,4,4,4,4,4,4.0,,,,,,,,,,,,,,,,,,,,,,,,,,,,,,,,,,,,,,,,,,,,
CAN,Canada,1983,North America,Resilient advanced sovereign,resilient_sovereign,0,1,0,0,0,0,0,0,0,0,0,4,4,4,4,4,4,4,4,4.0,,,,,,,,,,,,,,,,,,,,,,,,,,,,,,,,,,,,,,,,,,,,
CAN,Canada,1984,North America,Resilient advanced sovereign,resilient_sovereign,0,1,0,0,0,0,0,0,0,0,0,4,4,4,4,4,4,4,4,4.0,,,,,,,,,,,,,,,,,,,,,,,,,,,,,,,,,,,,,,,,,,,,
CAN,Canada,1985,North America,Resilient advanced sovereign,resilient_sovereign,0,1,0,0,0,0,0,0,0,0,0,4,4,4,4,4,4,4,4,4.0,,,,,,,,,,,,,,,,,,,,,,,,,,,,,,,,,,,,,,,,,,,,
CAN,Canada,1986,North America,Resilient advanced sovereign,resilient_sovereign,0,1,0,0,0,0,0,0,0,0,0,4,4,4,4,4,4,4,4,4.0,,,,,,,,,,,,,,,,,,,,,,,,,,,,,,,,,,,,,,,,,,,,
CAN,Canada,1987,North America,Resilient advanced sovereign,resilient_sovereign,0,1,0,0,0,0,0,0,0,0,0,4,4,4,4,4,4,4,4,4.0,,,,,,,,,,,,,,,,,,,,,,,,,,,,,,,,,,,,,,,,,,,,
CAN,Canada,1988,North America,Resilient advanced sovereign,resilient_sovereign,0,1,0,0,0,0,0,0,0,0,0,4,4,4,4,4,4,4,4,4.0,,,,,,,,,,,,,,,,,,,,,,,,,,,,,,,,,,,,,,,,,,,,
CAN,Canada,1989,North America,Resilient advanced sovereign,resilient_sovereign,0,1,0,0,0,0,0,0,0,0,0,4,4,4,4,4,4,4,4,4.0,,,,,,,,,,,,,,,,,,,,,,,,,,,,,,,,,,,,,,,,,,,,
CAN,Canada,1990,North America,Resilient advanced sovereign,resilient_sovereign,0,1,0,0,0,0,0,0,0,0,0,4,4,4,4,4,4,4,4,4.0,,,,,,,,,,,,,,,,,,,,,,,,,,,,,,,,,,,,,,,,,,,,
CAN,Canada,1991,North America,Resilient advanced sovereign,resilient_sovereign,0,1,0,0,0,0,0,0,0,0,0,4,4,4,4,4,4,4,4,4.0,,,,,,,,,,,,,,,,,,,,,,,,,,,,,,,,,,,,,,,,,,,,
CAN,Canada,1992,North America,Resilient advanced sovereign,resilient_sovereign,0,1,0,0,0,0,0,0,0,0,0,4,4,4,4,4,4,4,4,4.0,,,,,,,,,,,,,,,,,,,,,,,,,,,,,,,,,,,,,,,,,,,,
CAN,Canada,1993,North America,Resilient advanced sovereign,resilient_sovereign,0,1,0,0,0,0,0,0,0,0,0,4,4,4,4,4,4,4,4,4.0,,,,,,,,,,,,,,,,,,,,,,,,,,,,,,,,,,,,,,,,,,,,
CAN,Canada,1994,North America,Resilient advanced sovereign,resilient_sovereign,0,1,0,0,0,0,0,0,0,0,0,4,4,4,4,4,4,4,4,4.0,,,,,,,,,,,,,,,,,,,,,,,,,,,,,,,,,,,,,,,,,,,,
CAN,Canada,1995,North America,Resilient advanced sovereign,resilient_sovereign,0,1,0,0,0,0,0,0,0,0,0,4,4,4,4,4,4,4,4,4.0,,,,,,,,,,,,,,,,,,,,,,,,,,,,,,,,,,,,,,,,,,,,
CAN,Canada,1996,North America,Resilient advanced sovereign,resilient_sovereign,0,1,0,0,0,0,0,0,0,0,0,4,4,4,4,4,4,4,4,4.0,,,,,,,,,,,,,,,,,,,,,,,,,,,,,,,,,,,,,,,,,,,,
CAN,Canada,1997,North America,Resilient advanced sovereign,resilient_sovereign,0,1,0,0,0,0,0,0,0,0,0,4,4,4,4,4,4,4,4,4.0,,,,,,,,,,,,,,,,,,,,,,,,,,,,,,,,,,,,,,,,,,,,
CAN,Canada,1998,North America,Resilient advanced sovereign,resilient_sovereign,0,1,0,0,0,0,0,0,0,0,0,4,4,4,4,4,4,4,4,4.0,,,,,,,,,,,,,,,,,,,,,,,,,,,,,,,,,,,,,,,,,,,,
CAN,Canada,1999,North America,Resilient advanced sovereign,resilient_sovereign,0,1,0,0,0,0,0,0,0,0,0,4,4,4,4,4,4,4,4,4.0,,,,,,,,,,,,,,,,,,,,,,,,,,,,,,,,,,,,,,,,,,,,
CAN,Canada,2000,North America,Resilient advanced sovereign,resilient_sovereign,0,1,0,0,0,0,0,0,0,0,0,4,4,4,4,4,4,4,4,4.0,,,,,,,,,,,,,,,,,,,,,,,,,,,,,,,,,,,,,,,,,,,,
CAN,Canada,2001,North America,Resilient advanced sovereign,resilient_sovereign,0,1,0,0,0,0,0,0,0,0,0,4,4,4,4,4,4,4,4,4.0,,,,,,,,,,,,,,,,,,,,,,,,,,,,,,,,,,,,,,,,,,,,
CAN,Canada,2002,North America,Resilient advanced sovereign,resilient_sovereign,0,1,0,0,0,0,0,0,0,0,0,4,4,4,4,4,4,4,4,4.0,,,,,,,,,,,,,,,,,,,,,,,,,,,,,,,,,,,,,,,,,,,,
CAN,Canada,2003,North America,Resilient advanced sovereign,resilient_sovereign,0,1,0,0,0,0,0,0,0,0,0,4,4,4,4,4,4,4,4,4.0,,,,,,,,,,,,,,,,,,,,,,,,,,,,,,,,,,,,,,,,,,,,
CAN,Canada,2004,North America,Resilient advanced sovereign,resilient_sovereign,0,1,0,0,0,0,0,0,0,0,0,4,4,4,4,4,4,4,4,4.0,,,,,,,,,,,,,,,,,,,,,,,,,,,,,,,,,,,,,,,,,,,,
CAN,Canada,2005,North America,Resilient advanced sovereign,resilient_sovereign,0,1,0,0,0,0,0,0,0,0,0,4,4,4,4,4,4,4,4,4.0,,,,,,,,,,,,,,,,,,,,,,,,,,,,,,,,,,,,,,,,,,,,
CAN,Canada,2006,North America,Resilient advanced sovereign,resilient_sovereign,0,1,0,0,0,0,0,0,0,0,0,4,4,4,4,4,4,4,4,4.0,,,,,,,,,,,,,,,,,,,,,,,,,,,,,,,,,,,,,,,,,,,,
CAN,Canada,2007,North America,Resilient advanced sovereign,resilient_sovereign,0,1,0,0,0,0,0,0,0,0,0,4,4,4,4,4,4,4,4,4.0,,,,,,,,,,,,,,,,,,,,,,,,,,,,,,,,,,,,,,,,,,,,
CAN,Canada,2008,North America,Resilient advanced sovereign,resilient_sovereign,0,1,0,0,0,0,0,0,0,0,0,4,4,4,4,4,4,4,4,4.0,,,,,,,,,,,,,,,,,,,,,,,,,,,,,,,,,,,,,,,,,,,,
CAN,Canada,2009,North America,Resilient advanced sovereign,resilient_sovereign,0,1,0,0,0,0,0,0,0,0,0,4,4,4,4,4,4,4,4,4.0,,,,,,,,,,,,,,,,,,,,,,,,,,,,,,,,,,,,,,,,,,,,
CAN,Canada,2010,North America,Resilient advanced sovereign,resilient_sovereign,0,1,0,0,0,0,0,0,0,0,0,4,4,4,4,4,4,4,4,4.0,,,,,,,,,,,,,,,,,,,,,,,,,,,,,,,,,,,,,,,,,,,,
CAN,Canada,2011,North America,Resilient advanced sovereign,resilient_sovereign,0,1,0,0,0,0,0,0,0,0,0,4,4,4,4,4,4,4,4,4.0,,,,,,,,,,,,,,,,,,,,,,,,,,,,,,,,,,,,,,,,,,,,
CAN,Canada,2012,North America,Resilient advanced sovereign,resilient_sovereign,0,1,0,0,0,0,0,0,0,0,0,4,4,4,4,4,4,4,4,4.0,,,,,,,,,,,,,,,,,,,,,,,,,,,,,,,,,,,,,,,,,,,,
CAN,Canada,2013,North America,Resilient advanced sovereign,resilient_sovereign,0,1,0,0,0,0,0,0,0,0,0,4,4,4,4,4,4,4,4,4.0,,,,,,,,,,,,,,,,,,,,,,,,,,,,,,,,,,,,,,,,,,,,
CAN,Canada,2014,North America,Resilient advanced sovereign,resilient_sovereign,0,1,0,0,0,0,0,0,0,0,0,4,4,4,4,4,4,4,4,4.0,,,,,,,,,,,,,,,,,,,,,,,,,,,,,,,,,,,,,,,,,,,,
CAN,Canada,2015,North America,Resilient advanced sovereign,resilient_sovereign,0,1,0,0,0,0,0,0,0,0,0,4,4,4,4,4,4,4,4,4.0,,,,,,,,,,,,,,,,,,,,,,,,,,,,,,,,,,,,,,,,,,,,
CAN,Canada,2016,North America,Resilient advanced sovereign,resilient_sovereign,0,1,0,0,0,0,0,0,0,0,0,4,4,4,4,4,4,4,4,4.0,,,,,,,,,,,,,,,,,,,,,,,,,,,,,,,,,,,,,,,,,,,,
CAN,Canada,2017,North America,Resilient advanced sovereign,resilient_sovereign,0,1,0,0,0,0,0,0,0,0,0,4,4,4,4,4,4,4,4,4.0,,,,,,,,,,,,,,,,,,,,,,,,,,,,,,,,,,,,,,,,,,,,
CAN,Canada,2018,North America,Resilient advanced sovereign,resilient_sovereign,0,1,0,0,0,0,0,0,0,0,0,4,4,4,4,4,4,4,4,4.0,,,,,,,,,,,,,,,,,,,,,,,,,,,,,,,,,,,,,,,,,,,,
CAN,Canada,2019,North America,Resilient advanced sovereign,resilient_sovereign,0,1,0,0,0,0,0,0,0,0,0,4,4,4,4,4,4,4,4,4.0,,,,,,,,,,,,,,,,,,,,,,,,,,,,,,,,,,,,,,,,,,,,
CAN,Canada,2020,North America,Resilient advanced sovereign,resilient_sovereign,0,1,0,0,0,0,0,0,0,0,0,4,4,4,4,4,4,4,4,4.0,,,,,,,,,,,,,,,,,,,,,,,,,,,,,,,,,,,,,,,,,,,,
CAN,Canada,2021,North America,Resilient advanced sovereign,resilient_sovereign,0,1,0,0,0,0,0,0,0,0,0,4,4,4,4,4,4,4,4,4.0,,,,,,,,,,,,,,,,,,,,,,,,,,,,,,,,,,,,,,,,,,,,
CAN,Canada,2022,North America,Resilient advanced sovereign,resilient_sovereign,0,1,0,0,0,0,0,0,0,0,0,4,4,4,4,4,4,4,4,4.0,,,,,,,,,,,,,,,,,,,,,,,,,,,,,,,,,,,,,,,,,,,,
CAN,Canada,2023,North America,Resilient advanced sovereign,resilient_sovereign,0,1,0,0,0,0,0,0,0,0,0,4,4,4,4,4,4,4,4,4.0,,,,,,,,,,,,,,,,,,,,,,,,,,,,,,,,,,,,,,,,,,,,
CAN,Canada,2024,North America,Resilient advanced sovereign,resilient_sovereign,0,1,0,0,0,0,0,0,0,0,0,4,4,4,4,4,4,4,4,4.0,,,,,,,,,,,,,,,,,,,,,,,,,,,,,,,,,,,,,,,,,,,,
CAN,Canada,2025,North America,Resilient advanced sovereign,resilient_sovereign,0,1,0,0,0,0,0,0,0,0,0,4,4,4,4,4,4,4,4,4.0,,,,,,,,,,,,,,,,,,,,,,,,,,,,,,,,,,,,,,,,,,,,
BRA,Brazil,1980,Latin America & Caribbean,High-terrain medium-command sovereign,strategic_transition,0,0,0,0,0,0,1,0,0,0,0,3,3,5,3,3,3,4,3,3.375,,,,,,,,,,,,,,,,,,,,,,,,,,,,,,,,,,,,,,,,,,,,
BRA,Brazil,1981,Latin America & Caribbean,High-terrain medium-command sovereign,strategic_transition,0,0,0,0,0,0,1,0,0,0,0,3,3,5,3,3,3,4,3,3.375,,,,,,,,,,,,,,,,,,,,,,,,,,,,,,,,,,,,,,,,,,,,
BRA,Brazil,1982,Latin America & Caribbean,High-terrain medium-command sovereign,strategic_transition,0,0,0,0,0,0,1,0,0,0,0,3,3,5,3,3,3,4,3,3.375,,,,,,,,,,,,,,,,,,,,,,,,,,,,,,,,,,,,,,,,,,,,
BRA,Brazil,1983,Latin America & Caribbean,High-terrain medium-command sovereign,strategic_transition,0,0,0,0,0,0,1,0,0,0,0,3,3,5,3,3,3,4,3,3.375,,,,,,,,,,,,,,,,,,,,,,,,,,,,,,,,,,,,,,,,,,,,
BRA,Brazil,1984,Latin America & Caribbean,High-terrain medium-command sovereign,strategic_transition,0,0,0,0,0,0,1,0,0,0,0,3,3,5,3,3,3,4,3,3.375,,,,,,,,,,,,,,,,,,,,,,,,,,,,,,,,,,,,,,,,,,,,
BRA,Brazil,1985,Latin America & Caribbean,High-terrain medium-command sovereign,strategic_transition,0,0,0,0,0,0,1,0,0,0,0,3,3,5,3,3,3,4,3,3.375,,,,,,,,,,,,,,,,,,,,,,,,,,,,,,,,,,,,,,,,,,,,
BRA,Brazil,1986,Latin America & Caribbean,High-terrain medium-command sovereign,strategic_transition,0,0,0,0,0,0,1,0,0,0,0,3,3,5,3,3,3,4,3,3.375,,,,,,,,,,,,,,,,,,,,,,,,,,,,,,,,,,,,,,,,,,,,
BRA,Brazil,1987,Latin America & Caribbean,High-terrain medium-command sovereign,strategic_transition,0,0,0,0,0,0,1,0,0,0,0,3,3,5,3,3,3,4,3,3.375,,,,,,,,,,,,,,,,,,,,,,,,,,,,,,,,,,,,,,,,,,,,
BRA,Brazil,1988,Latin America & Caribbean,High-terrain medium-command sovereign,strategic_transition,0,0,0,0,0,0,1,0,0,0,0,3,3,5,3,3,3,4,3,3.375,,,,,,,,,,,,,,,,,,,,,,,,,,,,,,,,,,,,,,,,,,,,
BRA,Brazil,1989,Latin America & Caribbean,High-terrain medium-command sovereign,strategic_transition,0,0,0,0,0,0,1,0,0,0,0,3,3,5,3,3,3,4,3,3.375,,,,,,,,,,,,,,,,,,,,,,,,,,,,,,,,,,,,,,,,,,,,
BRA,Brazil,1990,Latin America & Caribbean,High-terrain medium-command sovereign,strategic_transition,0,0,0,0,0,0,1,0,0,0,0,3,3,5,3,3,3,4,3,3.375,,,,,,,,,,,,,,,,,,,,,,,,,,,,,,,,,,,,,,,,,,,,
BRA,Brazil,1991,Latin America & Caribbean,High-terrain medium-command sovereign,strategic_transition,0,0,0,0,0,0,1,0,0,0,0,3,3,5,3,3,3,4,3,3.375,,,,,,,,,,,,,,,,,,,,,,,,,,,,,,,,,,,,,,,,,,,,
BRA,Brazil,1992,Latin America & Caribbean,High-terrain medium-command sovereign,strategic_transition,0,0,0,0,0,0,1,0,0,0,0,3,3,5,3,3,3,4,3,3.375,,,,,,,,,,,,,,,,,,,,,,,,,,,,,,,,,,,,,,,,,,,,
BRA,Brazil,1993,Latin America & Caribbean,High-terrain medium-command sovereign,strategic_transition,0,0,0,0,0,0,1,0,0,0,0,3,3,5,3,3,3,4,3,3.375,,,,,,,,,,,,,,,,,,,,,,,,,,,,,,,,,,,,,,,,,,,,
BRA,Brazil,1994,Latin America & Caribbean,High-terrain medium-command sovereign,strategic_transition,0,0,0,0,0,0,1,0,0,0,0,3,3,5,3,3,3,4,3,3.375,,,,,,,,,,,,,,,,,,,,,,,,,,,,,,,,,,,,,,,,,,,,
BRA,Brazil,1995,Latin America & Caribbean,High-terrain medium-command sovereign,strategic_transition,0,0,0,0,0,0,1,0,0,0,0,3,3,5,3,3,3,4,3,3.375,,,,,,,,,,,,,,,,,,,,,,,,,,,,,,,,,,,,,,,,,,,,
BRA,Brazil,1996,Latin America & Caribbean,High-terrain medium-command sovereign,strategic_transition,0,0,0,0,0,0,1,0,0,0,0,3,3,5,3,3,3,4,3,3.375,,,,,,,,,,,,,,,,,,,,,,,,,,,,,,,,,,,,,,,,,,,,
BRA,Brazil,1997,Latin America & Caribbean,High-terrain medium-command sovereign,strategic_transition,0,0,0,0,0,0,1,0,0,0,0,3,3,5,3,3,3,4,3,3.375,,,,,,,,,,,,,,,,,,,,,,,,,,,,,,,,,,,,,,,,,,,,
BRA,Brazil,1998,Latin America & Caribbean,High-terrain medium-command sovereign,strategic_transition,0,0,0,0,0,0,1,0,0,0,0,3,3,5,3,3,3,4,3,3.375,,,,,,,,,,,,,,,,,,,,,,,,,,,,,,,,,,,,,,,,,,,,
BRA,Brazil,1999,Latin America & Caribbean,High-terrain medium-command sovereign,strategic_transition,0,0,0,0,0,0,1,0,0,0,0,3,3,5,3,3,3,4,3,3.375,,,,,,,,,,,,,,,,,,,,,,,,,,,,,,,,,,,,,,,,,,,,
BRA,Brazil,2000,Latin America & Caribbean,High-terrain medium-command sovereign,strategic_transition,0,0,0,0,0,0,1,0,0,0,0,3,3,5,3,3,3,4,3,3.375,,,,,,,,,,,,,,,,,,,,,,,,,,,,,,,,,,,,,,,,,,,,
BRA,Brazil,2001,Latin America & Caribbean,High-terrain medium-command sovereign,strategic_transition,0,0,0,0,0,0,1,0,0,0,0,3,3,5,3,3,3,4,3,3.375,,,,,,,,,,,,,,,,,,,,,,,,,,,,,,,,,,,,,,,,,,,,
BRA,Brazil,2002,Latin America & Caribbean,High-terrain medium-command sovereign,strategic_transition,0,0,0,0,0,0,1,0,0,0,0,3,3,5,3,3,3,4,3,3.375,,,,,,,,,,,,,,,,,,,,,,,,,,,,,,,,,,,,,,,,,,,,
BRA,Brazil,2003,Latin America & Caribbean,High-terrain medium-command sovereign,strategic_transition,0,0,0,0,0,0,1,0,0,0,0,3,3,5,3,3,3,4,3,3.375,,,,,,,,,,,,,,,,,,,,,,,,,,,,,,,,,,,,,,,,,,,,
BRA,Brazil,2004,Latin America & Caribbean,High-terrain medium-command sovereign,strategic_transition,0,0,0,0,0,0,1,0,0,0,0,3,3,5,3,3,3,4,3,3.375,,,,,,,,,,,,,,,,,,,,,,,,,,,,,,,,,,,,,,,,,,,,
BRA,Brazil,2005,Latin America & Caribbean,High-terrain medium-command sovereign,strategic_transition,0,0,0,0,0,0,1,0,0,0,0,3,3,5,3,3,3,4,3,3.375,,,,,,,,,,,,,,,,,,,,,,,,,,,,,,,,,,,,,,,,,,,,
BRA,Brazil,2006,Latin America & Caribbean,High-terrain medium-command sovereign,strategic_transition,0,0,0,0,0,0,1,0,0,0,0,3,3,5,3,3,3,4,3,3.375,,,,,,,,,,,,,,,,,,,,,,,,,,,,,,,,,,,,,,,,,,,,
BRA,Brazil,2007,Latin America & Caribbean,High-terrain medium-command sovereign,strategic_transition,0,0,0,0,0,0,1,0,0,0,0,3,3,5,3,3,3,4,3,3.375,,,,,,,,,,,,,,,,,,,,,,,,,,,,,,,,,,,,,,,,,,,,
BRA,Brazil,2008,Latin America & Caribbean,High-terrain medium-command sovereign,strategic_transition,0,0,0,0,0,0,1,0,0,0,0,3,3,5,3,3,3,4,3,3.375,,,,,,,,,,,,,,,,,,,,,,,,,,,,,,,,,,,,,,,,,,,,
BRA,Brazil,2009,Latin America & Caribbean,High-terrain medium-command sovereign,strategic_transition,0,0,0,0,0,0,1,0,0,0,0,3,3,5,3,3,3,4,3,3.375,,,,,,,,,,,,,,,,,,,,,,,,,,,,,,,,,,,,,,,,,,,,
BRA,Brazil,2010,Latin America & Caribbean,High-terrain medium-command sovereign,strategic_transition,0,0,0,0,0,0,1,0,0,0,0,3,3,5,3,3,3,4,3,3.375,,,,,,,,,,,,,,,,,,,,,,,,,,,,,,,,,,,,,,,,,,,,
BRA,Brazil,2011,Latin America & Caribbean,High-terrain medium-command sovereign,strategic_transition,0,0,0,0,0,0,1,0,0,0,0,3,3,5,3,3,3,4,3,3.375,,,,,,,,,,,,,,,,,,,,,,,,,,,,,,,,,,,,,,,,,,,,
BRA,Brazil,2012,Latin America & Caribbean,High-terrain medium-command sovereign,strategic_transition,0,0,0,0,0,0,1,0,0,0,0,3,3,5,3,3,3,4,3,3.375,,,,,,,,,,,,,,,,,,,,,,,,,,,,,,,,,,,,,,,,,,,,
BRA,Brazil,2013,Latin America & Caribbean,High-terrain medium-command sovereign,strategic_transition,0,0,0,0,0,0,1,0,0,0,0,3,3,5,3,3,3,4,3,3.375,,,,,,,,,,,,,,,,,,,,,,,,,,,,,,,,,,,,,,,,,,,,
BRA,Brazil,2014,Latin America & Caribbean,High-terrain medium-command sovereign,strategic_transition,0,0,0,0,0,0,1,0,0,0,0,3,3,5,3,3,3,4,3,3.375,,,,,,,,,,,,,,,,,,,,,,,,,,,,,,,,,,,,,,,,,,,,
BRA,Brazil,2015,Latin America & Caribbean,High-terrain medium-command sovereign,strategic_transition,0,0,0,0,0,0,1,0,0,0,0,3,3,5,3,3,3,4,3,3.375,,,,,,,,,,,,,,,,,,,,,,,,,,,,,,,,,,,,,,,,,,,,
BRA,Brazil,2016,Latin America & Caribbean,High-terrain medium-command sovereign,strategic_transition,0,0,0,0,0,0,1,0,0,0,0,3,3,5,3,3,3,4,3,3.375,,,,,,,,,,,,,,,,,,,,,,,,,,,,,,,,,,,,,,,,,,,,
BRA,Brazil,2017,Latin America & Caribbean,High-terrain medium-command sovereign,strategic_transition,0,0,0,0,0,0,1,0,0,0,0,3,3,5,3,3,3,4,3,3.375,,,,,,,,,,,,,,,,,,,,,,,,,,,,,,,,,,,,,,,,,,,,
BRA,Brazil,2018,Latin America & Caribbean,High-terrain medium-command sovereign,strategic_transition,0,0,0,0,0,0,1,0,0,0,0,3,3,5,3,3,3,4,3,3.375,,,,,,,,,,,,,,,,,,,,,,,,,,,,,,,,,,,,,,,,,,,,
BRA,Brazil,2019,Latin America & Caribbean,High-terrain medium-command sovereign,strategic_transition,0,0,0,0,0,0,1,0,0,0,0,3,3,5,3,3,3,4,3,3.375,,,,,,,,,,,,,,,,,,,,,,,,,,,,,,,,,,,,,,,,,,,,
BRA,Brazil,2020,Latin America & Caribbean,High-terrain medium-command sovereign,strategic_transition,0,0,0,0,0,0,1,0,0,0,0,3,3,5,3,3,3,4,3,3.375,,,,,,,,,,,,,,,,,,,,,,,,,,,,,,,,,,,,,,,,,,,,
BRA,Brazil,2021,Latin America & Caribbean,High-terrain medium-command sovereign,strategic_transition,0,0,0,0,0,0,1,0,0,0,0,3,3,5,3,3,3,4,3,3.375,,,,,,,,,,,,,,,,,,,,,,,,,,,,,,,,,,,,,,,,,,,,
BRA,Brazil,2022,Latin America & Caribbean,High-terrain medium-command sovereign,strategic_transition,0,0,0,0,0,0,1,0,0,0,0,3,3,5,3,3,3,4,3,3.375,,,,,,,,,,,,,,,,,,,,,,,,,,,,,,,,,,,,,,,,,,,,
BRA,Brazil,2023,Latin America & Caribbean,High-terrain medium-command sovereign,strategic_transition,0,0,0,0,0,0,1,0,0,0,0,3,3,5,3,3,3,4,3,3.375,,,,,,,,,,,,,,,,,,,,,,,,,,,,,,,,,,,,,,,,,,,,
BRA,Brazil,2024,Latin America & Caribbean,High-terrain medium-command sovereign,strategic_transition,0,0,0,0,0,0,1,0,0,0,0,3,3,5,3,3,3,4,3,3.375,,,,,,,,,,,,,,,,,,,,,,,,,,,,,,,,,,,,,,,,,,,,
BRA,Brazil,2025,Latin America & Caribbean,High-terrain medium-command sovereign,strategic_transition,0,0,0,0,0,0,1,0,0,0,0,3,3,5,3,3,3,4,3,3.375,,,,,,,,,,,,,,,,,,,,,,,,,,,,,,,,,,,,,,,,,,,,
CHL,Chile,1980,Latin America & Caribbean,Rule-based commodity-resilience state,resource_conversion,0,0,0,0,1,0,0,0,0,0,0,4,4,4,4,5,4,4,4,4.125,,,,,,,,,,,,,,,,,,,,,,,,,,,,,,,,,,,,,,,,,,,,
CHL,Chile,1981,Latin America & Caribbean,Rule-based commodity-resilience state,resource_conversion,0,0,0,0,1,0,0,0,0,0,0,4,4,4,4,5,4,4,4,4.125,,,,,,,,,,,,,,,,,,,,,,,,,,,,,,,,,,,,,,,,,,,,
CHL,Chile,1982,Latin America & Caribbean,Rule-based commodity-resilience state,resource_conversion,0,0,0,0,1,0,0,0,0,0,0,4,4,4,4,5,4,4,4,4.125,,,,,,,,,,,,,,,,,,,,,,,,,,,,,,,,,,,,,,,,,,,,
CHL,Chile,1983,Latin America & Caribbean,Rule-based commodity-resilience state,resource_conversion,0,0,0,0,1,0,0,0,0,0,0,4,4,4,4,5,4,4,4,4.125,,,,,,,,,,,,,,,,,,,,,,,,,,,,,,,,,,,,,,,,,,,,
CHL,Chile,1984,Latin America & Caribbean,Rule-based commodity-resilience state,resource_conversion,0,0,0,0,1,0,0,0,0,0,0,4,4,4,4,5,4,4,4,4.125,,,,,,,,,,,,,,,,,,,,,,,,,,,,,,,,,,,,,,,,,,,,
CHL,Chile,1985,Latin America & Caribbean,Rule-based commodity-resilience state,resource_conversion,0,0,0,0,1,0,0,0,0,0,0,4,4,4,4,5,4,4,4,4.125,,,,,,,,,,,,,,,,,,,,,,,,,,,,,,,,,,,,,,,,,,,,
CHL,Chile,1986,Latin America & Caribbean,Rule-based commodity-resilience state,resource_conversion,0,0,0,0,1,0,0,0,0,0,0,4,4,4,4,5,4,4,4,4.125,,,,,,,,,,,,,,,,,,,,,,,,,,,,,,,,,,,,,,,,,,,,
CHL,Chile,1987,Latin America & Caribbean,Rule-based commodity-resilience state,resource_conversion,0,0,0,0,1,0,0,0,0,0,0,4,4,4,4,5,4,4,4,4.125,,,,,,,,,,,,,,,,,,,,,,,,,,,,,,,,,,,,,,,,,,,,
CHL,Chile,1988,Latin America & Caribbean,Rule-based commodity-resilience state,resource_conversion,0,0,0,0,1,0,0,0,0,0,0,4,4,4,4,5,4,4,4,4.125,,,,,,,,,,,,,,,,,,,,,,,,,,,,,,,,,,,,,,,,,,,,
CHL,Chile,1989,Latin America & Caribbean,Rule-based commodity-resilience state,resource_conversion,0,0,0,0,1,0,0,0,0,0,0,4,4,4,4,5,4,4,4,4.125,,,,,,,,,,,,,,,,,,,,,,,,,,,,,,,,,,,,,,,,,,,,
CHL,Chile,1990,Latin America & Caribbean,Rule-based commodity-resilience state,resource_conversion,0,0,0,0,1,0,0,0,0,0,0,4,4,4,4,5,4,4,4,4.125,,,,,,,,,,,,,,,,,,,,,,,,,,,,,,,,,,,,,,,,,,,,
CHL,Chile,1991,Latin America & Caribbean,Rule-based commodity-resilience state,resource_conversion,0,0,0,0,1,0,0,0,0,0,0,4,4,4,4,5,4,4,4,4.125,,,,,,,,,,,,,,,,,,,,,,,,,,,,,,,,,,,,,,,,,,,,
CHL,Chile,1992,Latin America & Caribbean,Rule-based commodity-resilience state,resource_conversion,0,0,0,0,1,0,0,0,0,0,0,4,4,4,4,5,4,4,4,4.125,,,,,,,,,,,,,,,,,,,,,,,,,,,,,,,,,,,,,,,,,,,,
CHL,Chile,1993,Latin America & Caribbean,Rule-based commodity-resilience state,resource_conversion,0,0,0,0,1,0,0,0,0,0,0,4,4,4,4,5,4,4,4,4.125,,,,,,,,,,,,,,,,,,,,,,,,,,,,,,,,,,,,,,,,,,,,
CHL,Chile,1994,Latin America & Caribbean,Rule-based commodity-resilience state,resource_conversion,0,0,0,0,1,0,0,0,0,0,0,4,4,4,4,5,4,4,4,4.125,,,,,,,,,,,,,,,,,,,,,,,,,,,,,,,,,,,,,,,,,,,,
CHL,Chile,1995,Latin America & Caribbean,Rule-based commodity-resilience state,resource_conversion,0,0,0,0,1,0,0,0,0,0,0,4,4,4,4,5,4,4,4,4.125,,,,,,,,,,,,,,,,,,,,,,,,,,,,,,,,,,,,,,,,,,,,
CHL,Chile,1996,Latin America & Caribbean,Rule-based commodity-resilience state,resource_conversion,0,0,0,0,1,0,0,0,0,0,0,4,4,4,4,5,4,4,4,4.125,,,,,,,,,,,,,,,,,,,,,,,,,,,,,,,,,,,,,,,,,,,,
CHL,Chile,1997,Latin America & Caribbean,Rule-based commodity-resilience state,resource_conversion,0,0,0,0,1,0,0,0,0,0,0,4,4,4,4,5,4,4,4,4.125,,,,,,,,,,,,,,,,,,,,,,,,,,,,,,,,,,,,,,,,,,,,
CHL,Chile,1998,Latin America & Caribbean,Rule-based commodity-resilience state,resource_conversion,0,0,0,0,1,0,0,0,0,0,0,4,4,4,4,5,4,4,4,4.125,,,,,,,,,,,,,,,,,,,,,,,,,,,,,,,,,,,,,,,,,,,,
CHL,Chile,1999,Latin America & Caribbean,Rule-based commodity-resilience state,resource_conversion,0,0,0,0,1,0,0,0,0,0,0,4,4,4,4,5,4,4,4,4.125,,,,,,,,,,,,,,,,,,,,,,,,,,,,,,,,,,,,,,,,,,,,
CHL,Chile,2000,Latin America & Caribbean,Rule-based commodity-resilience state,resource_conversion,0,0,0,0,1,0,0,0,0,0,0,4,4,4,4,5,4,4,4,4.125,,,,,,,,,,,,,,,,,,,,,,,,,,,,,,,,,,,,,,,,,,,,
CHL,Chile,2001,Latin America & Caribbean,Rule-based commodity-resilience state,resource_conversion,0,0,0,0,1,0,0,0,0,0,0,4,4,4,4,5,4,4,4,4.125,,,,,,,,,,,,,,,,,,,,,,,,,,,,,,,,,,,,,,,,,,,,
CHL,Chile,2002,Latin America & Caribbean,Rule-based commodity-resilience state,resource_conversion,0,0,0,0,1,0,0,0,0,0,0,4,4,4,4,5,4,4,4,4.125,,,,,,,,,,,,,,,,,,,,,,,,,,,,,,,,,,,,,,,,,,,,
CHL,Chile,2003,Latin America & Caribbean,Rule-based commodity-resilience state,resource_conversion,0,0,0,0,1,0,0,0,0,0,0,4,4,4,4,5,4,4,4,4.125,,,,,,,,,,,,,,,,,,,,,,,,,,,,,,,,,,,,,,,,,,,,
CHL,Chile,2004,Latin America & Caribbean,Rule-based commodity-resilience state,resource_conversion,0,0,0,0,1,0,0,0,0,0,0,4,4,4,4,5,4,4,4,4.125,,,,,,,,,,,,,,,,,,,,,,,,,,,,,,,,,,,,,,,,,,,,
CHL,Chile,2005,Latin America & Caribbean,Rule-based commodity-resilience state,resource_conversion,0,0,0,0,1,0,0,0,0,0,0,4,4,4,4,5,4,4,4,4.125,,,,,,,,,,,,,,,,,,,,,,,,,,,,,,,,,,,,,,,,,,,,
CHL,Chile,2006,Latin America & Caribbean,Rule-based commodity-resilience state,resource_conversion,0,0,0,0,1,0,0,0,0,0,0,4,4,4,4,5,4,4,4,4.125,,,,,,,,,,,,,,,,,,,,,,,,,,,,,,,,,,,,,,,,,,,,
CHL,Chile,2007,Latin America & Caribbean,Rule-based commodity-resilience state,resource_conversion,0,0,0,0,1,0,0,0,0,0,0,4,4,4,4,5,4,4,4,4.125,,,,,,,,,,,,,,,,,,,,,,,,,,,,,,,,,,,,,,,,,,,,
CHL,Chile,2008,Latin America & Caribbean,Rule-based commodity-resilience state,resource_conversion,0,0,0,0,1,0,0,0,0,0,0,4,4,4,4,5,4,4,4,4.125,,,,,,,,,,,,,,,,,,,,,,,,,,,,,,,,,,,,,,,,,,,,
CHL,Chile,2009,Latin America & Caribbean,Rule-based commodity-resilience state,resource_conversion,0,0,0,0,1,0,0,0,0,0,0,4,4,4,4,5,4,4,4,4.125,,,,,,,,,,,,,,,,,,,,,,,,,,,,,,,,,,,,,,,,,,,,
CHL,Chile,2010,Latin America & Caribbean,Rule-based commodity-resilience state,resource_conversion,0,0,0,0,1,0,0,0,0,0,0,4,4,4,4,5,4,4,4,4.125,,,,,,,,,,,,,,,,,,,,,,,,,,,,,,,,,,,,,,,,,,,,
CHL,Chile,2011,Latin America & Caribbean,Rule-based commodity-resilience state,resource_conversion,0,0,0,0,1,0,0,0,0,0,0,4,4,4,4,5,4,4,4,4.125,,,,,,,,,,,,,,,,,,,,,,,,,,,,,,,,,,,,,,,,,,,,
CHL,Chile,2012,Latin America & Caribbean,Rule-based commodity-resilience state,resource_conversion,0,0,0,0,1,0,0,0,0,0,0,4,4,4,4,5,4,4,4,4.125,,,,,,,,,,,,,,,,,,,,,,,,,,,,,,,,,,,,,,,,,,,,
CHL,Chile,2013,Latin America & Caribbean,Rule-based commodity-resilience state,resource_conversion,0,0,0,0,1,0,0,0,0,0,0,4,4,4,4,5,4,4,4,4.125,,,,,,,,,,,,,,,,,,,,,,,,,,,,,,,,,,,,,,,,,,,,
CHL,Chile,2014,Latin America & Caribbean,Rule-based commodity-resilience state,resource_conversion,0,0,0,0,1,0,0,0,0,0,0,4,4,4,4,5,4,4,4,4.125,,,,,,,,,,,,,,,,,,,,,,,,,,,,,,,,,,,,,,,,,,,,
CHL,Chile,2015,Latin America & Caribbean,Rule-based commodity-resilience state,resource_conversion,0,0,0,0,1,0,0,0,0,0,0,4,4,4,4,5,4,4,4,4.125,,,,,,,,,,,,,,,,,,,,,,,,,,,,,,,,,,,,,,,,,,,,
CHL,Chile,2016,Latin America & Caribbean,Rule-based commodity-resilience state,resource_conversion,0,0,0,0,1,0,0,0,0,0,0,4,4,4,4,5,4,4,4,4.125,,,,,,,,,,,,,,,,,,,,,,,,,,,,,,,,,,,,,,,,,,,,
CHL,Chile,2017,Latin America & Caribbean,Rule-based commodity-resilience state,resource_conversion,0,0,0,0,1,0,0,0,0,0,0,4,4,4,4,5,4,4,4,4.125,,,,,,,,,,,,,,,,,,,,,,,,,,,,,,,,,,,,,,,,,,,,
CHL,Chile,2018,Latin America & Caribbean,Rule-based commodity-resilience state,resource_conversion,0,0,0,0,1,0,0,0,0,0,0,4,4,4,4,5,4,4,4,4.125,,,,,,,,,,,,,,,,,,,,,,,,,,,,,,,,,,,,,,,,,,,,
CHL,Chile,2019,Latin America & Caribbean,Rule-based commodity-resilience state,resource_conversion,0,0,0,0,1,0,0,0,0,0,0,4,4,4,4,5,4,4,4,4.125,,,,,,,,,,,,,,,,,,,,,,,,,,,,,,,,,,,,,,,,,,,,
CHL,Chile,2020,Latin America & Caribbean,Rule-based commodity-resilience state,resource_conversion,0,0,0,0,1,0,0,0,0,0,0,4,4,4,4,5,4,4,4,4.125,,,,,,,,,,,,,,,,,,,,,,,,,,,,,,,,,,,,,,,,,,,,
CHL,Chile,2021,Latin America & Caribbean,Rule-based commodity-resilience state,resource_conversion,0,0,0,0,1,0,0,0,0,0,0,4,4,4,4,5,4,4,4,4.125,,,,,,,,,,,,,,,,,,,,,,,,,,,,,,,,,,,,,,,,,,,,
CHL,Chile,2022,Latin America & Caribbean,Rule-based commodity-resilience state,resource_conversion,0,0,0,0,1,0,0,0,0,0,0,4,4,4,4,5,4,4,4,4.125,,,,,,,,,,,,,,,,,,,,,,,,,,,,,,,,,,,,,,,,,,,,
CHL,Chile,2023,Latin America & Caribbean,Rule-based commodity-resilience state,resource_conversion,0,0,0,0,1,0,0,0,0,0,0,4,4,4,4,5,4,4,4,4.125,,,,,,,,,,,,,,,,,,,,,,,,,,,,,,,,,,,,,,,,,,,,
CHL,Chile,2024,Latin America & Caribbean,Rule-based commodity-resilience state,resource_conversion,0,0,0,0,1,0,0,0,0,0,0,4,4,4,4,5,4,4,4,4.125,,,,,,,,,,,,,,,,,,,,,,,,,,,,,,,,,,,,,,,,,,,,
CHL,Chile,2025,Latin America & Caribbean,Rule-based commodity-resilience state,resource_conversion,0,0,0,0,1,0,0,0,0,0,0,4,4,4,4,5,4,4,4,4.125,,,,,,,,,,,,,,,,,,,,,,,,,,,,,,,,,,,,,,,,,,,,
MEX,Mexico,1980,Latin America & Caribbean,Strategic transition state,strategic_transition,0,0,0,0,0,0,1,0,0,0,0,3,3,4,3,3,3,4,3,3.25,,,,,,,,,,,,,,,,,,,,,,,,,,,,,,,,,,,,,,,,,,,,
MEX,Mexico,1981,Latin America & Caribbean,Strategic transition state,strategic_transition,0,0,0,0,0,0,1,0,0,0,0,3,3,4,3,3,3,4,3,3.25,,,,,,,,,,,,,,,,,,,,,,,,,,,,,,,,,,,,,,,,,,,,
MEX,Mexico,1982,Latin America & Caribbean,Strategic transition state,strategic_transition,0,0,0,0,0,0,1,0,0,0,0,3,3,4,3,3,3,4,3,3.25,,,,,,,,,,,,,,,,,,,,,,,,,,,,,,,,,,,,,,,,,,,,
MEX,Mexico,1983,Latin America & Caribbean,Strategic transition state,strategic_transition,0,0,0,0,0,0,1,0,0,0,0,3,3,4,3,3,3,4,3,3.25,,,,,,,,,,,,,,,,,,,,,,,,,,,,,,,,,,,,,,,,,,,,
MEX,Mexico,1984,Latin America & Caribbean,Strategic transition state,strategic_transition,0,0,0,0,0,0,1,0,0,0,0,3,3,4,3,3,3,4,3,3.25,,,,,,,,,,,,,,,,,,,,,,,,,,,,,,,,,,,,,,,,,,,,
MEX,Mexico,1985,Latin America & Caribbean,Strategic transition state,strategic_transition,0,0,0,0,0,0,1,0,0,0,0,3,3,4,3,3,3,4,3,3.25,,,,,,,,,,,,,,,,,,,,,,,,,,,,,,,,,,,,,,,,,,,,
MEX,Mexico,1986,Latin America & Caribbean,Strategic transition state,strategic_transition,0,0,0,0,0,0,1,0,0,0,0,3,3,4,3,3,3,4,3,3.25,,,,,,,,,,,,,,,,,,,,,,,,,,,,,,,,,,,,,,,,,,,,
MEX,Mexico,1987,Latin America & Caribbean,Strategic transition state,strategic_transition,0,0,0,0,0,0,1,0,0,0,0,3,3,4,3,3,3,4,3,3.25,,,,,,,,,,,,,,,,,,,,,,,,,,,,,,,,,,,,,,,,,,,,
MEX,Mexico,1988,Latin America & Caribbean,Strategic transition state,strategic_transition,0,0,0,0,0,0,1,0,0,0,0,3,3,4,3,3,3,4,3,3.25,,,,,,,,,,,,,,,,,,,,,,,,,,,,,,,,,,,,,,,,,,,,
MEX,Mexico,1989,Latin America & Caribbean,Strategic transition state,strategic_transition,0,0,0,0,0,0,1,0,0,0,0,3,3,4,3,3,3,4,3,3.25,,,,,,,,,,,,,,,,,,,,,,,,,,,,,,,,,,,,,,,,,,,,
MEX,Mexico,1990,Latin America & Caribbean,Strategic transition state,strategic_transition,0,0,0,0,0,0,1,0,0,0,0,3,3,4,3,3,3,4,3,3.25,,,,,,,,,,,,,,,,,,,,,,,,,,,,,,,,,,,,,,,,,,,,
MEX,Mexico,1991,Latin America & Caribbean,Strategic transition state,strategic_transition,0,0,0,0,0,0,1,0,0,0,0,3,3,4,3,3,3,4,3,3.25,,,,,,,,,,,,,,,,,,,,,,,,,,,,,,,,,,,,,,,,,,,,
MEX,Mexico,1992,Latin America & Caribbean,Strategic transition state,strategic_transition,0,0,0,0,0,0,1,0,0,0,0,3,3,4,3,3,3,4,3,3.25,,,,,,,,,,,,,,,,,,,,,,,,,,,,,,,,,,,,,,,,,,,,
MEX,Mexico,1993,Latin America & Caribbean,Strategic transition state,strategic_transition,0,0,0,0,0,0,1,0,0,0,0,3,3,4,3,3,3,4,3,3.25,,,,,,,,,,,,,,,,,,,,,,,,,,,,,,,,,,,,,,,,,,,,
MEX,Mexico,1994,Latin America & Caribbean,Strategic transition state,strategic_transition,0,0,0,0,0,0,1,0,0,0,0,3,3,4,3,3,3,4,3,3.25,,,,,,,,,,,,,,,,,,,,,,,,,,,,,,,,,,,,,,,,,,,,
MEX,Mexico,1995,Latin America & Caribbean,Strategic transition state,strategic_transition,0,0,0,0,0,0,1,0,0,0,0,3,3,4,3,3,3,4,3,3.25,,,,,,,,,,,,,,,,,,,,,,,,,,,,,,,,,,,,,,,,,,,,
MEX,Mexico,1996,Latin America & Caribbean,Strategic transition state,strategic_transition,0,0,0,0,0,0,1,0,0,0,0,3,3,4,3,3,3,4,3,3.25,,,,,,,,,,,,,,,,,,,,,,,,,,,,,,,,,,,,,,,,,,,,
MEX,Mexico,1997,Latin America & Caribbean,Strategic transition state,strategic_transition,0,0,0,0,0,0,1,0,0,0,0,3,3,4,3,3,3,4,3,3.25,,,,,,,,,,,,,,,,,,,,,,,,,,,,,,,,,,,,,,,,,,,,
MEX,Mexico,1998,Latin America & Caribbean,Strategic transition state,strategic_transition,0,0,0,0,0,0,1,0,0,0,0,3,3,4,3,3,3,4,3,3.25,,,,,,,,,,,,,,,,,,,,,,,,,,,,,,,,,,,,,,,,,,,,
MEX,Mexico,1999,Latin America & Caribbean,Strategic transition state,strategic_transition,0,0,0,0,0,0,1,0,0,0,0,3,3,4,3,3,3,4,3,3.25,,,,,,,,,,,,,,,,,,,,,,,,,,,,,,,,,,,,,,,,,,,,
MEX,Mexico,2000,Latin America & Caribbean,Strategic transition state,strategic_transition,0,0,0,0,0,0,1,0,0,0,0,3,3,4,3,3,3,4,3,3.25,,,,,,,,,,,,,,,,,,,,,,,,,,,,,,,,,,,,,,,,,,,,
MEX,Mexico,2001,Latin America & Caribbean,Strategic transition state,strategic_transition,0,0,0,0,0,0,1,0,0,0,0,3,3,4,3,3,3,4,3,3.25,,,,,,,,,,,,,,,,,,,,,,,,,,,,,,,,,,,,,,,,,,,,
MEX,Mexico,2002,Latin America & Caribbean,Strategic transition state,strategic_transition,0,0,0,0,0,0,1,0,0,0,0,3,3,4,3,3,3,4,3,3.25,,,,,,,,,,,,,,,,,,,,,,,,,,,,,,,,,,,,,,,,,,,,
MEX,Mexico,2003,Latin America & Caribbean,Strategic transition state,strategic_transition,0,0,0,0,0,0,1,0,0,0,0,3,3,4,3,3,3,4,3,3.25,,,,,,,,,,,,,,,,,,,,,,,,,,,,,,,,,,,,,,,,,,,,
MEX,Mexico,2004,Latin America & Caribbean,Strategic transition state,strategic_transition,0,0,0,0,0,0,1,0,0,0,0,3,3,4,3,3,3,4,3,3.25,,,,,,,,,,,,,,,,,,,,,,,,,,,,,,,,,,,,,,,,,,,,
MEX,Mexico,2005,Latin America & Caribbean,Strategic transition state,strategic_transition,0,0,0,0,0,0,1,0,0,0,0,3,3,4,3,3,3,4,3,3.25,,,,,,,,,,,,,,,,,,,,,,,,,,,,,,,,,,,,,,,,,,,,
MEX,Mexico,2006,Latin America & Caribbean,Strategic transition state,strategic_transition,0,0,0,0,0,0,1,0,0,0,0,3,3,4,3,3,3,4,3,3.25,,,,,,,,,,,,,,,,,,,,,,,,,,,,,,,,,,,,,,,,,,,,
MEX,Mexico,2007,Latin America & Caribbean,Strategic transition state,strategic_transition,0,0,0,0,0,0,1,0,0,0,0,3,3,4,3,3,3,4,3,3.25,,,,,,,,,,,,,,,,,,,,,,,,,,,,,,,,,,,,,,,,,,,,
MEX,Mexico,2008,Latin America & Caribbean,Strategic transition state,strategic_transition,0,0,0,0,0,0,1,0,0,0,0,3,3,4,3,3,3,4,3,3.25,,,,,,,,,,,,,,,,,,,,,,,,,,,,,,,,,,,,,,,,,,,,
MEX,Mexico,2009,Latin America & Caribbean,Strategic transition state,strategic_transition,0,0,0,0,0,0,1,0,0,0,0,3,3,4,3,3,3,4,3,3.25,,,,,,,,,,,,,,,,,,,,,,,,,,,,,,,,,,,,,,,,,,,,
MEX,Mexico,2010,Latin America & Caribbean,Strategic transition state,strategic_transition,0,0,0,0,0,0,1,0,0,0,0,3,3,4,3,3,3,4,3,3.25,,,,,,,,,,,,,,,,,,,,,,,,,,,,,,,,,,,,,,,,,,,,
MEX,Mexico,2011,Latin America & Caribbean,Strategic transition state,strategic_transition,0,0,0,0,0,0,1,0,0,0,0,3,3,4,3,3,3,4,3,3.25,,,,,,,,,,,,,,,,,,,,,,,,,,,,,,,,,,,,,,,,,,,,
MEX,Mexico,2012,Latin America & Caribbean,Strategic transition state,strategic_transition,0,0,0,0,0,0,1,0,0,0,0,3,3,4,3,3,3,4,3,3.25,,,,,,,,,,,,,,,,,,,,,,,,,,,,,,,,,,,,,,,,,,,,
MEX,Mexico,2013,Latin America & Caribbean,Strategic transition state,strategic_transition,0,0,0,0,0,0,1,0,0,0,0,3,3,4,3,3,3,4,3,3.25,,,,,,,,,,,,,,,,,,,,,,,,,,,,,,,,,,,,,,,,,,,,
MEX,Mexico,2014,Latin America & Caribbean,Strategic transition state,strategic_transition,0,0,0,0,0,0,1,0,0,0,0,3,3,4,3,3,3,4,3,3.25,,,,,,,,,,,,,,,,,,,,,,,,,,,,,,,,,,,,,,,,,,,,
MEX,Mexico,2015,Latin America & Caribbean,Strategic transition state,strategic_transition,0,0,0,0,0,0,1,0,0,0,0,3,3,4,3,3,3,4,3,3.25,,,,,,,,,,,,,,,,,,,,,,,,,,,,,,,,,,,,,,,,,,,,
MEX,Mexico,2016,Latin America & Caribbean,Strategic transition state,strategic_transition,0,0,0,0,0,0,1,0,0,0,0,3,3,4,3,3,3,4,3,3.25,,,,,,,,,,,,,,,,,,,,,,,,,,,,,,,,,,,,,,,,,,,,
MEX,Mexico,2017,Latin America & Caribbean,Strategic transition state,strategic_transition,0,0,0,0,0,0,1,0,0,0,0,3,3,4,3,3,3,4,3,3.25,,,,,,,,,,,,,,,,,,,,,,,,,,,,,,,,,,,,,,,,,,,,
MEX,Mexico,2018,Latin America & Caribbean,Strategic transition state,strategic_transition,0,0,0,0,0,0,1,0,0,0,0,3,3,4,3,3,3,4,3,3.25,,,,,,,,,,,,,,,,,,,,,,,,,,,,,,,,,,,,,,,,,,,,
MEX,Mexico,2019,Latin America & Caribbean,Strategic transition state,strategic_transition,0,0,0,0,0,0,1,0,0,0,0,3,3,4,3,3,3,4,3,3.25,,,,,,,,,,,,,,,,,,,,,,,,,,,,,,,,,,,,,,,,,,,,
MEX,Mexico,2020,Latin America & Caribbean,Strategic transition state,strategic_transition,0,0,0,0,0,0,1,0,0,0,0,3,3,4,3,3,3,4,3,3.25,,,,,,,,,,,,,,,,,,,,,,,,,,,,,,,,,,,,,,,,,,,,
MEX,Mexico,2021,Latin America & Caribbean,Strategic transition state,strategic_transition,0,0,0,0,0,0,1,0,0,0,0,3,3,4,3,3,3,4,3,3.25,,,,,,,,,,,,,,,,,,,,,,,,,,,,,,,,,,,,,,,,,,,,
MEX,Mexico,2022,Latin America & Caribbean,Strategic transition state,strategic_transition,0,0,0,0,0,0,1,0,0,0,0,3,3,4,3,3,3,4,3,3.25,,,,,,,,,,,,,,,,,,,,,,,,,,,,,,,,,,,,,,,,,,,,
MEX,Mexico,2023,Latin America & Caribbean,Strategic transition state,strategic_transition,0,0,0,0,0,0,1,0,0,0,0,3,3,4,3,3,3,4,3,3.25,,,,,,,,,,,,,,,,,,,,,,,,,,,,,,,,,,,,,,,,,,,,
MEX,Mexico,2024,Latin America & Caribbean,Strategic transition state,strategic_transition,0,0,0,0,0,0,1,0,0,0,0,3,3,4,3,3,3,4,3,3.25,,,,,,,,,,,,,,,,,,,,,,,,,,,,,,,,,,,,,,,,,,,,
MEX,Mexico,2025,Latin America & Caribbean,Strategic transition state,strategic_transition,0,0,0,0,0,0,1,0,0,0,0,3,3,4,3,3,3,4,3,3.25,,,,,,,,,,,,,,,,,,,,,,,,,,,,,,,,,,,,,,,,,,,,
DEU,Germany,1980,Europe & Central Asia,Disciplined industrial sovereign under transition,geoeconomic_pressure,0,0,0,0,0,0,0,0,1,0,0,4,3,5,4,5,4,4,4,4.125,,,,,,,,,,,,,,,,,,,,,,,,,,,,,,,,,,,,,,,,,,,,
DEU,Germany,1981,Europe & Central Asia,Disciplined industrial sovereign under transition,geoeconomic_pressure,0,0,0,0,0,0,0,0,1,0,0,4,3,5,4,5,4,4,4,4.125,,,,,,,,,,,,,,,,,,,,,,,,,,,,,,,,,,,,,,,,,,,,
DEU,Germany,1982,Europe & Central Asia,Disciplined industrial sovereign under transition,geoeconomic_pressure,0,0,0,0,0,0,0,0,1,0,0,4,3,5,4,5,4,4,4,4.125,,,,,,,,,,,,,,,,,,,,,,,,,,,,,,,,,,,,,,,,,,,,
DEU,Germany,1983,Europe & Central Asia,Disciplined industrial sovereign under transition,geoeconomic_pressure,0,0,0,0,0,0,0,0,1,0,0,4,3,5,4,5,4,4,4,4.125,,,,,,,,,,,,,,,,,,,,,,,,,,,,,,,,,,,,,,,,,,,,
DEU,Germany,1984,Europe & Central Asia,Disciplined industrial sovereign under transition,geoeconomic_pressure,0,0,0,0,0,0,0,0,1,0,0,4,3,5,4,5,4,4,4,4.125,,,,,,,,,,,,,,,,,,,,,,,,,,,,,,,,,,,,,,,,,,,,
DEU,Germany,1985,Europe & Central Asia,Disciplined industrial sovereign under transition,geoeconomic_pressure,0,0,0,0,0,0,0,0,1,0,0,4,3,5,4,5,4,4,4,4.125,,,,,,,,,,,,,,,,,,,,,,,,,,,,,,,,,,,,,,,,,,,,
DEU,Germany,1986,Europe & Central Asia,Disciplined industrial sovereign under transition,geoeconomic_pressure,0,0,0,0,0,0,0,0,1,0,0,4,3,5,4,5,4,4,4,4.125,,,,,,,,,,,,,,,,,,,,,,,,,,,,,,,,,,,,,,,,,,,,
DEU,Germany,1987,Europe & Central Asia,Disciplined industrial sovereign under transition,geoeconomic_pressure,0,0,0,0,0,0,0,0,1,0,0,4,3,5,4,5,4,4,4,4.125,,,,,,,,,,,,,,,,,,,,,,,,,,,,,,,,,,,,,,,,,,,,
DEU,Germany,1988,Europe & Central Asia,Disciplined industrial sovereign under transition,geoeconomic_pressure,0,0,0,0,0,0,0,0,1,0,0,4,3,5,4,5,4,4,4,4.125,,,,,,,,,,,,,,,,,,,,,,,,,,,,,,,,,,,,,,,,,,,,
DEU,Germany,1989,Europe & Central Asia,Disciplined industrial sovereign under transition,geoeconomic_pressure,0,0,0,0,0,0,0,0,1,0,0,4,3,5,4,5,4,4,4,4.125,,,,,,,,,,,,,,,,,,,,,,,,,,,,,,,,,,,,,,,,,,,,
DEU,Germany,1990,Europe & Central Asia,Disciplined industrial sovereign under transition,geoeconomic_pressure,0,0,0,0,0,0,0,0,1,0,0,4,3,5,4,5,4,4,4,4.125,,,,,,,,,,,,,,,,,,,,,,,,,,,,,,,,,,,,,,,,,,,,
DEU,Germany,1991,Europe & Central Asia,Disciplined industrial sovereign under transition,geoeconomic_pressure,0,0,0,0,0,0,0,0,1,0,0,4,3,5,4,5,4,4,4,4.125,,,,,,,,,,,,,,,,,,,,,,,,,,,,,,,,,,,,,,,,,,,,
DEU,Germany,1992,Europe & Central Asia,Disciplined industrial sovereign under transition,geoeconomic_pressure,0,0,0,0,0,0,0,0,1,0,0,4,3,5,4,5,4,4,4,4.125,,,,,,,,,,,,,,,,,,,,,,,,,,,,,,,,,,,,,,,,,,,,
DEU,Germany,1993,Europe & Central Asia,Disciplined industrial sovereign under transition,geoeconomic_pressure,0,0,0,0,0,0,0,0,1,0,0,4,3,5,4,5,4,4,4,4.125,,,,,,,,,,,,,,,,,,,,,,,,,,,,,,,,,,,,,,,,,,,,
DEU,Germany,1994,Europe & Central Asia,Disciplined industrial sovereign under transition,geoeconomic_pressure,0,0,0,0,0,0,0,0,1,0,0,4,3,5,4,5,4,4,4,4.125,,,,,,,,,,,,,,,,,,,,,,,,,,,,,,,,,,,,,,,,,,,,
DEU,Germany,1995,Europe & Central Asia,Disciplined industrial sovereign under transition,geoeconomic_pressure,0,0,0,0,0,0,0,0,1,0,0,4,3,5,4,5,4,4,4,4.125,,,,,,,,,,,,,,,,,,,,,,,,,,,,,,,,,,,,,,,,,,,,
DEU,Germany,1996,Europe & Central Asia,Disciplined industrial sovereign under transition,geoeconomic_pressure,0,0,0,0,0,0,0,0,1,0,0,4,3,5,4,5,4,4,4,4.125,,,,,,,,,,,,,,,,,,,,,,,,,,,,,,,,,,,,,,,,,,,,
DEU,Germany,1997,Europe & Central Asia,Disciplined industrial sovereign under transition,geoeconomic_pressure,0,0,0,0,0,0,0,0,1,0,0,4,3,5,4,5,4,4,4,4.125,,,,,,,,,,,,,,,,,,,,,,,,,,,,,,,,,,,,,,,,,,,,
DEU,Germany,1998,Europe & Central Asia,Disciplined industrial sovereign under transition,geoeconomic_pressure,0,0,0,0,0,0,0,0,1,0,0,4,3,5,4,5,4,4,4,4.125,,,,,,,,,,,,,,,,,,,,,,,,,,,,,,,,,,,,,,,,,,,,
DEU,Germany,1999,Europe & Central Asia,Disciplined industrial sovereign under transition,geoeconomic_pressure,0,0,0,0,0,0,0,0,1,0,0,4,3,5,4,5,4,4,4,4.125,,,,,,,,,,,,,,,,,,,,,,,,,,,,,,,,,,,,,,,,,,,,
DEU,Germany,2000,Europe & Central Asia,Disciplined industrial sovereign under transition,geoeconomic_pressure,0,0,0,0,0,0,0,0,1,0,0,4,3,5,4,5,4,4,4,4.125,,,,,,,,,,,,,,,,,,,,,,,,,,,,,,,,,,,,,,,,,,,,
DEU,Germany,2001,Europe & Central Asia,Disciplined industrial sovereign under transition,geoeconomic_pressure,0,0,0,0,0,0,0,0,1,0,0,4,3,5,4,5,4,4,4,4.125,,,,,,,,,,,,,,,,,,,,,,,,,,,,,,,,,,,,,,,,,,,,
DEU,Germany,2002,Europe & Central Asia,Disciplined industrial sovereign under transition,geoeconomic_pressure,0,0,0,0,0,0,0,0,1,0,0,4,3,5,4,5,4,4,4,4.125,,,,,,,,,,,,,,,,,,,,,,,,,,,,,,,,,,,,,,,,,,,,
DEU,Germany,2003,Europe & Central Asia,Disciplined industrial sovereign under transition,geoeconomic_pressure,0,0,0,0,0,0,0,0,1,0,0,4,3,5,4,5,4,4,4,4.125,,,,,,,,,,,,,,,,,,,,,,,,,,,,,,,,,,,,,,,,,,,,
DEU,Germany,2004,Europe & Central Asia,Disciplined industrial sovereign under transition,geoeconomic_pressure,0,0,0,0,0,0,0,0,1,0,0,4,3,5,4,5,4,4,4,4.125,,,,,,,,,,,,,,,,,,,,,,,,,,,,,,,,,,,,,,,,,,,,
DEU,Germany,2005,Europe & Central Asia,Disciplined industrial sovereign under transition,geoeconomic_pressure,0,0,0,0,0,0,0,0,1,0,0,4,3,5,4,5,4,4,4,4.125,,,,,,,,,,,,,,,,,,,,,,,,,,,,,,,,,,,,,,,,,,,,
DEU,Germany,2006,Europe & Central Asia,Disciplined industrial sovereign under transition,geoeconomic_pressure,0,0,0,0,0,0,0,0,1,0,0,4,3,5,4,5,4,4,4,4.125,,,,,,,,,,,,,,,,,,,,,,,,,,,,,,,,,,,,,,,,,,,,
DEU,Germany,2007,Europe & Central Asia,Disciplined industrial sovereign under transition,geoeconomic_pressure,0,0,0,0,0,0,0,0,1,0,0,4,3,5,4,5,4,4,4,4.125,,,,,,,,,,,,,,,,,,,,,,,,,,,,,,,,,,,,,,,,,,,,
DEU,Germany,2008,Europe & Central Asia,Disciplined industrial sovereign under transition,geoeconomic_pressure,0,0,0,0,0,0,0,0,1,0,0,4,3,5,4,5,4,4,4,4.125,,,,,,,,,,,,,,,,,,,,,,,,,,,,,,,,,,,,,,,,,,,,
DEU,Germany,2009,Europe & Central Asia,Disciplined industrial sovereign under transition,geoeconomic_pressure,0,0,0,0,0,0,0,0,1,0,0,4,3,5,4,5,4,4,4,4.125,,,,,,,,,,,,,,,,,,,,,,,,,,,,,,,,,,,,,,,,,,,,
DEU,Germany,2010,Europe & Central Asia,Disciplined industrial sovereign under transition,geoeconomic_pressure,0,0,0,0,0,0,0,0,1,0,0,4,3,5,4,5,4,4,4,4.125,,,,,,,,,,,,,,,,,,,,,,,,,,,,,,,,,,,,,,,,,,,,
DEU,Germany,2011,Europe & Central Asia,Disciplined industrial sovereign under transition,geoeconomic_pressure,0,0,0,0,0,0,0,0,1,0,0,4,3,5,4,5,4,4,4,4.125,,,,,,,,,,,,,,,,,,,,,,,,,,,,,,,,,,,,,,,,,,,,
DEU,Germany,2012,Europe & Central Asia,Disciplined industrial sovereign under transition,geoeconomic_pressure,0,0,0,0,0,0,0,0,1,0,0,4,3,5,4,5,4,4,4,4.125,,,,,,,,,,,,,,,,,,,,,,,,,,,,,,,,,,,,,,,,,,,,
DEU,Germany,2013,Europe & Central Asia,Disciplined industrial sovereign under transition,geoeconomic_pressure,0,0,0,0,0,0,0,0,1,0,0,4,3,5,4,5,4,4,4,4.125,,,,,,,,,,,,,,,,,,,,,,,,,,,,,,,,,,,,,,,,,,,,
DEU,Germany,2014,Europe & Central Asia,Disciplined industrial sovereign under transition,geoeconomic_pressure,0,0,0,0,0,0,0,0,1,0,0,4,3,5,4,5,4,4,4,4.125,,,,,,,,,,,,,,,,,,,,,,,,,,,,,,,,,,,,,,,,,,,,
DEU,Germany,2015,Europe & Central Asia,Disciplined industrial sovereign under transition,geoeconomic_pressure,0,0,0,0,0,0,0,0,1,0,0,4,3,5,4,5,4,4,4,4.125,,,,,,,,,,,,,,,,,,,,,,,,,,,,,,,,,,,,,,,,,,,,
DEU,Germany,2016,Europe & Central Asia,Disciplined industrial sovereign under transition,geoeconomic_pressure,0,0,0,0,0,0,0,0,1,0,0,4,3,5,4,5,4,4,4,4.125,,,,,,,,,,,,,,,,,,,,,,,,,,,,,,,,,,,,,,,,,,,,
DEU,Germany,2017,Europe & Central Asia,Disciplined industrial sovereign under transition,geoeconomic_pressure,0,0,0,0,0,0,0,0,1,0,0,4,3,5,4,5,4,4,4,4.125,,,,,,,,,,,,,,,,,,,,,,,,,,,,,,,,,,,,,,,,,,,,
DEU,Germany,2018,Europe & Central Asia,Disciplined industrial sovereign under transition,geoeconomic_pressure,0,0,0,0,0,0,0,0,1,0,0,4,3,5,4,5,4,4,4,4.125,,,,,,,,,,,,,,,,,,,,,,,,,,,,,,,,,,,,,,,,,,,,
DEU,Germany,2019,Europe & Central Asia,Disciplined industrial sovereign under transition,geoeconomic_pressure,0,0,0,0,0,0,0,0,1,0,0,4,3,5,4,5,4,4,4,4.125,,,,,,,,,,,,,,,,,,,,,,,,,,,,,,,,,,,,,,,,,,,,
DEU,Germany,2020,Europe & Central Asia,Disciplined industrial sovereign under transition,geoeconomic_pressure,0,0,0,0,0,0,0,0,1,0,0,4,3,5,4,5,4,4,4,4.125,,,,,,,,,,,,,,,,,,,,,,,,,,,,,,,,,,,,,,,,,,,,
DEU,Germany,2021,Europe & Central Asia,Disciplined industrial sovereign under transition,geoeconomic_pressure,0,0,0,0,0,0,0,0,1,0,0,4,3,5,4,5,4,4,4,4.125,,,,,,,,,,,,,,,,,,,,,,,,,,,,,,,,,,,,,,,,,,,,
DEU,Germany,2022,Europe & Central Asia,Disciplined industrial sovereign under transition,geoeconomic_pressure,0,0,0,0,0,0,0,0,1,0,0,4,3,5,4,5,4,4,4,4.125,,,,,,,,,,,,,,,,,,,,,,,,,,,,,,,,,,,,,,,,,,,,
DEU,Germany,2023,Europe & Central Asia,Disciplined industrial sovereign under transition,geoeconomic_pressure,0,0,0,0,0,0,0,0,1,0,0,4,3,5,4,5,4,4,4,4.125,,,,,,,,,,,,,,,,,,,,,,,,,,,,,,,,,,,,,,,,,,,,
DEU,Germany,2024,Europe & Central Asia,Disciplined industrial sovereign under transition,geoeconomic_pressure,0,0,0,0,0,0,0,0,1,0,0,4,3,5,4,5,4,4,4,4.125,,,,,,,,,,,,,,,,,,,,,,,,,,,,,,,,,,,,,,,,,,,,
DEU,Germany,2025,Europe & Central Asia,Disciplined industrial sovereign under transition,geoeconomic_pressure,0,0,0,0,0,0,0,0,1,0,0,4,3,5,4,5,4,4,4,4.125,,,,,,,,,,,,,,,,,,,,,,,,,,,,,,,,,,,,,,,,,,,,
POL,Poland,1980,Europe & Central Asia,Strategic transition state,geoeconomic_pressure,0,0,0,0,0,0,0,0,1,0,0,3,4,4,4,4,4,4,4,3.875,,,,,,,,,,,,,,,,,,,,,,,,,,,,,,,,,,,,,,,,,,,,
POL,Poland,1981,Europe & Central Asia,Strategic transition state,geoeconomic_pressure,0,0,0,0,0,0,0,0,1,0,0,3,4,4,4,4,4,4,4,3.875,,,,,,,,,,,,,,,,,,,,,,,,,,,,,,,,,,,,,,,,,,,,
POL,Poland,1982,Europe & Central Asia,Strategic transition state,geoeconomic_pressure,0,0,0,0,0,0,0,0,1,0,0,3,4,4,4,4,4,4,4,3.875,,,,,,,,,,,,,,,,,,,,,,,,,,,,,,,,,,,,,,,,,,,,
POL,Poland,1983,Europe & Central Asia,Strategic transition state,geoeconomic_pressure,0,0,0,0,0,0,0,0,1,0,0,3,4,4,4,4,4,4,4,3.875,,,,,,,,,,,,,,,,,,,,,,,,,,,,,,,,,,,,,,,,,,,,
POL,Poland,1984,Europe & Central Asia,Strategic transition state,geoeconomic_pressure,0,0,0,0,0,0,0,0,1,0,0,3,4,4,4,4,4,4,4,3.875,,,,,,,,,,,,,,,,,,,,,,,,,,,,,,,,,,,,,,,,,,,,
POL,Poland,1985,Europe & Central Asia,Strategic transition state,geoeconomic_pressure,0,0,0,0,0,0,0,0,1,0,0,3,4,4,4,4,4,4,4,3.875,,,,,,,,,,,,,,,,,,,,,,,,,,,,,,,,,,,,,,,,,,,,
POL,Poland,1986,Europe & Central Asia,Strategic transition state,geoeconomic_pressure,0,0,0,0,0,0,0,0,1,0,0,3,4,4,4,4,4,4,4,3.875,,,,,,,,,,,,,,,,,,,,,,,,,,,,,,,,,,,,,,,,,,,,
POL,Poland,1987,Europe & Central Asia,Strategic transition state,geoeconomic_pressure,0,0,0,0,0,0,0,0,1,0,0,3,4,4,4,4,4,4,4,3.875,,,,,,,,,,,,,,,,,,,,,,,,,,,,,,,,,,,,,,,,,,,,
POL,Poland,1988,Europe & Central Asia,Strategic transition state,geoeconomic_pressure,0,0,0,0,0,0,0,0,1,0,0,3,4,4,4,4,4,4,4,3.875,,,,,,,,,,,,,,,,,,,,,,,,,,,,,,,,,,,,,,,,,,,,
POL,Poland,1989,Europe & Central Asia,Strategic transition state,geoeconomic_pressure,0,0,0,0,0,0,0,0,1,0,0,3,4,4,4,4,4,4,4,3.875,,,,,,,,,,,,,,,,,,,,,,,,,,,,,,,,,,,,,,,,,,,,
POL,Poland,1990,Europe & Central Asia,Strategic transition state,geoeconomic_pressure,0,0,0,0,0,0,0,0,1,0,0,3,4,4,4,4,4,4,4,3.875,,,,,,,,,,,,,,,,,,,,,,,,,,,,,,,,,,,,,,,,,,,,
POL,Poland,1991,Europe & Central Asia,Strategic transition state,geoeconomic_pressure,0,0,0,0,0,0,0,0,1,0,0,3,4,4,4,4,4,4,4,3.875,,,,,,,,,,,,,,,,,,,,,,,,,,,,,,,,,,,,,,,,,,,,
POL,Poland,1992,Europe & Central Asia,Strategic transition state,geoeconomic_pressure,0,0,0,0,0,0,0,0,1,0,0,3,4,4,4,4,4,4,4,3.875,,,,,,,,,,,,,,,,,,,,,,,,,,,,,,,,,,,,,,,,,,,,
POL,Poland,1993,Europe & Central Asia,Strategic transition state,geoeconomic_pressure,0,0,0,0,0,0,0,0,1,0,0,3,4,4,4,4,4,4,4,3.875,,,,,,,,,,,,,,,,,,,,,,,,,,,,,,,,,,,,,,,,,,,,
POL,Poland,1994,Europe & Central Asia,Strategic transition state,geoeconomic_pressure,0,0,0,0,0,0,0,0,1,0,0,3,4,4,4,4,4,4,4,3.875,,,,,,,,,,,,,,,,,,,,,,,,,,,,,,,,,,,,,,,,,,,,
POL,Poland,1995,Europe & Central Asia,Strategic transition state,geoeconomic_pressure,0,0,0,0,0,0,0,0,1,0,0,3,4,4,4,4,4,4,4,3.875,,,,,,,,,,,,,,,,,,,,,,,,,,,,,,,,,,,,,,,,,,,,
POL,Poland,1996,Europe & Central Asia,Strategic transition state,geoeconomic_pressure,0,0,0,0,0,0,0,0,1,0,0,3,4,4,4,4,4,4,4,3.875,,,,,,,,,,,,,,,,,,,,,,,,,,,,,,,,,,,,,,,,,,,,
POL,Poland,1997,Europe & Central Asia,Strategic transition state,geoeconomic_pressure,0,0,0,0,0,0,0,0,1,0,0,3,4,4,4,4,4,4,4,3.875,,,,,,,,,,,,,,,,,,,,,,,,,,,,,,,,,,,,,,,,,,,,
POL,Poland,1998,Europe & Central Asia,Strategic transition state,geoeconomic_pressure,0,0,0,0,0,0,0,0,1,0,0,3,4,4,4,4,4,4,4,3.875,,,,,,,,,,,,,,,,,,,,,,,,,,,,,,,,,,,,,,,,,,,,
POL,Poland,1999,Europe & Central Asia,Strategic transition state,geoeconomic_pressure,0,0,0,0,0,0,0,0,1,0,0,3,4,4,4,4,4,4,4,3.875,,,,,,,,,,,,,,,,,,,,,,,,,,,,,,,,,,,,,,,,,,,,
POL,Poland,2000,Europe & Central Asia,Strategic transition state,geoeconomic_pressure,0,0,0,0,0,0,0,0,1,0,0,3,4,4,4,4,4,4,4,3.875,,,,,,,,,,,,,,,,,,,,,,,,,,,,,,,,,,,,,,,,,,,,
POL,Poland,2001,Europe & Central Asia,Strategic transition state,geoeconomic_pressure,0,0,0,0,0,0,0,0,1,0,0,3,4,4,4,4,4,4,4,3.875,,,,,,,,,,,,,,,,,,,,,,,,,,,,,,,,,,,,,,,,,,,,
POL,Poland,2002,Europe & Central Asia,Strategic transition state,geoeconomic_pressure,0,0,0,0,0,0,0,0,1,0,0,3,4,4,4,4,4,4,4,3.875,,,,,,,,,,,,,,,,,,,,,,,,,,,,,,,,,,,,,,,,,,,,
POL,Poland,2003,Europe & Central Asia,Strategic transition state,geoeconomic_pressure,0,0,0,0,0,0,0,0,1,0,0,3,4,4,4,4,4,4,4,3.875,,,,,,,,,,,,,,,,,,,,,,,,,,,,,,,,,,,,,,,,,,,,
POL,Poland,2004,Europe & Central Asia,Strategic transition state,geoeconomic_pressure,0,0,0,0,0,0,0,0,1,0,0,3,4,4,4,4,4,4,4,3.875,,,,,,,,,,,,,,,,,,,,,,,,,,,,,,,,,,,,,,,,,,,,
POL,Poland,2005,Europe & Central Asia,Strategic transition state,geoeconomic_pressure,0,0,0,0,0,0,0,0,1,0,0,3,4,4,4,4,4,4,4,3.875,,,,,,,,,,,,,,,,,,,,,,,,,,,,,,,,,,,,,,,,,,,,
POL,Poland,2006,Europe & Central Asia,Strategic transition state,geoeconomic_pressure,0,0,0,0,0,0,0,0,1,0,0,3,4,4,4,4,4,4,4,3.875,,,,,,,,,,,,,,,,,,,,,,,,,,,,,,,,,,,,,,,,,,,,
POL,Poland,2007,Europe & Central Asia,Strategic transition state,geoeconomic_pressure,0,0,0,0,0,0,0,0,1,0,0,3,4,4,4,4,4,4,4,3.875,,,,,,,,,,,,,,,,,,,,,,,,,,,,,,,,,,,,,,,,,,,,
POL,Poland,2008,Europe & Central Asia,Strategic transition state,geoeconomic_pressure,0,0,0,0,0,0,0,0,1,0,0,3,4,4,4,4,4,4,4,3.875,,,,,,,,,,,,,,,,,,,,,,,,,,,,,,,,,,,,,,,,,,,,
POL,Poland,2009,Europe & Central Asia,Strategic transition state,geoeconomic_pressure,0,0,0,0,0,0,0,0,1,0,0,3,4,4,4,4,4,4,4,3.875,,,,,,,,,,,,,,,,,,,,,,,,,,,,,,,,,,,,,,,,,,,,
POL,Poland,2010,Europe & Central Asia,Strategic transition state,geoeconomic_pressure,0,0,0,0,0,0,0,0,1,0,0,3,4,4,4,4,4,4,4,3.875,,,,,,,,,,,,,,,,,,,,,,,,,,,,,,,,,,,,,,,,,,,,
POL,Poland,2011,Europe & Central Asia,Strategic transition state,geoeconomic_pressure,0,0,0,0,0,0,0,0,1,0,0,3,4,4,4,4,4,4,4,3.875,,,,,,,,,,,,,,,,,,,,,,,,,,,,,,,,,,,,,,,,,,,,
POL,Poland,2012,Europe & Central Asia,Strategic transition state,geoeconomic_pressure,0,0,0,0,0,0,0,0,1,0,0,3,4,4,4,4,4,4,4,3.875,,,,,,,,,,,,,,,,,,,,,,,,,,,,,,,,,,,,,,,,,,,,
POL,Poland,2013,Europe & Central Asia,Strategic transition state,geoeconomic_pressure,0,0,0,0,0,0,0,0,1,0,0,3,4,4,4,4,4,4,4,3.875,,,,,,,,,,,,,,,,,,,,,,,,,,,,,,,,,,,,,,,,,,,,
POL,Poland,2014,Europe & Central Asia,Strategic transition state,geoeconomic_pressure,0,0,0,0,0,0,0,0,1,0,0,3,4,4,4,4,4,4,4,3.875,,,,,,,,,,,,,,,,,,,,,,,,,,,,,,,,,,,,,,,,,,,,
POL,Poland,2015,Europe & Central Asia,Strategic transition state,geoeconomic_pressure,0,0,0,0,0,0,0,0,1,0,0,3,4,4,4,4,4,4,4,3.875,,,,,,,,,,,,,,,,,,,,,,,,,,,,,,,,,,,,,,,,,,,,
POL,Poland,2016,Europe & Central Asia,Strategic transition state,geoeconomic_pressure,0,0,0,0,0,0,0,0,1,0,0,3,4,4,4,4,4,4,4,3.875,,,,,,,,,,,,,,,,,,,,,,,,,,,,,,,,,,,,,,,,,,,,
POL,Poland,2017,Europe & Central Asia,Strategic transition state,geoeconomic_pressure,0,0,0,0,0,0,0,0,1,0,0,3,4,4,4,4,4,4,4,3.875,,,,,,,,,,,,,,,,,,,,,,,,,,,,,,,,,,,,,,,,,,,,
POL,Poland,2018,Europe & Central Asia,Strategic transition state,geoeconomic_pressure,0,0,0,0,0,0,0,0,1,0,0,3,4,4,4,4,4,4,4,3.875,,,,,,,,,,,,,,,,,,,,,,,,,,,,,,,,,,,,,,,,,,,,
POL,Poland,2019,Europe & Central Asia,Strategic transition state,geoeconomic_pressure,0,0,0,0,0,0,0,0,1,0,0,3,4,4,4,4,4,4,4,3.875,,,,,,,,,,,,,,,,,,,,,,,,,,,,,,,,,,,,,,,,,,,,
POL,Poland,2020,Europe & Central Asia,Strategic transition state,geoeconomic_pressure,0,0,0,0,0,0,0,0,1,0,0,3,4,4,4,4,4,4,4,3.875,,,,,,,,,,,,,,,,,,,,,,,,,,,,,,,,,,,,,,,,,,,,
POL,Poland,2021,Europe & Central Asia,Strategic transition state,geoeconomic_pressure,0,0,0,0,0,0,0,0,1,0,0,3,4,4,4,4,4,4,4,3.875,,,,,,,,,,,,,,,,,,,,,,,,,,,,,,,,,,,,,,,,,,,,
POL,Poland,2022,Europe & Central Asia,Strategic transition state,geoeconomic_pressure,0,0,0,0,0,0,0,0,1,0,0,3,4,4,4,4,4,4,4,3.875,,,,,,,,,,,,,,,,,,,,,,,,,,,,,,,,,,,,,,,,,,,,
POL,Poland,2023,Europe & Central Asia,Strategic transition state,geoeconomic_pressure,0,0,0,0,0,0,0,0,1,0,0,3,4,4,4,4,4,4,4,3.875,,,,,,,,,,,,,,,,,,,,,,,,,,,,,,,,,,,,,,,,,,,,
POL,Poland,2024,Europe & Central Asia,Strategic transition state,geoeconomic_pressure,0,0,0,0,0,0,0,0,1,0,0,3,4,4,4,4,4,4,4,3.875,,,,,,,,,,,,,,,,,,,,,,,,,,,,,,,,,,,,,,,,,,,,
POL,Poland,2025,Europe & Central Asia,Strategic transition state,geoeconomic_pressure,0,0,0,0,0,0,0,0,1,0,0,3,4,4,4,4,4,4,4,3.875,,,,,,,,,,,,,,,,,,,,,,,,,,,,,,,,,,,,,,,,,,,,
TUR,Türkiye,1980,Europe & Central Asia / MENA bridge,High-terrain high-volatility sovereign,geoeconomic_pressure,0,0,0,0,0,0,0,0,1,0,0,2,2,4,3,2,2,3,2.5,2.562,,,,,,,,,,,,,,,,,,,,,,,,,,,,,,,,,,,,,,,,,,,,
TUR,Türkiye,1981,Europe & Central Asia / MENA bridge,High-terrain high-volatility sovereign,geoeconomic_pressure,0,0,0,0,0,0,0,0,1,0,0,2,2,4,3,2,2,3,2.5,2.562,,,,,,,,,,,,,,,,,,,,,,,,,,,,,,,,,,,,,,,,,,,,
TUR,Türkiye,1982,Europe & Central Asia / MENA bridge,High-terrain high-volatility sovereign,geoeconomic_pressure,0,0,0,0,0,0,0,0,1,0,0,2,2,4,3,2,2,3,2.5,2.562,,,,,,,,,,,,,,,,,,,,,,,,,,,,,,,,,,,,,,,,,,,,
TUR,Türkiye,1983,Europe & Central Asia / MENA bridge,High-terrain high-volatility sovereign,geoeconomic_pressure,0,0,0,0,0,0,0,0,1,0,0,2,2,4,3,2,2,3,2.5,2.562,,,,,,,,,,,,,,,,,,,,,,,,,,,,,,,,,,,,,,,,,,,,
TUR,Türkiye,1984,Europe & Central Asia / MENA bridge,High-terrain high-volatility sovereign,geoeconomic_pressure,0,0,0,0,0,0,0,0,1,0,0,2,2,4,3,2,2,3,2.5,2.562,,,,,,,,,,,,,,,,,,,,,,,,,,,,,,,,,,,,,,,,,,,,
TUR,Türkiye,1985,Europe & Central Asia / MENA bridge,High-terrain high-volatility sovereign,geoeconomic_pressure,0,0,0,0,0,0,0,0,1,0,0,2,2,4,3,2,2,3,2.5,2.562,,,,,,,,,,,,,,,,,,,,,,,,,,,,,,,,,,,,,,,,,,,,
TUR,Türkiye,1986,Europe & Central Asia / MENA bridge,High-terrain high-volatility sovereign,geoeconomic_pressure,0,0,0,0,0,0,0,0,1,0,0,2,2,4,3,2,2,3,2.5,2.562,,,,,,,,,,,,,,,,,,,,,,,,,,,,,,,,,,,,,,,,,,,,
TUR,Türkiye,1987,Europe & Central Asia / MENA bridge,High-terrain high-volatility sovereign,geoeconomic_pressure,0,0,0,0,0,0,0,0,1,0,0,2,2,4,3,2,2,3,2.5,2.562,,,,,,,,,,,,,,,,,,,,,,,,,,,,,,,,,,,,,,,,,,,,
TUR,Türkiye,1988,Europe & Central Asia / MENA bridge,High-terrain high-volatility sovereign,geoeconomic_pressure,0,0,0,0,0,0,0,0,1,0,0,2,2,4,3,2,2,3,2.5,2.562,,,,,,,,,,,,,,,,,,,,,,,,,,,,,,,,,,,,,,,,,,,,
TUR,Türkiye,1989,Europe & Central Asia / MENA bridge,High-terrain high-volatility sovereign,geoeconomic_pressure,0,0,0,0,0,0,0,0,1,0,0,2,2,4,3,2,2,3,2.5,2.562,,,,,,,,,,,,,,,,,,,,,,,,,,,,,,,,,,,,,,,,,,,,
TUR,Türkiye,1990,Europe & Central Asia / MENA bridge,High-terrain high-volatility sovereign,geoeconomic_pressure,0,0,0,0,0,0,0,0,1,0,0,2,2,4,3,2,2,3,2.5,2.562,,,,,,,,,,,,,,,,,,,,,,,,,,,,,,,,,,,,,,,,,,,,
TUR,Türkiye,1991,Europe & Central Asia / MENA bridge,High-terrain high-volatility sovereign,geoeconomic_pressure,0,0,0,0,0,0,0,0,1,0,0,2,2,4,3,2,2,3,2.5,2.562,,,,,,,,,,,,,,,,,,,,,,,,,,,,,,,,,,,,,,,,,,,,
TUR,Türkiye,1992,Europe & Central Asia / MENA bridge,High-terrain high-volatility sovereign,geoeconomic_pressure,0,0,0,0,0,0,0,0,1,0,0,2,2,4,3,2,2,3,2.5,2.562,,,,,,,,,,,,,,,,,,,,,,,,,,,,,,,,,,,,,,,,,,,,
TUR,Türkiye,1993,Europe & Central Asia / MENA bridge,High-terrain high-volatility sovereign,geoeconomic_pressure,0,0,0,0,0,0,0,0,1,0,0,2,2,4,3,2,2,3,2.5,2.562,,,,,,,,,,,,,,,,,,,,,,,,,,,,,,,,,,,,,,,,,,,,
TUR,Türkiye,1994,Europe & Central Asia / MENA bridge,High-terrain high-volatility sovereign,geoeconomic_pressure,0,0,0,0,0,0,0,0,1,0,0,2,2,4,3,2,2,3,2.5,2.562,,,,,,,,,,,,,,,,,,,,,,,,,,,,,,,,,,,,,,,,,,,,
TUR,Türkiye,1995,Europe & Central Asia / MENA bridge,High-terrain high-volatility sovereign,geoeconomic_pressure,0,0,0,0,0,0,0,0,1,0,0,2,2,4,3,2,2,3,2.5,2.562,,,,,,,,,,,,,,,,,,,,,,,,,,,,,,,,,,,,,,,,,,,,
TUR,Türkiye,1996,Europe & Central Asia / MENA bridge,High-terrain high-volatility sovereign,geoeconomic_pressure,0,0,0,0,0,0,0,0,1,0,0,2,2,4,3,2,2,3,2.5,2.562,,,,,,,,,,,,,,,,,,,,,,,,,,,,,,,,,,,,,,,,,,,,
TUR,Türkiye,1997,Europe & Central Asia / MENA bridge,High-terrain high-volatility sovereign,geoeconomic_pressure,0,0,0,0,0,0,0,0,1,0,0,2,2,4,3,2,2,3,2.5,2.562,,,,,,,,,,,,,,,,,,,,,,,,,,,,,,,,,,,,,,,,,,,,
TUR,Türkiye,1998,Europe & Central Asia / MENA bridge,High-terrain high-volatility sovereign,geoeconomic_pressure,0,0,0,0,0,0,0,0,1,0,0,2,2,4,3,2,2,3,2.5,2.562,,,,,,,,,,,,,,,,,,,,,,,,,,,,,,,,,,,,,,,,,,,,
TUR,Türkiye,1999,Europe & Central Asia / MENA bridge,High-terrain high-volatility sovereign,geoeconomic_pressure,0,0,0,0,0,0,0,0,1,0,0,2,2,4,3,2,2,3,2.5,2.562,,,,,,,,,,,,,,,,,,,,,,,,,,,,,,,,,,,,,,,,,,,,
TUR,Türkiye,2000,Europe & Central Asia / MENA bridge,High-terrain high-volatility sovereign,geoeconomic_pressure,0,0,0,0,0,0,0,0,1,0,0,2,2,4,3,2,2,3,2.5,2.562,,,,,,,,,,,,,,,,,,,,,,,,,,,,,,,,,,,,,,,,,,,,
TUR,Türkiye,2001,Europe & Central Asia / MENA bridge,High-terrain high-volatility sovereign,geoeconomic_pressure,0,0,0,0,0,0,0,0,1,0,0,2,2,4,3,2,2,3,2.5,2.562,,,,,,,,,,,,,,,,,,,,,,,,,,,,,,,,,,,,,,,,,,,,
TUR,Türkiye,2002,Europe & Central Asia / MENA bridge,High-terrain high-volatility sovereign,geoeconomic_pressure,0,0,0,0,0,0,0,0,1,0,0,2,2,4,3,2,2,3,2.5,2.562,,,,,,,,,,,,,,,,,,,,,,,,,,,,,,,,,,,,,,,,,,,,
TUR,Türkiye,2003,Europe & Central Asia / MENA bridge,High-terrain high-volatility sovereign,geoeconomic_pressure,0,0,0,0,0,0,0,0,1,0,0,2,2,4,3,2,2,3,2.5,2.562,,,,,,,,,,,,,,,,,,,,,,,,,,,,,,,,,,,,,,,,,,,,
TUR,Türkiye,2004,Europe & Central Asia / MENA bridge,High-terrain high-volatility sovereign,geoeconomic_pressure,0,0,0,0,0,0,0,0,1,0,0,2,2,4,3,2,2,3,2.5,2.562,,,,,,,,,,,,,,,,,,,,,,,,,,,,,,,,,,,,,,,,,,,,
TUR,Türkiye,2005,Europe & Central Asia / MENA bridge,High-terrain high-volatility sovereign,geoeconomic_pressure,0,0,0,0,0,0,0,0,1,0,0,2,2,4,3,2,2,3,2.5,2.562,,,,,,,,,,,,,,,,,,,,,,,,,,,,,,,,,,,,,,,,,,,,
TUR,Türkiye,2006,Europe & Central Asia / MENA bridge,High-terrain high-volatility sovereign,geoeconomic_pressure,0,0,0,0,0,0,0,0,1,0,0,2,2,4,3,2,2,3,2.5,2.562,,,,,,,,,,,,,,,,,,,,,,,,,,,,,,,,,,,,,,,,,,,,
TUR,Türkiye,2007,Europe & Central Asia / MENA bridge,High-terrain high-volatility sovereign,geoeconomic_pressure,0,0,0,0,0,0,0,0,1,0,0,2,2,4,3,2,2,3,2.5,2.562,,,,,,,,,,,,,,,,,,,,,,,,,,,,,,,,,,,,,,,,,,,,
TUR,Türkiye,2008,Europe & Central Asia / MENA bridge,High-terrain high-volatility sovereign,geoeconomic_pressure,0,0,0,0,0,0,0,0,1,0,0,2,2,4,3,2,2,3,2.5,2.562,,,,,,,,,,,,,,,,,,,,,,,,,,,,,,,,,,,,,,,,,,,,
TUR,Türkiye,2009,Europe & Central Asia / MENA bridge,High-terrain high-volatility sovereign,geoeconomic_pressure,0,0,0,0,0,0,0,0,1,0,0,2,2,4,3,2,2,3,2.5,2.562,,,,,,,,,,,,,,,,,,,,,,,,,,,,,,,,,,,,,,,,,,,,
TUR,Türkiye,2010,Europe & Central Asia / MENA bridge,High-terrain high-volatility sovereign,geoeconomic_pressure,0,0,0,0,0,0,0,0,1,0,0,2,2,4,3,2,2,3,2.5,2.562,,,,,,,,,,,,,,,,,,,,,,,,,,,,,,,,,,,,,,,,,,,,
TUR,Türkiye,2011,Europe & Central Asia / MENA bridge,High-terrain high-volatility sovereign,geoeconomic_pressure,0,0,0,0,0,0,0,0,1,0,0,2,2,4,3,2,2,3,2.5,2.562,,,,,,,,,,,,,,,,,,,,,,,,,,,,,,,,,,,,,,,,,,,,
TUR,Türkiye,2012,Europe & Central Asia / MENA bridge,High-terrain high-volatility sovereign,geoeconomic_pressure,0,0,0,0,0,0,0,0,1,0,0,2,2,4,3,2,2,3,2.5,2.562,,,,,,,,,,,,,,,,,,,,,,,,,,,,,,,,,,,,,,,,,,,,
TUR,Türkiye,2013,Europe & Central Asia / MENA bridge,High-terrain high-volatility sovereign,geoeconomic_pressure,0,0,0,0,0,0,0,0,1,0,0,2,2,4,3,2,2,3,2.5,2.562,,,,,,,,,,,,,,,,,,,,,,,,,,,,,,,,,,,,,,,,,,,,
TUR,Türkiye,2014,Europe & Central Asia / MENA bridge,High-terrain high-volatility sovereign,geoeconomic_pressure,0,0,0,0,0,0,0,0,1,0,0,2,2,4,3,2,2,3,2.5,2.562,,,,,,,,,,,,,,,,,,,,,,,,,,,,,,,,,,,,,,,,,,,,
TUR,Türkiye,2015,Europe & Central Asia / MENA bridge,High-terrain high-volatility sovereign,geoeconomic_pressure,0,0,0,0,0,0,0,0,1,0,0,2,2,4,3,2,2,3,2.5,2.562,,,,,,,,,,,,,,,,,,,,,,,,,,,,,,,,,,,,,,,,,,,,
TUR,Türkiye,2016,Europe & Central Asia / MENA bridge,High-terrain high-volatility sovereign,geoeconomic_pressure,0,0,0,0,0,0,0,0,1,0,0,2,2,4,3,2,2,3,2.5,2.562,,,,,,,,,,,,,,,,,,,,,,,,,,,,,,,,,,,,,,,,,,,,
TUR,Türkiye,2017,Europe & Central Asia / MENA bridge,High-terrain high-volatility sovereign,geoeconomic_pressure,0,0,0,0,0,0,0,0,1,0,0,2,2,4,3,2,2,3,2.5,2.562,,,,,,,,,,,,,,,,,,,,,,,,,,,,,,,,,,,,,,,,,,,,
TUR,Türkiye,2018,Europe & Central Asia / MENA bridge,High-terrain high-volatility sovereign,geoeconomic_pressure,0,0,0,0,0,0,0,0,1,0,0,2,2,4,3,2,2,3,2.5,2.562,,,,,,,,,,,,,,,,,,,,,,,,,,,,,,,,,,,,,,,,,,,,
TUR,Türkiye,2019,Europe & Central Asia / MENA bridge,High-terrain high-volatility sovereign,geoeconomic_pressure,0,0,0,0,0,0,0,0,1,0,0,2,2,4,3,2,2,3,2.5,2.562,,,,,,,,,,,,,,,,,,,,,,,,,,,,,,,,,,,,,,,,,,,,
TUR,Türkiye,2020,Europe & Central Asia / MENA bridge,High-terrain high-volatility sovereign,geoeconomic_pressure,0,0,0,0,0,0,0,0,1,0,0,2,2,4,3,2,2,3,2.5,2.562,,,,,,,,,,,,,,,,,,,,,,,,,,,,,,,,,,,,,,,,,,,,
TUR,Türkiye,2021,Europe & Central Asia / MENA bridge,High-terrain high-volatility sovereign,geoeconomic_pressure,0,0,0,0,0,0,0,0,1,0,0,2,2,4,3,2,2,3,2.5,2.562,,,,,,,,,,,,,,,,,,,,,,,,,,,,,,,,,,,,,,,,,,,,
TUR,Türkiye,2022,Europe & Central Asia / MENA bridge,High-terrain high-volatility sovereign,geoeconomic_pressure,0,0,0,0,0,0,0,0,1,0,0,2,2,4,3,2,2,3,2.5,2.562,,,,,,,,,,,,,,,,,,,,,,,,,,,,,,,,,,,,,,,,,,,,
TUR,Türkiye,2023,Europe & Central Asia / MENA bridge,High-terrain high-volatility sovereign,geoeconomic_pressure,0,0,0,0,0,0,0,0,1,0,0,2,2,4,3,2,2,3,2.5,2.562,,,,,,,,,,,,,,,,,,,,,,,,,,,,,,,,,,,,,,,,,,,,
TUR,Türkiye,2024,Europe & Central Asia / MENA bridge,High-terrain high-volatility sovereign,geoeconomic_pressure,0,0,0,0,0,0,0,0,1,0,0,2,2,4,3,2,2,3,2.5,2.562,,,,,,,,,,,,,,,,,,,,,,,,,,,,,,,,,,,,,,,,,,,,
TUR,Türkiye,2025,Europe & Central Asia / MENA bridge,High-terrain high-volatility sovereign,geoeconomic_pressure,0,0,0,0,0,0,0,0,1,0,0,2,2,4,3,2,2,3,2.5,2.562,,,,,,,,,,,,,,,,,,,,,,,,,,,,,,,,,,,,,,,,,,,,
SAU,Saudi Arabia,1980,Middle East & North Africa,Resource-conversion sovereign,resource_conversion,0,0,0,0,1,0,0,0,0,0,0,3,4,5,4,4,3,5,4,4.0,,,,,,,,,,,,,,,,,,,,,,,,,,,,,,,,,,,,,,,,,,,,
SAU,Saudi Arabia,1981,Middle East & North Africa,Resource-conversion sovereign,resource_conversion,0,0,0,0,1,0,0,0,0,0,0,3,4,5,4,4,3,5,4,4.0,,,,,,,,,,,,,,,,,,,,,,,,,,,,,,,,,,,,,,,,,,,,
SAU,Saudi Arabia,1982,Middle East & North Africa,Resource-conversion sovereign,resource_conversion,0,0,0,0,1,0,0,0,0,0,0,3,4,5,4,4,3,5,4,4.0,,,,,,,,,,,,,,,,,,,,,,,,,,,,,,,,,,,,,,,,,,,,
SAU,Saudi Arabia,1983,Middle East & North Africa,Resource-conversion sovereign,resource_conversion,0,0,0,0,1,0,0,0,0,0,0,3,4,5,4,4,3,5,4,4.0,,,,,,,,,,,,,,,,,,,,,,,,,,,,,,,,,,,,,,,,,,,,
SAU,Saudi Arabia,1984,Middle East & North Africa,Resource-conversion sovereign,resource_conversion,0,0,0,0,1,0,0,0,0,0,0,3,4,5,4,4,3,5,4,4.0,,,,,,,,,,,,,,,,,,,,,,,,,,,,,,,,,,,,,,,,,,,,
SAU,Saudi Arabia,1985,Middle East & North Africa,Resource-conversion sovereign,resource_conversion,0,0,0,0,1,0,0,0,0,0,0,3,4,5,4,4,3,5,4,4.0,,,,,,,,,,,,,,,,,,,,,,,,,,,,,,,,,,,,,,,,,,,,
SAU,Saudi Arabia,1986,Middle East & North Africa,Resource-conversion sovereign,resource_conversion,0,0,0,0,1,0,0,0,0,0,0,3,4,5,4,4,3,5,4,4.0,,,,,,,,,,,,,,,,,,,,,,,,,,,,,,,,,,,,,,,,,,,,
SAU,Saudi Arabia,1987,Middle East & North Africa,Resource-conversion sovereign,resource_conversion,0,0,0,0,1,0,0,0,0,0,0,3,4,5,4,4,3,5,4,4.0,,,,,,,,,,,,,,,,,,,,,,,,,,,,,,,,,,,,,,,,,,,,
SAU,Saudi Arabia,1988,Middle East & North Africa,Resource-conversion sovereign,resource_conversion,0,0,0,0,1,0,0,0,0,0,0,3,4,5,4,4,3,5,4,4.0,,,,,,,,,,,,,,,,,,,,,,,,,,,,,,,,,,,,,,,,,,,,
SAU,Saudi Arabia,1989,Middle East & North Africa,Resource-conversion sovereign,resource_conversion,0,0,0,0,1,0,0,0,0,0,0,3,4,5,4,4,3,5,4,4.0,,,,,,,,,,,,,,,,,,,,,,,,,,,,,,,,,,,,,,,,,,,,
SAU,Saudi Arabia,1990,Middle East & North Africa,Resource-conversion sovereign,resource_conversion,0,0,0,0,1,0,0,0,0,0,0,3,4,5,4,4,3,5,4,4.0,,,,,,,,,,,,,,,,,,,,,,,,,,,,,,,,,,,,,,,,,,,,
SAU,Saudi Arabia,1991,Middle East & North Africa,Resource-conversion sovereign,resource_conversion,0,0,0,0,1,0,0,0,0,0,0,3,4,5,4,4,3,5,4,4.0,,,,,,,,,,,,,,,,,,,,,,,,,,,,,,,,,,,,,,,,,,,,
SAU,Saudi Arabia,1992,Middle East & North Africa,Resource-conversion sovereign,resource_conversion,0,0,0,0,1,0,0,0,0,0,0,3,4,5,4,4,3,5,4,4.0,,,,,,,,,,,,,,,,,,,,,,,,,,,,,,,,,,,,,,,,,,,,
SAU,Saudi Arabia,1993,Middle East & North Africa,Resource-conversion sovereign,resource_conversion,0,0,0,0,1,0,0,0,0,0,0,3,4,5,4,4,3,5,4,4.0,,,,,,,,,,,,,,,,,,,,,,,,,,,,,,,,,,,,,,,,,,,,
SAU,Saudi Arabia,1994,Middle East & North Africa,Resource-conversion sovereign,resource_conversion,0,0,0,0,1,0,0,0,0,0,0,3,4,5,4,4,3,5,4,4.0,,,,,,,,,,,,,,,,,,,,,,,,,,,,,,,,,,,,,,,,,,,,
SAU,Saudi Arabia,1995,Middle East & North Africa,Resource-conversion sovereign,resource_conversion,0,0,0,0,1,0,0,0,0,0,0,3,4,5,4,4,3,5,4,4.0,,,,,,,,,,,,,,,,,,,,,,,,,,,,,,,,,,,,,,,,,,,,
SAU,Saudi Arabia,1996,Middle East & North Africa,Resource-conversion sovereign,resource_conversion,0,0,0,0,1,0,0,0,0,0,0,3,4,5,4,4,3,5,4,4.0,,,,,,,,,,,,,,,,,,,,,,,,,,,,,,,,,,,,,,,,,,,,
SAU,Saudi Arabia,1997,Middle East & North Africa,Resource-conversion sovereign,resource_conversion,0,0,0,0,1,0,0,0,0,0,0,3,4,5,4,4,3,5,4,4.0,,,,,,,,,,,,,,,,,,,,,,,,,,,,,,,,,,,,,,,,,,,,
SAU,Saudi Arabia,1998,Middle East & North Africa,Resource-conversion sovereign,resource_conversion,0,0,0,0,1,0,0,0,0,0,0,3,4,5,4,4,3,5,4,4.0,,,,,,,,,,,,,,,,,,,,,,,,,,,,,,,,,,,,,,,,,,,,
SAU,Saudi Arabia,1999,Middle East & North Africa,Resource-conversion sovereign,resource_conversion,0,0,0,0,1,0,0,0,0,0,0,3,4,5,4,4,3,5,4,4.0,,,,,,,,,,,,,,,,,,,,,,,,,,,,,,,,,,,,,,,,,,,,
SAU,Saudi Arabia,2000,Middle East & North Africa,Resource-conversion sovereign,resource_conversion,0,0,0,0,1,0,0,0,0,0,0,3,4,5,4,4,3,5,4,4.0,,,,,,,,,,,,,,,,,,,,,,,,,,,,,,,,,,,,,,,,,,,,
SAU,Saudi Arabia,2001,Middle East & North Africa,Resource-conversion sovereign,resource_conversion,0,0,0,0,1,0,0,0,0,0,0,3,4,5,4,4,3,5,4,4.0,,,,,,,,,,,,,,,,,,,,,,,,,,,,,,,,,,,,,,,,,,,,
SAU,Saudi Arabia,2002,Middle East & North Africa,Resource-conversion sovereign,resource_conversion,0,0,0,0,1,0,0,0,0,0,0,3,4,5,4,4,3,5,4,4.0,,,,,,,,,,,,,,,,,,,,,,,,,,,,,,,,,,,,,,,,,,,,
SAU,Saudi Arabia,2003,Middle East & North Africa,Resource-conversion sovereign,resource_conversion,0,0,0,0,1,0,0,0,0,0,0,3,4,5,4,4,3,5,4,4.0,,,,,,,,,,,,,,,,,,,,,,,,,,,,,,,,,,,,,,,,,,,,
SAU,Saudi Arabia,2004,Middle East & North Africa,Resource-conversion sovereign,resource_conversion,0,0,0,0,1,0,0,0,0,0,0,3,4,5,4,4,3,5,4,4.0,,,,,,,,,,,,,,,,,,,,,,,,,,,,,,,,,,,,,,,,,,,,
SAU,Saudi Arabia,2005,Middle East & North Africa,Resource-conversion sovereign,resource_conversion,0,0,0,0,1,0,0,0,0,0,0,3,4,5,4,4,3,5,4,4.0,,,,,,,,,,,,,,,,,,,,,,,,,,,,,,,,,,,,,,,,,,,,
SAU,Saudi Arabia,2006,Middle East & North Africa,Resource-conversion sovereign,resource_conversion,0,0,0,0,1,0,0,0,0,0,0,3,4,5,4,4,3,5,4,4.0,,,,,,,,,,,,,,,,,,,,,,,,,,,,,,,,,,,,,,,,,,,,
SAU,Saudi Arabia,2007,Middle East & North Africa,Resource-conversion sovereign,resource_conversion,0,0,0,0,1,0,0,0,0,0,0,3,4,5,4,4,3,5,4,4.0,,,,,,,,,,,,,,,,,,,,,,,,,,,,,,,,,,,,,,,,,,,,
SAU,Saudi Arabia,2008,Middle East & North Africa,Resource-conversion sovereign,resource_conversion,0,0,0,0,1,0,0,0,0,0,0,3,4,5,4,4,3,5,4,4.0,,,,,,,,,,,,,,,,,,,,,,,,,,,,,,,,,,,,,,,,,,,,
SAU,Saudi Arabia,2009,Middle East & North Africa,Resource-conversion sovereign,resource_conversion,0,0,0,0,1,0,0,0,0,0,0,3,4,5,4,4,3,5,4,4.0,,,,,,,,,,,,,,,,,,,,,,,,,,,,,,,,,,,,,,,,,,,,
SAU,Saudi Arabia,2010,Middle East & North Africa,Resource-conversion sovereign,resource_conversion,0,0,0,0,1,0,0,0,0,0,0,3,4,5,4,4,3,5,4,4.0,,,,,,,,,,,,,,,,,,,,,,,,,,,,,,,,,,,,,,,,,,,,
SAU,Saudi Arabia,2011,Middle East & North Africa,Resource-conversion sovereign,resource_conversion,0,0,0,0,1,0,0,0,0,0,0,3,4,5,4,4,3,5,4,4.0,,,,,,,,,,,,,,,,,,,,,,,,,,,,,,,,,,,,,,,,,,,,
SAU,Saudi Arabia,2012,Middle East & North Africa,Resource-conversion sovereign,resource_conversion,0,0,0,0,1,0,0,0,0,0,0,3,4,5,4,4,3,5,4,4.0,,,,,,,,,,,,,,,,,,,,,,,,,,,,,,,,,,,,,,,,,,,,
SAU,Saudi Arabia,2013,Middle East & North Africa,Resource-conversion sovereign,resource_conversion,0,0,0,0,1,0,0,0,0,0,0,3,4,5,4,4,3,5,4,4.0,,,,,,,,,,,,,,,,,,,,,,,,,,,,,,,,,,,,,,,,,,,,
SAU,Saudi Arabia,2014,Middle East & North Africa,Resource-conversion sovereign,resource_conversion,0,0,0,0,1,0,0,0,0,0,0,3,4,5,4,4,3,5,4,4.0,,,,,,,,,,,,,,,,,,,,,,,,,,,,,,,,,,,,,,,,,,,,
SAU,Saudi Arabia,2015,Middle East & North Africa,Resource-conversion sovereign,resource_conversion,0,0,0,0,1,0,0,0,0,0,0,3,4,5,4,4,3,5,4,4.0,,,,,,,,,,,,,,,,,,,,,,,,,,,,,,,,,,,,,,,,,,,,
SAU,Saudi Arabia,2016,Middle East & North Africa,Resource-conversion sovereign,resource_conversion,0,0,0,0,1,0,0,0,0,0,0,3,4,5,4,4,3,5,4,4.0,,,,,,,,,,,,,,,,,,,,,,,,,,,,,,,,,,,,,,,,,,,,
SAU,Saudi Arabia,2017,Middle East & North Africa,Resource-conversion sovereign,resource_conversion,0,0,0,0,1,0,0,0,0,0,0,3,4,5,4,4,3,5,4,4.0,,,,,,,,,,,,,,,,,,,,,,,,,,,,,,,,,,,,,,,,,,,,
SAU,Saudi Arabia,2018,Middle East & North Africa,Resource-conversion sovereign,resource_conversion,0,0,0,0,1,0,0,0,0,0,0,3,4,5,4,4,3,5,4,4.0,,,,,,,,,,,,,,,,,,,,,,,,,,,,,,,,,,,,,,,,,,,,
SAU,Saudi Arabia,2019,Middle East & North Africa,Resource-conversion sovereign,resource_conversion,0,0,0,0,1,0,0,0,0,0,0,3,4,5,4,4,3,5,4,4.0,,,,,,,,,,,,,,,,,,,,,,,,,,,,,,,,,,,,,,,,,,,,
SAU,Saudi Arabia,2020,Middle East & North Africa,Resource-conversion sovereign,resource_conversion,0,0,0,0,1,0,0,0,0,0,0,3,4,5,4,4,3,5,4,4.0,,,,,,,,,,,,,,,,,,,,,,,,,,,,,,,,,,,,,,,,,,,,
SAU,Saudi Arabia,2021,Middle East & North Africa,Resource-conversion sovereign,resource_conversion,0,0,0,0,1,0,0,0,0,0,0,3,4,5,4,4,3,5,4,4.0,,,,,,,,,,,,,,,,,,,,,,,,,,,,,,,,,,,,,,,,,,,,
SAU,Saudi Arabia,2022,Middle East & North Africa,Resource-conversion sovereign,resource_conversion,0,0,0,0,1,0,0,0,0,0,0,3,4,5,4,4,3,5,4,4.0,,,,,,,,,,,,,,,,,,,,,,,,,,,,,,,,,,,,,,,,,,,,
SAU,Saudi Arabia,2023,Middle East & North Africa,Resource-conversion sovereign,resource_conversion,0,0,0,0,1,0,0,0,0,0,0,3,4,5,4,4,3,5,4,4.0,,,,,,,,,,,,,,,,,,,,,,,,,,,,,,,,,,,,,,,,,,,,
SAU,Saudi Arabia,2024,Middle East & North Africa,Resource-conversion sovereign,resource_conversion,0,0,0,0,1,0,0,0,0,0,0,3,4,5,4,4,3,5,4,4.0,,,,,,,,,,,,,,,,,,,,,,,,,,,,,,,,,,,,,,,,,,,,
SAU,Saudi Arabia,2025,Middle East & North Africa,Resource-conversion sovereign,resource_conversion,0,0,0,0,1,0,0,0,0,0,0,3,4,5,4,4,3,5,4,4.0,,,,,,,,,,,,,,,,,,,,,,,,,,,,,,,,,,,,,,,,,,,,
ARE,United Arab Emirates,1980,Middle East & North Africa,Small-state geoeconomic command state,strategic_conversion,0,0,0,0,0,1,0,0,0,0,0,3,4,4,5,5,5,5,5,4.5,,,,,,,,,,,,,,,,,,,,,,,,,,,,,,,,,,,,,,,,,,,,
ARE,United Arab Emirates,1981,Middle East & North Africa,Small-state geoeconomic command state,strategic_conversion,0,0,0,0,0,1,0,0,0,0,0,3,4,4,5,5,5,5,5,4.5,,,,,,,,,,,,,,,,,,,,,,,,,,,,,,,,,,,,,,,,,,,,
ARE,United Arab Emirates,1982,Middle East & North Africa,Small-state geoeconomic command state,strategic_conversion,0,0,0,0,0,1,0,0,0,0,0,3,4,4,5,5,5,5,5,4.5,,,,,,,,,,,,,,,,,,,,,,,,,,,,,,,,,,,,,,,,,,,,
ARE,United Arab Emirates,1983,Middle East & North Africa,Small-state geoeconomic command state,strategic_conversion,0,0,0,0,0,1,0,0,0,0,0,3,4,4,5,5,5,5,5,4.5,,,,,,,,,,,,,,,,,,,,,,,,,,,,,,,,,,,,,,,,,,,,
ARE,United Arab Emirates,1984,Middle East & North Africa,Small-state geoeconomic command state,strategic_conversion,0,0,0,0,0,1,0,0,0,0,0,3,4,4,5,5,5,5,5,4.5,,,,,,,,,,,,,,,,,,,,,,,,,,,,,,,,,,,,,,,,,,,,
ARE,United Arab Emirates,1985,Middle East & North Africa,Small-state geoeconomic command state,strategic_conversion,0,0,0,0,0,1,0,0,0,0,0,3,4,4,5,5,5,5,5,4.5,,,,,,,,,,,,,,,,,,,,,,,,,,,,,,,,,,,,,,,,,,,,
ARE,United Arab Emirates,1986,Middle East & North Africa,Small-state geoeconomic command state,strategic_conversion,0,0,0,0,0,1,0,0,0,0,0,3,4,4,5,5,5,5,5,4.5,,,,,,,,,,,,,,,,,,,,,,,,,,,,,,,,,,,,,,,,,,,,
ARE,United Arab Emirates,1987,Middle East & North Africa,Small-state geoeconomic command state,strategic_conversion,0,0,0,0,0,1,0,0,0,0,0,3,4,4,5,5,5,5,5,4.5,,,,,,,,,,,,,,,,,,,,,,,,,,,,,,,,,,,,,,,,,,,,
ARE,United Arab Emirates,1988,Middle East & North Africa,Small-state geoeconomic command state,strategic_conversion,0,0,0,0,0,1,0,0,0,0,0,3,4,4,5,5,5,5,5,4.5,,,,,,,,,,,,,,,,,,,,,,,,,,,,,,,,,,,,,,,,,,,,
ARE,United Arab Emirates,1989,Middle East & North Africa,Small-state geoeconomic command state,strategic_conversion,0,0,0,0,0,1,0,0,0,0,0,3,4,4,5,5,5,5,5,4.5,,,,,,,,,,,,,,,,,,,,,,,,,,,,,,,,,,,,,,,,,,,,
ARE,United Arab Emirates,1990,Middle East & North Africa,Small-state geoeconomic command state,strategic_conversion,0,0,0,0,0,1,0,0,0,0,0,3,4,4,5,5,5,5,5,4.5,,,,,,,,,,,,,,,,,,,,,,,,,,,,,,,,,,,,,,,,,,,,
ARE,United Arab Emirates,1991,Middle East & North Africa,Small-state geoeconomic command state,strategic_conversion,0,0,0,0,0,1,0,0,0,0,0,3,4,4,5,5,5,5,5,4.5,,,,,,,,,,,,,,,,,,,,,,,,,,,,,,,,,,,,,,,,,,,,
ARE,United Arab Emirates,1992,Middle East & North Africa,Small-state geoeconomic command state,strategic_conversion,0,0,0,0,0,1,0,0,0,0,0,3,4,4,5,5,5,5,5,4.5,,,,,,,,,,,,,,,,,,,,,,,,,,,,,,,,,,,,,,,,,,,,
ARE,United Arab Emirates,1993,Middle East & North Africa,Small-state geoeconomic command state,strategic_conversion,0,0,0,0,0,1,0,0,0,0,0,3,4,4,5,5,5,5,5,4.5,,,,,,,,,,,,,,,,,,,,,,,,,,,,,,,,,,,,,,,,,,,,
ARE,United Arab Emirates,1994,Middle East & North Africa,Small-state geoeconomic command state,strategic_conversion,0,0,0,0,0,1,0,0,0,0,0,3,4,4,5,5,5,5,5,4.5,,,,,,,,,,,,,,,,,,,,,,,,,,,,,,,,,,,,,,,,,,,,
ARE,United Arab Emirates,1995,Middle East & North Africa,Small-state geoeconomic command state,strategic_conversion,0,0,0,0,0,1,0,0,0,0,0,3,4,4,5,5,5,5,5,4.5,,,,,,,,,,,,,,,,,,,,,,,,,,,,,,,,,,,,,,,,,,,,
ARE,United Arab Emirates,1996,Middle East & North Africa,Small-state geoeconomic command state,strategic_conversion,0,0,0,0,0,1,0,0,0,0,0,3,4,4,5,5,5,5,5,4.5,,,,,,,,,,,,,,,,,,,,,,,,,,,,,,,,,,,,,,,,,,,,
ARE,United Arab Emirates,1997,Middle East & North Africa,Small-state geoeconomic command state,strategic_conversion,0,0,0,0,0,1,0,0,0,0,0,3,4,4,5,5,5,5,5,4.5,,,,,,,,,,,,,,,,,,,,,,,,,,,,,,,,,,,,,,,,,,,,
ARE,United Arab Emirates,1998,Middle East & North Africa,Small-state geoeconomic command state,strategic_conversion,0,0,0,0,0,1,0,0,0,0,0,3,4,4,5,5,5,5,5,4.5,,,,,,,,,,,,,,,,,,,,,,,,,,,,,,,,,,,,,,,,,,,,
ARE,United Arab Emirates,1999,Middle East & North Africa,Small-state geoeconomic command state,strategic_conversion,0,0,0,0,0,1,0,0,0,0,0,3,4,4,5,5,5,5,5,4.5,,,,,,,,,,,,,,,,,,,,,,,,,,,,,,,,,,,,,,,,,,,,
ARE,United Arab Emirates,2000,Middle East & North Africa,Small-state geoeconomic command state,strategic_conversion,0,0,0,0,0,1,0,0,0,0,0,3,4,4,5,5,5,5,5,4.5,,,,,,,,,,,,,,,,,,,,,,,,,,,,,,,,,,,,,,,,,,,,
ARE,United Arab Emirates,2001,Middle East & North Africa,Small-state geoeconomic command state,strategic_conversion,0,0,0,0,0,1,0,0,0,0,0,3,4,4,5,5,5,5,5,4.5,,,,,,,,,,,,,,,,,,,,,,,,,,,,,,,,,,,,,,,,,,,,
ARE,United Arab Emirates,2002,Middle East & North Africa,Small-state geoeconomic command state,strategic_conversion,0,0,0,0,0,1,0,0,0,0,0,3,4,4,5,5,5,5,5,4.5,,,,,,,,,,,,,,,,,,,,,,,,,,,,,,,,,,,,,,,,,,,,
ARE,United Arab Emirates,2003,Middle East & North Africa,Small-state geoeconomic command state,strategic_conversion,0,0,0,0,0,1,0,0,0,0,0,3,4,4,5,5,5,5,5,4.5,,,,,,,,,,,,,,,,,,,,,,,,,,,,,,,,,,,,,,,,,,,,
ARE,United Arab Emirates,2004,Middle East & North Africa,Small-state geoeconomic command state,strategic_conversion,0,0,0,0,0,1,0,0,0,0,0,3,4,4,5,5,5,5,5,4.5,,,,,,,,,,,,,,,,,,,,,,,,,,,,,,,,,,,,,,,,,,,,
ARE,United Arab Emirates,2005,Middle East & North Africa,Small-state geoeconomic command state,strategic_conversion,0,0,0,0,0,1,0,0,0,0,0,3,4,4,5,5,5,5,5,4.5,,,,,,,,,,,,,,,,,,,,,,,,,,,,,,,,,,,,,,,,,,,,
ARE,United Arab Emirates,2006,Middle East & North Africa,Small-state geoeconomic command state,strategic_conversion,0,0,0,0,0,1,0,0,0,0,0,3,4,4,5,5,5,5,5,4.5,,,,,,,,,,,,,,,,,,,,,,,,,,,,,,,,,,,,,,,,,,,,
ARE,United Arab Emirates,2007,Middle East & North Africa,Small-state geoeconomic command state,strategic_conversion,0,0,0,0,0,1,0,0,0,0,0,3,4,4,5,5,5,5,5,4.5,,,,,,,,,,,,,,,,,,,,,,,,,,,,,,,,,,,,,,,,,,,,
ARE,United Arab Emirates,2008,Middle East & North Africa,Small-state geoeconomic command state,strategic_conversion,0,0,0,0,0,1,0,0,0,0,0,3,4,4,5,5,5,5,5,4.5,,,,,,,,,,,,,,,,,,,,,,,,,,,,,,,,,,,,,,,,,,,,
ARE,United Arab Emirates,2009,Middle East & North Africa,Small-state geoeconomic command state,strategic_conversion,0,0,0,0,0,1,0,0,0,0,0,3,4,4,5,5,5,5,5,4.5,,,,,,,,,,,,,,,,,,,,,,,,,,,,,,,,,,,,,,,,,,,,
ARE,United Arab Emirates,2010,Middle East & North Africa,Small-state geoeconomic command state,strategic_conversion,0,0,0,0,0,1,0,0,0,0,0,3,4,4,5,5,5,5,5,4.5,,,,,,,,,,,,,,,,,,,,,,,,,,,,,,,,,,,,,,,,,,,,
ARE,United Arab Emirates,2011,Middle East & North Africa,Small-state geoeconomic command state,strategic_conversion,0,0,0,0,0,1,0,0,0,0,0,3,4,4,5,5,5,5,5,4.5,,,,,,,,,,,,,,,,,,,,,,,,,,,,,,,,,,,,,,,,,,,,
ARE,United Arab Emirates,2012,Middle East & North Africa,Small-state geoeconomic command state,strategic_conversion,0,0,0,0,0,1,0,0,0,0,0,3,4,4,5,5,5,5,5,4.5,,,,,,,,,,,,,,,,,,,,,,,,,,,,,,,,,,,,,,,,,,,,
ARE,United Arab Emirates,2013,Middle East & North Africa,Small-state geoeconomic command state,strategic_conversion,0,0,0,0,0,1,0,0,0,0,0,3,4,4,5,5,5,5,5,4.5,,,,,,,,,,,,,,,,,,,,,,,,,,,,,,,,,,,,,,,,,,,,
ARE,United Arab Emirates,2014,Middle East & North Africa,Small-state geoeconomic command state,strategic_conversion,0,0,0,0,0,1,0,0,0,0,0,3,4,4,5,5,5,5,5,4.5,,,,,,,,,,,,,,,,,,,,,,,,,,,,,,,,,,,,,,,,,,,,
ARE,United Arab Emirates,2015,Middle East & North Africa,Small-state geoeconomic command state,strategic_conversion,0,0,0,0,0,1,0,0,0,0,0,3,4,4,5,5,5,5,5,4.5,,,,,,,,,,,,,,,,,,,,,,,,,,,,,,,,,,,,,,,,,,,,
ARE,United Arab Emirates,2016,Middle East & North Africa,Small-state geoeconomic command state,strategic_conversion,0,0,0,0,0,1,0,0,0,0,0,3,4,4,5,5,5,5,5,4.5,,,,,,,,,,,,,,,,,,,,,,,,,,,,,,,,,,,,,,,,,,,,
ARE,United Arab Emirates,2017,Middle East & North Africa,Small-state geoeconomic command state,strategic_conversion,0,0,0,0,0,1,0,0,0,0,0,3,4,4,5,5,5,5,5,4.5,,,,,,,,,,,,,,,,,,,,,,,,,,,,,,,,,,,,,,,,,,,,
ARE,United Arab Emirates,2018,Middle East & North Africa,Small-state geoeconomic command state,strategic_conversion,0,0,0,0,0,1,0,0,0,0,0,3,4,4,5,5,5,5,5,4.5,,,,,,,,,,,,,,,,,,,,,,,,,,,,,,,,,,,,,,,,,,,,
ARE,United Arab Emirates,2019,Middle East & North Africa,Small-state geoeconomic command state,strategic_conversion,0,0,0,0,0,1,0,0,0,0,0,3,4,4,5,5,5,5,5,4.5,,,,,,,,,,,,,,,,,,,,,,,,,,,,,,,,,,,,,,,,,,,,
ARE,United Arab Emirates,2020,Middle East & North Africa,Small-state geoeconomic command state,strategic_conversion,0,0,0,0,0,1,0,0,0,0,0,3,4,4,5,5,5,5,5,4.5,,,,,,,,,,,,,,,,,,,,,,,,,,,,,,,,,,,,,,,,,,,,
ARE,United Arab Emirates,2021,Middle East & North Africa,Small-state geoeconomic command state,strategic_conversion,0,0,0,0,0,1,0,0,0,0,0,3,4,4,5,5,5,5,5,4.5,,,,,,,,,,,,,,,,,,,,,,,,,,,,,,,,,,,,,,,,,,,,
ARE,United Arab Emirates,2022,Middle East & North Africa,Small-state geoeconomic command state,strategic_conversion,0,0,0,0,0,1,0,0,0,0,0,3,4,4,5,5,5,5,5,4.5,,,,,,,,,,,,,,,,,,,,,,,,,,,,,,,,,,,,,,,,,,,,
ARE,United Arab Emirates,2023,Middle East & North Africa,Small-state geoeconomic command state,strategic_conversion,0,0,0,0,0,1,0,0,0,0,0,3,4,4,5,5,5,5,5,4.5,,,,,,,,,,,,,,,,,,,,,,,,,,,,,,,,,,,,,,,,,,,,
ARE,United Arab Emirates,2024,Middle East & North Africa,Small-state geoeconomic command state,strategic_conversion,0,0,0,0,0,1,0,0,0,0,0,3,4,4,5,5,5,5,5,4.5,,,,,,,,,,,,,,,,,,,,,,,,,,,,,,,,,,,,,,,,,,,,
ARE,United Arab Emirates,2025,Middle East & North Africa,Small-state geoeconomic command state,strategic_conversion,0,0,0,0,0,1,0,0,0,0,0,3,4,4,5,5,5,5,5,4.5,,,,,,,,,,,,,,,,,,,,,,,,,,,,,,,,,,,,,,,,,,,,
EGY,Egypt,1980,Middle East & North Africa,Vulnerability-trapped strategic state,vulnerability_trap,0,0,0,0,0,0,0,1,0,0,0,2,2,3,3,2,2,2,2,2.25,,,,,,,,,,,,,,,,,,,,,,,,,,,,,,,,,,,,,,,,,,,,
EGY,Egypt,1981,Middle East & North Africa,Vulnerability-trapped strategic state,vulnerability_trap,0,0,0,0,0,0,0,1,0,0,0,2,2,3,3,2,2,2,2,2.25,,,,,,,,,,,,,,,,,,,,,,,,,,,,,,,,,,,,,,,,,,,,
EGY,Egypt,1982,Middle East & North Africa,Vulnerability-trapped strategic state,vulnerability_trap,0,0,0,0,0,0,0,1,0,0,0,2,2,3,3,2,2,2,2,2.25,,,,,,,,,,,,,,,,,,,,,,,,,,,,,,,,,,,,,,,,,,,,
EGY,Egypt,1983,Middle East & North Africa,Vulnerability-trapped strategic state,vulnerability_trap,0,0,0,0,0,0,0,1,0,0,0,2,2,3,3,2,2,2,2,2.25,,,,,,,,,,,,,,,,,,,,,,,,,,,,,,,,,,,,,,,,,,,,
EGY,Egypt,1984,Middle East & North Africa,Vulnerability-trapped strategic state,vulnerability_trap,0,0,0,0,0,0,0,1,0,0,0,2,2,3,3,2,2,2,2,2.25,,,,,,,,,,,,,,,,,,,,,,,,,,,,,,,,,,,,,,,,,,,,
EGY,Egypt,1985,Middle East & North Africa,Vulnerability-trapped strategic state,vulnerability_trap,0,0,0,0,0,0,0,1,0,0,0,2,2,3,3,2,2,2,2,2.25,,,,,,,,,,,,,,,,,,,,,,,,,,,,,,,,,,,,,,,,,,,,
EGY,Egypt,1986,Middle East & North Africa,Vulnerability-trapped strategic state,vulnerability_trap,0,0,0,0,0,0,0,1,0,0,0,2,2,3,3,2,2,2,2,2.25,,,,,,,,,,,,,,,,,,,,,,,,,,,,,,,,,,,,,,,,,,,,
EGY,Egypt,1987,Middle East & North Africa,Vulnerability-trapped strategic state,vulnerability_trap,0,0,0,0,0,0,0,1,0,0,0,2,2,3,3,2,2,2,2,2.25,,,,,,,,,,,,,,,,,,,,,,,,,,,,,,,,,,,,,,,,,,,,
EGY,Egypt,1988,Middle East & North Africa,Vulnerability-trapped strategic state,vulnerability_trap,0,0,0,0,0,0,0,1,0,0,0,2,2,3,3,2,2,2,2,2.25,,,,,,,,,,,,,,,,,,,,,,,,,,,,,,,,,,,,,,,,,,,,
EGY,Egypt,1989,Middle East & North Africa,Vulnerability-trapped strategic state,vulnerability_trap,0,0,0,0,0,0,0,1,0,0,0,2,2,3,3,2,2,2,2,2.25,,,,,,,,,,,,,,,,,,,,,,,,,,,,,,,,,,,,,,,,,,,,
EGY,Egypt,1990,Middle East & North Africa,Vulnerability-trapped strategic state,vulnerability_trap,0,0,0,0,0,0,0,1,0,0,0,2,2,3,3,2,2,2,2,2.25,,,,,,,,,,,,,,,,,,,,,,,,,,,,,,,,,,,,,,,,,,,,
EGY,Egypt,1991,Middle East & North Africa,Vulnerability-trapped strategic state,vulnerability_trap,0,0,0,0,0,0,0,1,0,0,0,2,2,3,3,2,2,2,2,2.25,,,,,,,,,,,,,,,,,,,,,,,,,,,,,,,,,,,,,,,,,,,,
EGY,Egypt,1992,Middle East & North Africa,Vulnerability-trapped strategic state,vulnerability_trap,0,0,0,0,0,0,0,1,0,0,0,2,2,3,3,2,2,2,2,2.25,,,,,,,,,,,,,,,,,,,,,,,,,,,,,,,,,,,,,,,,,,,,
EGY,Egypt,1993,Middle East & North Africa,Vulnerability-trapped strategic state,vulnerability_trap,0,0,0,0,0,0,0,1,0,0,0,2,2,3,3,2,2,2,2,2.25,,,,,,,,,,,,,,,,,,,,,,,,,,,,,,,,,,,,,,,,,,,,
EGY,Egypt,1994,Middle East & North Africa,Vulnerability-trapped strategic state,vulnerability_trap,0,0,0,0,0,0,0,1,0,0,0,2,2,3,3,2,2,2,2,2.25,,,,,,,,,,,,,,,,,,,,,,,,,,,,,,,,,,,,,,,,,,,,
EGY,Egypt,1995,Middle East & North Africa,Vulnerability-trapped strategic state,vulnerability_trap,0,0,0,0,0,0,0,1,0,0,0,2,2,3,3,2,2,2,2,2.25,,,,,,,,,,,,,,,,,,,,,,,,,,,,,,,,,,,,,,,,,,,,
EGY,Egypt,1996,Middle East & North Africa,Vulnerability-trapped strategic state,vulnerability_trap,0,0,0,0,0,0,0,1,0,0,0,2,2,3,3,2,2,2,2,2.25,,,,,,,,,,,,,,,,,,,,,,,,,,,,,,,,,,,,,,,,,,,,
EGY,Egypt,1997,Middle East & North Africa,Vulnerability-trapped strategic state,vulnerability_trap,0,0,0,0,0,0,0,1,0,0,0,2,2,3,3,2,2,2,2,2.25,,,,,,,,,,,,,,,,,,,,,,,,,,,,,,,,,,,,,,,,,,,,
EGY,Egypt,1998,Middle East & North Africa,Vulnerability-trapped strategic state,vulnerability_trap,0,0,0,0,0,0,0,1,0,0,0,2,2,3,3,2,2,2,2,2.25,,,,,,,,,,,,,,,,,,,,,,,,,,,,,,,,,,,,,,,,,,,,
EGY,Egypt,1999,Middle East & North Africa,Vulnerability-trapped strategic state,vulnerability_trap,0,0,0,0,0,0,0,1,0,0,0,2,2,3,3,2,2,2,2,2.25,,,,,,,,,,,,,,,,,,,,,,,,,,,,,,,,,,,,,,,,,,,,
EGY,Egypt,2000,Middle East & North Africa,Vulnerability-trapped strategic state,vulnerability_trap,0,0,0,0,0,0,0,1,0,0,0,2,2,3,3,2,2,2,2,2.25,,,,,,,,,,,,,,,,,,,,,,,,,,,,,,,,,,,,,,,,,,,,
EGY,Egypt,2001,Middle East & North Africa,Vulnerability-trapped strategic state,vulnerability_trap,0,0,0,0,0,0,0,1,0,0,0,2,2,3,3,2,2,2,2,2.25,,,,,,,,,,,,,,,,,,,,,,,,,,,,,,,,,,,,,,,,,,,,
EGY,Egypt,2002,Middle East & North Africa,Vulnerability-trapped strategic state,vulnerability_trap,0,0,0,0,0,0,0,1,0,0,0,2,2,3,3,2,2,2,2,2.25,,,,,,,,,,,,,,,,,,,,,,,,,,,,,,,,,,,,,,,,,,,,
EGY,Egypt,2003,Middle East & North Africa,Vulnerability-trapped strategic state,vulnerability_trap,0,0,0,0,0,0,0,1,0,0,0,2,2,3,3,2,2,2,2,2.25,,,,,,,,,,,,,,,,,,,,,,,,,,,,,,,,,,,,,,,,,,,,
EGY,Egypt,2004,Middle East & North Africa,Vulnerability-trapped strategic state,vulnerability_trap,0,0,0,0,0,0,0,1,0,0,0,2,2,3,3,2,2,2,2,2.25,,,,,,,,,,,,,,,,,,,,,,,,,,,,,,,,,,,,,,,,,,,,
EGY,Egypt,2005,Middle East & North Africa,Vulnerability-trapped strategic state,vulnerability_trap,0,0,0,0,0,0,0,1,0,0,0,2,2,3,3,2,2,2,2,2.25,,,,,,,,,,,,,,,,,,,,,,,,,,,,,,,,,,,,,,,,,,,,
EGY,Egypt,2006,Middle East & North Africa,Vulnerability-trapped strategic state,vulnerability_trap,0,0,0,0,0,0,0,1,0,0,0,2,2,3,3,2,2,2,2,2.25,,,,,,,,,,,,,,,,,,,,,,,,,,,,,,,,,,,,,,,,,,,,
EGY,Egypt,2007,Middle East & North Africa,Vulnerability-trapped strategic state,vulnerability_trap,0,0,0,0,0,0,0,1,0,0,0,2,2,3,3,2,2,2,2,2.25,,,,,,,,,,,,,,,,,,,,,,,,,,,,,,,,,,,,,,,,,,,,
EGY,Egypt,2008,Middle East & North Africa,Vulnerability-trapped strategic state,vulnerability_trap,0,0,0,0,0,0,0,1,0,0,0,2,2,3,3,2,2,2,2,2.25,,,,,,,,,,,,,,,,,,,,,,,,,,,,,,,,,,,,,,,,,,,,
EGY,Egypt,2009,Middle East & North Africa,Vulnerability-trapped strategic state,vulnerability_trap,0,0,0,0,0,0,0,1,0,0,0,2,2,3,3,2,2,2,2,2.25,,,,,,,,,,,,,,,,,,,,,,,,,,,,,,,,,,,,,,,,,,,,
EGY,Egypt,2010,Middle East & North Africa,Vulnerability-trapped strategic state,vulnerability_trap,0,0,0,0,0,0,0,1,0,0,0,2,2,3,3,2,2,2,2,2.25,,,,,,,,,,,,,,,,,,,,,,,,,,,,,,,,,,,,,,,,,,,,
EGY,Egypt,2011,Middle East & North Africa,Vulnerability-trapped strategic state,vulnerability_trap,0,0,0,0,0,0,0,1,0,0,0,2,2,3,3,2,2,2,2,2.25,,,,,,,,,,,,,,,,,,,,,,,,,,,,,,,,,,,,,,,,,,,,
EGY,Egypt,2012,Middle East & North Africa,Vulnerability-trapped strategic state,vulnerability_trap,0,0,0,0,0,0,0,1,0,0,0,2,2,3,3,2,2,2,2,2.25,,,,,,,,,,,,,,,,,,,,,,,,,,,,,,,,,,,,,,,,,,,,
EGY,Egypt,2013,Middle East & North Africa,Vulnerability-trapped strategic state,vulnerability_trap,0,0,0,0,0,0,0,1,0,0,0,2,2,3,3,2,2,2,2,2.25,,,,,,,,,,,,,,,,,,,,,,,,,,,,,,,,,,,,,,,,,,,,
EGY,Egypt,2014,Middle East & North Africa,Vulnerability-trapped strategic state,vulnerability_trap,0,0,0,0,0,0,0,1,0,0,0,2,2,3,3,2,2,2,2,2.25,,,,,,,,,,,,,,,,,,,,,,,,,,,,,,,,,,,,,,,,,,,,
EGY,Egypt,2015,Middle East & North Africa,Vulnerability-trapped strategic state,vulnerability_trap,0,0,0,0,0,0,0,1,0,0,0,2,2,3,3,2,2,2,2,2.25,,,,,,,,,,,,,,,,,,,,,,,,,,,,,,,,,,,,,,,,,,,,
EGY,Egypt,2016,Middle East & North Africa,Vulnerability-trapped strategic state,vulnerability_trap,0,0,0,0,0,0,0,1,0,0,0,2,2,3,3,2,2,2,2,2.25,,,,,,,,,,,,,,,,,,,,,,,,,,,,,,,,,,,,,,,,,,,,
EGY,Egypt,2017,Middle East & North Africa,Vulnerability-trapped strategic state,vulnerability_trap,0,0,0,0,0,0,0,1,0,0,0,2,2,3,3,2,2,2,2,2.25,,,,,,,,,,,,,,,,,,,,,,,,,,,,,,,,,,,,,,,,,,,,
EGY,Egypt,2018,Middle East & North Africa,Vulnerability-trapped strategic state,vulnerability_trap,0,0,0,0,0,0,0,1,0,0,0,2,2,3,3,2,2,2,2,2.25,,,,,,,,,,,,,,,,,,,,,,,,,,,,,,,,,,,,,,,,,,,,
EGY,Egypt,2019,Middle East & North Africa,Vulnerability-trapped strategic state,vulnerability_trap,0,0,0,0,0,0,0,1,0,0,0,2,2,3,3,2,2,2,2,2.25,,,,,,,,,,,,,,,,,,,,,,,,,,,,,,,,,,,,,,,,,,,,
EGY,Egypt,2020,Middle East & North Africa,Vulnerability-trapped strategic state,vulnerability_trap,0,0,0,0,0,0,0,1,0,0,0,2,2,3,3,2,2,2,2,2.25,,,,,,,,,,,,,,,,,,,,,,,,,,,,,,,,,,,,,,,,,,,,
EGY,Egypt,2021,Middle East & North Africa,Vulnerability-trapped strategic state,vulnerability_trap,0,0,0,0,0,0,0,1,0,0,0,2,2,3,3,2,2,2,2,2.25,,,,,,,,,,,,,,,,,,,,,,,,,,,,,,,,,,,,,,,,,,,,
EGY,Egypt,2022,Middle East & North Africa,Vulnerability-trapped strategic state,vulnerability_trap,0,0,0,0,0,0,0,1,0,0,0,2,2,3,3,2,2,2,2,2.25,,,,,,,,,,,,,,,,,,,,,,,,,,,,,,,,,,,,,,,,,,,,
EGY,Egypt,2023,Middle East & North Africa,Vulnerability-trapped strategic state,vulnerability_trap,0,0,0,0,0,0,0,1,0,0,0,2,2,3,3,2,2,2,2,2.25,,,,,,,,,,,,,,,,,,,,,,,,,,,,,,,,,,,,,,,,,,,,
EGY,Egypt,2024,Middle East & North Africa,Vulnerability-trapped strategic state,vulnerability_trap,0,0,0,0,0,0,0,1,0,0,0,2,2,3,3,2,2,2,2,2.25,,,,,,,,,,,,,,,,,,,,,,,,,,,,,,,,,,,,,,,,,,,,
EGY,Egypt,2025,Middle East & North Africa,Vulnerability-trapped strategic state,vulnerability_trap,0,0,0,0,0,0,0,1,0,0,0,2,2,3,3,2,2,2,2,2.25,,,,,,,,,,,,,,,,,,,,,,,,,,,,,,,,,,,,,,,,,,,,
ZAF,South Africa,1980,Sub-Saharan Africa,High-potential weakened-command sovereign,vulnerability_trap_partial,0,0,0,0,0,0,0,1,0,0,0,2,2,4,2,3,2,3,2.5,2.562,,,,,,,,,,,,,,,,,,,,,,,,,,,,,,,,,,,,,,,,,,,,
ZAF,South Africa,1981,Sub-Saharan Africa,High-potential weakened-command sovereign,vulnerability_trap_partial,0,0,0,0,0,0,0,1,0,0,0,2,2,4,2,3,2,3,2.5,2.562,,,,,,,,,,,,,,,,,,,,,,,,,,,,,,,,,,,,,,,,,,,,
ZAF,South Africa,1982,Sub-Saharan Africa,High-potential weakened-command sovereign,vulnerability_trap_partial,0,0,0,0,0,0,0,1,0,0,0,2,2,4,2,3,2,3,2.5,2.562,,,,,,,,,,,,,,,,,,,,,,,,,,,,,,,,,,,,,,,,,,,,
ZAF,South Africa,1983,Sub-Saharan Africa,High-potential weakened-command sovereign,vulnerability_trap_partial,0,0,0,0,0,0,0,1,0,0,0,2,2,4,2,3,2,3,2.5,2.562,,,,,,,,,,,,,,,,,,,,,,,,,,,,,,,,,,,,,,,,,,,,
ZAF,South Africa,1984,Sub-Saharan Africa,High-potential weakened-command sovereign,vulnerability_trap_partial,0,0,0,0,0,0,0,1,0,0,0,2,2,4,2,3,2,3,2.5,2.562,,,,,,,,,,,,,,,,,,,,,,,,,,,,,,,,,,,,,,,,,,,,
ZAF,South Africa,1985,Sub-Saharan Africa,High-potential weakened-command sovereign,vulnerability_trap_partial,0,0,0,0,0,0,0,1,0,0,0,2,2,4,2,3,2,3,2.5,2.562,,,,,,,,,,,,,,,,,,,,,,,,,,,,,,,,,,,,,,,,,,,,
ZAF,South Africa,1986,Sub-Saharan Africa,High-potential weakened-command sovereign,vulnerability_trap_partial,0,0,0,0,0,0,0,1,0,0,0,2,2,4,2,3,2,3,2.5,2.562,,,,,,,,,,,,,,,,,,,,,,,,,,,,,,,,,,,,,,,,,,,,
ZAF,South Africa,1987,Sub-Saharan Africa,High-potential weakened-command sovereign,vulnerability_trap_partial,0,0,0,0,0,0,0,1,0,0,0,2,2,4,2,3,2,3,2.5,2.562,,,,,,,,,,,,,,,,,,,,,,,,,,,,,,,,,,,,,,,,,,,,
ZAF,South Africa,1988,Sub-Saharan Africa,High-potential weakened-command sovereign,vulnerability_trap_partial,0,0,0,0,0,0,0,1,0,0,0,2,2,4,2,3,2,3,2.5,2.562,,,,,,,,,,,,,,,,,,,,,,,,,,,,,,,,,,,,,,,,,,,,
ZAF,South Africa,1989,Sub-Saharan Africa,High-potential weakened-command sovereign,vulnerability_trap_partial,0,0,0,0,0,0,0,1,0,0,0,2,2,4,2,3,2,3,2.5,2.562,,,,,,,,,,,,,,,,,,,,,,,,,,,,,,,,,,,,,,,,,,,,
ZAF,South Africa,1990,Sub-Saharan Africa,High-potential weakened-command sovereign,vulnerability_trap_partial,0,0,0,0,0,0,0,1,0,0,0,2,2,4,2,3,2,3,2.5,2.562,,,,,,,,,,,,,,,,,,,,,,,,,,,,,,,,,,,,,,,,,,,,
ZAF,South Africa,1991,Sub-Saharan Africa,High-potential weakened-command sovereign,vulnerability_trap_partial,0,0,0,0,0,0,0,1,0,0,0,2,2,4,2,3,2,3,2.5,2.562,,,,,,,,,,,,,,,,,,,,,,,,,,,,,,,,,,,,,,,,,,,,
ZAF,South Africa,1992,Sub-Saharan Africa,High-potential weakened-command sovereign,vulnerability_trap_partial,0,0,0,0,0,0,0,1,0,0,0,2,2,4,2,3,2,3,2.5,2.562,,,,,,,,,,,,,,,,,,,,,,,,,,,,,,,,,,,,,,,,,,,,
ZAF,South Africa,1993,Sub-Saharan Africa,High-potential weakened-command sovereign,vulnerability_trap_partial,0,0,0,0,0,0,0,1,0,0,0,2,2,4,2,3,2,3,2.5,2.562,,,,,,,,,,,,,,,,,,,,,,,,,,,,,,,,,,,,,,,,,,,,
ZAF,South Africa,1994,Sub-Saharan Africa,High-potential weakened-command sovereign,vulnerability_trap_partial,0,0,0,0,0,0,0,1,0,0,0,2,2,4,2,3,2,3,2.5,2.562,,,,,,,,,,,,,,,,,,,,,,,,,,,,,,,,,,,,,,,,,,,,
ZAF,South Africa,1995,Sub-Saharan Africa,High-potential weakened-command sovereign,vulnerability_trap_partial,0,0,0,0,0,0,0,1,0,0,0,2,2,4,2,3,2,3,2.5,2.562,,,,,,,,,,,,,,,,,,,,,,,,,,,,,,,,,,,,,,,,,,,,
ZAF,South Africa,1996,Sub-Saharan Africa,High-potential weakened-command sovereign,vulnerability_trap_partial,0,0,0,0,0,0,0,1,0,0,0,2,2,4,2,3,2,3,2.5,2.562,,,,,,,,,,,,,,,,,,,,,,,,,,,,,,,,,,,,,,,,,,,,
ZAF,South Africa,1997,Sub-Saharan Africa,High-potential weakened-command sovereign,vulnerability_trap_partial,0,0,0,0,0,0,0,1,0,0,0,2,2,4,2,3,2,3,2.5,2.562,,,,,,,,,,,,,,,,,,,,,,,,,,,,,,,,,,,,,,,,,,,,
ZAF,South Africa,1998,Sub-Saharan Africa,High-potential weakened-command sovereign,vulnerability_trap_partial,0,0,0,0,0,0,0,1,0,0,0,2,2,4,2,3,2,3,2.5,2.562,,,,,,,,,,,,,,,,,,,,,,,,,,,,,,,,,,,,,,,,,,,,
ZAF,South Africa,1999,Sub-Saharan Africa,High-potential weakened-command sovereign,vulnerability_trap_partial,0,0,0,0,0,0,0,1,0,0,0,2,2,4,2,3,2,3,2.5,2.562,,,,,,,,,,,,,,,,,,,,,,,,,,,,,,,,,,,,,,,,,,,,
ZAF,South Africa,2000,Sub-Saharan Africa,High-potential weakened-command sovereign,vulnerability_trap_partial,0,0,0,0,0,0,0,1,0,0,0,2,2,4,2,3,2,3,2.5,2.562,,,,,,,,,,,,,,,,,,,,,,,,,,,,,,,,,,,,,,,,,,,,
ZAF,South Africa,2001,Sub-Saharan Africa,High-potential weakened-command sovereign,vulnerability_trap_partial,0,0,0,0,0,0,0,1,0,0,0,2,2,4,2,3,2,3,2.5,2.562,,,,,,,,,,,,,,,,,,,,,,,,,,,,,,,,,,,,,,,,,,,,
ZAF,South Africa,2002,Sub-Saharan Africa,High-potential weakened-command sovereign,vulnerability_trap_partial,0,0,0,0,0,0,0,1,0,0,0,2,2,4,2,3,2,3,2.5,2.562,,,,,,,,,,,,,,,,,,,,,,,,,,,,,,,,,,,,,,,,,,,,
ZAF,South Africa,2003,Sub-Saharan Africa,High-potential weakened-command sovereign,vulnerability_trap_partial,0,0,0,0,0,0,0,1,0,0,0,2,2,4,2,3,2,3,2.5,2.562,,,,,,,,,,,,,,,,,,,,,,,,,,,,,,,,,,,,,,,,,,,,
ZAF,South Africa,2004,Sub-Saharan Africa,High-potential weakened-command sovereign,vulnerability_trap_partial,0,0,0,0,0,0,0,1,0,0,0,2,2,4,2,3,2,3,2.5,2.562,,,,,,,,,,,,,,,,,,,,,,,,,,,,,,,,,,,,,,,,,,,,
ZAF,South Africa,2005,Sub-Saharan Africa,High-potential weakened-command sovereign,vulnerability_trap_partial,0,0,0,0,0,0,0,1,0,0,0,2,2,4,2,3,2,3,2.5,2.562,,,,,,,,,,,,,,,,,,,,,,,,,,,,,,,,,,,,,,,,,,,,
ZAF,South Africa,2006,Sub-Saharan Africa,High-potential weakened-command sovereign,vulnerability_trap_partial,0,0,0,0,0,0,0,1,0,0,0,2,2,4,2,3,2,3,2.5,2.562,,,,,,,,,,,,,,,,,,,,,,,,,,,,,,,,,,,,,,,,,,,,
ZAF,South Africa,2007,Sub-Saharan Africa,High-potential weakened-command sovereign,vulnerability_trap_partial,0,0,0,0,0,0,0,1,0,0,0,2,2,4,2,3,2,3,2.5,2.562,,,,,,,,,,,,,,,,,,,,,,,,,,,,,,,,,,,,,,,,,,,,
ZAF,South Africa,2008,Sub-Saharan Africa,High-potential weakened-command sovereign,vulnerability_trap_partial,0,0,0,0,0,0,0,1,0,0,0,2,2,4,2,3,2,3,2.5,2.562,,,,,,,,,,,,,,,,,,,,,,,,,,,,,,,,,,,,,,,,,,,,
ZAF,South Africa,2009,Sub-Saharan Africa,High-potential weakened-command sovereign,vulnerability_trap_partial,0,0,0,0,0,0,0,1,0,0,0,2,2,4,2,3,2,3,2.5,2.562,,,,,,,,,,,,,,,,,,,,,,,,,,,,,,,,,,,,,,,,,,,,
ZAF,South Africa,2010,Sub-Saharan Africa,High-potential weakened-command sovereign,vulnerability_trap_partial,0,0,0,0,0,0,0,1,0,0,0,2,2,4,2,3,2,3,2.5,2.562,,,,,,,,,,,,,,,,,,,,,,,,,,,,,,,,,,,,,,,,,,,,
ZAF,South Africa,2011,Sub-Saharan Africa,High-potential weakened-command sovereign,vulnerability_trap_partial,0,0,0,0,0,0,0,1,0,0,0,2,2,4,2,3,2,3,2.5,2.562,,,,,,,,,,,,,,,,,,,,,,,,,,,,,,,,,,,,,,,,,,,,
ZAF,South Africa,2012,Sub-Saharan Africa,High-potential weakened-command sovereign,vulnerability_trap_partial,0,0,0,0,0,0,0,1,0,0,0,2,2,4,2,3,2,3,2.5,2.562,,,,,,,,,,,,,,,,,,,,,,,,,,,,,,,,,,,,,,,,,,,,
ZAF,South Africa,2013,Sub-Saharan Africa,High-potential weakened-command sovereign,vulnerability_trap_partial,0,0,0,0,0,0,0,1,0,0,0,2,2,4,2,3,2,3,2.5,2.562,,,,,,,,,,,,,,,,,,,,,,,,,,,,,,,,,,,,,,,,,,,,
ZAF,South Africa,2014,Sub-Saharan Africa,High-potential weakened-command sovereign,vulnerability_trap_partial,0,0,0,0,0,0,0,1,0,0,0,2,2,4,2,3,2,3,2.5,2.562,,,,,,,,,,,,,,,,,,,,,,,,,,,,,,,,,,,,,,,,,,,,
ZAF,South Africa,2015,Sub-Saharan Africa,High-potential weakened-command sovereign,vulnerability_trap_partial,0,0,0,0,0,0,0,1,0,0,0,2,2,4,2,3,2,3,2.5,2.562,,,,,,,,,,,,,,,,,,,,,,,,,,,,,,,,,,,,,,,,,,,,
ZAF,South Africa,2016,Sub-Saharan Africa,High-potential weakened-command sovereign,vulnerability_trap_partial,0,0,0,0,0,0,0,1,0,0,0,2,2,4,2,3,2,3,2.5,2.562,,,,,,,,,,,,,,,,,,,,,,,,,,,,,,,,,,,,,,,,,,,,
ZAF,South Africa,2017,Sub-Saharan Africa,High-potential weakened-command sovereign,vulnerability_trap_partial,0,0,0,0,0,0,0,1,0,0,0,2,2,4,2,3,2,3,2.5,2.562,,,,,,,,,,,,,,,,,,,,,,,,,,,,,,,,,,,,,,,,,,,,
ZAF,South Africa,2018,Sub-Saharan Africa,High-potential weakened-command sovereign,vulnerability_trap_partial,0,0,0,0,0,0,0,1,0,0,0,2,2,4,2,3,2,3,2.5,2.562,,,,,,,,,,,,,,,,,,,,,,,,,,,,,,,,,,,,,,,,,,,,
ZAF,South Africa,2019,Sub-Saharan Africa,High-potential weakened-command sovereign,vulnerability_trap_partial,0,0,0,0,0,0,0,1,0,0,0,2,2,4,2,3,2,3,2.5,2.562,,,,,,,,,,,,,,,,,,,,,,,,,,,,,,,,,,,,,,,,,,,,
ZAF,South Africa,2020,Sub-Saharan Africa,High-potential weakened-command sovereign,vulnerability_trap_partial,0,0,0,0,0,0,0,1,0,0,0,2,2,4,2,3,2,3,2.5,2.562,,,,,,,,,,,,,,,,,,,,,,,,,,,,,,,,,,,,,,,,,,,,
ZAF,South Africa,2021,Sub-Saharan Africa,High-potential weakened-command sovereign,vulnerability_trap_partial,0,0,0,0,0,0,0,1,0,0,0,2,2,4,2,3,2,3,2.5,2.562,,,,,,,,,,,,,,,,,,,,,,,,,,,,,,,,,,,,,,,,,,,,
ZAF,South Africa,2022,Sub-Saharan Africa,High-potential weakened-command sovereign,vulnerability_trap_partial,0,0,0,0,0,0,0,1,0,0,0,2,2,4,2,3,2,3,2.5,2.562,,,,,,,,,,,,,,,,,,,,,,,,,,,,,,,,,,,,,,,,,,,,
ZAF,South Africa,2023,Sub-Saharan Africa,High-potential weakened-command sovereign,vulnerability_trap_partial,0,0,0,0,0,0,0,1,0,0,0,2,2,4,2,3,2,3,2.5,2.562,,,,,,,,,,,,,,,,,,,,,,,,,,,,,,,,,,,,,,,,,,,,
ZAF,South Africa,2024,Sub-Saharan Africa,High-potential weakened-command sovereign,vulnerability_trap_partial,0,0,0,0,0,0,0,1,0,0,0,2,2,4,2,3,2,3,2.5,2.562,,,,,,,,,,,,,,,,,,,,,,,,,,,,,,,,,,,,,,,,,,,,
ZAF,South Africa,2025,Sub-Saharan Africa,High-potential weakened-command sovereign,vulnerability_trap_partial,0,0,0,0,0,0,0,1,0,0,0,2,2,4,2,3,2,3,2.5,2.562,,,,,,,,,,,,,,,,,,,,,,,,,,,,,,,,,,,,,,,,,,,,
KEN,Kenya,1980,Sub-Saharan Africa,Infrastructure-conversion state under fiscal strain,strategic_transition,0,0,0,0,0,0,1,0,0,0,0,2,2,3,3,3,3,3,3,2.75,,,,,,,,,,,,,,,,,,,,,,,,,,,,,,,,,,,,,,,,,,,,
KEN,Kenya,1981,Sub-Saharan Africa,Infrastructure-conversion state under fiscal strain,strategic_transition,0,0,0,0,0,0,1,0,0,0,0,2,2,3,3,3,3,3,3,2.75,,,,,,,,,,,,,,,,,,,,,,,,,,,,,,,,,,,,,,,,,,,,
KEN,Kenya,1982,Sub-Saharan Africa,Infrastructure-conversion state under fiscal strain,strategic_transition,0,0,0,0,0,0,1,0,0,0,0,2,2,3,3,3,3,3,3,2.75,,,,,,,,,,,,,,,,,,,,,,,,,,,,,,,,,,,,,,,,,,,,
KEN,Kenya,1983,Sub-Saharan Africa,Infrastructure-conversion state under fiscal strain,strategic_transition,0,0,0,0,0,0,1,0,0,0,0,2,2,3,3,3,3,3,3,2.75,,,,,,,,,,,,,,,,,,,,,,,,,,,,,,,,,,,,,,,,,,,,
KEN,Kenya,1984,Sub-Saharan Africa,Infrastructure-conversion state under fiscal strain,strategic_transition,0,0,0,0,0,0,1,0,0,0,0,2,2,3,3,3,3,3,3,2.75,,,,,,,,,,,,,,,,,,,,,,,,,,,,,,,,,,,,,,,,,,,,
KEN,Kenya,1985,Sub-Saharan Africa,Infrastructure-conversion state under fiscal strain,strategic_transition,0,0,0,0,0,0,1,0,0,0,0,2,2,3,3,3,3,3,3,2.75,,,,,,,,,,,,,,,,,,,,,,,,,,,,,,,,,,,,,,,,,,,,
KEN,Kenya,1986,Sub-Saharan Africa,Infrastructure-conversion state under fiscal strain,strategic_transition,0,0,0,0,0,0,1,0,0,0,0,2,2,3,3,3,3,3,3,2.75,,,,,,,,,,,,,,,,,,,,,,,,,,,,,,,,,,,,,,,,,,,,
KEN,Kenya,1987,Sub-Saharan Africa,Infrastructure-conversion state under fiscal strain,strategic_transition,0,0,0,0,0,0,1,0,0,0,0,2,2,3,3,3,3,3,3,2.75,,,,,,,,,,,,,,,,,,,,,,,,,,,,,,,,,,,,,,,,,,,,
KEN,Kenya,1988,Sub-Saharan Africa,Infrastructure-conversion state under fiscal strain,strategic_transition,0,0,0,0,0,0,1,0,0,0,0,2,2,3,3,3,3,3,3,2.75,,,,,,,,,,,,,,,,,,,,,,,,,,,,,,,,,,,,,,,,,,,,
KEN,Kenya,1989,Sub-Saharan Africa,Infrastructure-conversion state under fiscal strain,strategic_transition,0,0,0,0,0,0,1,0,0,0,0,2,2,3,3,3,3,3,3,2.75,,,,,,,,,,,,,,,,,,,,,,,,,,,,,,,,,,,,,,,,,,,,
KEN,Kenya,1990,Sub-Saharan Africa,Infrastructure-conversion state under fiscal strain,strategic_transition,0,0,0,0,0,0,1,0,0,0,0,2,2,3,3,3,3,3,3,2.75,,,,,,,,,,,,,,,,,,,,,,,,,,,,,,,,,,,,,,,,,,,,
KEN,Kenya,1991,Sub-Saharan Africa,Infrastructure-conversion state under fiscal strain,strategic_transition,0,0,0,0,0,0,1,0,0,0,0,2,2,3,3,3,3,3,3,2.75,,,,,,,,,,,,,,,,,,,,,,,,,,,,,,,,,,,,,,,,,,,,
KEN,Kenya,1992,Sub-Saharan Africa,Infrastructure-conversion state under fiscal strain,strategic_transition,0,0,0,0,0,0,1,0,0,0,0,2,2,3,3,3,3,3,3,2.75,,,,,,,,,,,,,,,,,,,,,,,,,,,,,,,,,,,,,,,,,,,,
KEN,Kenya,1993,Sub-Saharan Africa,Infrastructure-conversion state under fiscal strain,strategic_transition,0,0,0,0,0,0,1,0,0,0,0,2,2,3,3,3,3,3,3,2.75,,,,,,,,,,,,,,,,,,,,,,,,,,,,,,,,,,,,,,,,,,,,
KEN,Kenya,1994,Sub-Saharan Africa,Infrastructure-conversion state under fiscal strain,strategic_transition,0,0,0,0,0,0,1,0,0,0,0,2,2,3,3,3,3,3,3,2.75,,,,,,,,,,,,,,,,,,,,,,,,,,,,,,,,,,,,,,,,,,,,
KEN,Kenya,1995,Sub-Saharan Africa,Infrastructure-conversion state under fiscal strain,strategic_transition,0,0,0,0,0,0,1,0,0,0,0,2,2,3,3,3,3,3,3,2.75,,,,,,,,,,,,,,,,,,,,,,,,,,,,,,,,,,,,,,,,,,,,
KEN,Kenya,1996,Sub-Saharan Africa,Infrastructure-conversion state under fiscal strain,strategic_transition,0,0,0,0,0,0,1,0,0,0,0,2,2,3,3,3,3,3,3,2.75,,,,,,,,,,,,,,,,,,,,,,,,,,,,,,,,,,,,,,,,,,,,
KEN,Kenya,1997,Sub-Saharan Africa,Infrastructure-conversion state under fiscal strain,strategic_transition,0,0,0,0,0,0,1,0,0,0,0,2,2,3,3,3,3,3,3,2.75,,,,,,,,,,,,,,,,,,,,,,,,,,,,,,,,,,,,,,,,,,,,
KEN,Kenya,1998,Sub-Saharan Africa,Infrastructure-conversion state under fiscal strain,strategic_transition,0,0,0,0,0,0,1,0,0,0,0,2,2,3,3,3,3,3,3,2.75,,,,,,,,,,,,,,,,,,,,,,,,,,,,,,,,,,,,,,,,,,,,
KEN,Kenya,1999,Sub-Saharan Africa,Infrastructure-conversion state under fiscal strain,strategic_transition,0,0,0,0,0,0,1,0,0,0,0,2,2,3,3,3,3,3,3,2.75,,,,,,,,,,,,,,,,,,,,,,,,,,,,,,,,,,,,,,,,,,,,
KEN,Kenya,2000,Sub-Saharan Africa,Infrastructure-conversion state under fiscal strain,strategic_transition,0,0,0,0,0,0,1,0,0,0,0,2,2,3,3,3,3,3,3,2.75,,,,,,,,,,,,,,,,,,,,,,,,,,,,,,,,,,,,,,,,,,,,
KEN,Kenya,2001,Sub-Saharan Africa,Infrastructure-conversion state under fiscal strain,strategic_transition,0,0,0,0,0,0,1,0,0,0,0,2,2,3,3,3,3,3,3,2.75,,,,,,,,,,,,,,,,,,,,,,,,,,,,,,,,,,,,,,,,,,,,
KEN,Kenya,2002,Sub-Saharan Africa,Infrastructure-conversion state under fiscal strain,strategic_transition,0,0,0,0,0,0,1,0,0,0,0,2,2,3,3,3,3,3,3,2.75,,,,,,,,,,,,,,,,,,,,,,,,,,,,,,,,,,,,,,,,,,,,
KEN,Kenya,2003,Sub-Saharan Africa,Infrastructure-conversion state under fiscal strain,strategic_transition,0,0,0,0,0,0,1,0,0,0,0,2,2,3,3,3,3,3,3,2.75,,,,,,,,,,,,,,,,,,,,,,,,,,,,,,,,,,,,,,,,,,,,
KEN,Kenya,2004,Sub-Saharan Africa,Infrastructure-conversion state under fiscal strain,strategic_transition,0,0,0,0,0,0,1,0,0,0,0,2,2,3,3,3,3,3,3,2.75,,,,,,,,,,,,,,,,,,,,,,,,,,,,,,,,,,,,,,,,,,,,
KEN,Kenya,2005,Sub-Saharan Africa,Infrastructure-conversion state under fiscal strain,strategic_transition,0,0,0,0,0,0,1,0,0,0,0,2,2,3,3,3,3,3,3,2.75,,,,,,,,,,,,,,,,,,,,,,,,,,,,,,,,,,,,,,,,,,,,
KEN,Kenya,2006,Sub-Saharan Africa,Infrastructure-conversion state under fiscal strain,strategic_transition,0,0,0,0,0,0,1,0,0,0,0,2,2,3,3,3,3,3,3,2.75,,,,,,,,,,,,,,,,,,,,,,,,,,,,,,,,,,,,,,,,,,,,
KEN,Kenya,2007,Sub-Saharan Africa,Infrastructure-conversion state under fiscal strain,strategic_transition,0,0,0,0,0,0,1,0,0,0,0,2,2,3,3,3,3,3,3,2.75,,,,,,,,,,,,,,,,,,,,,,,,,,,,,,,,,,,,,,,,,,,,
KEN,Kenya,2008,Sub-Saharan Africa,Infrastructure-conversion state under fiscal strain,strategic_transition,0,0,0,0,0,0,1,0,0,0,0,2,2,3,3,3,3,3,3,2.75,,,,,,,,,,,,,,,,,,,,,,,,,,,,,,,,,,,,,,,,,,,,
KEN,Kenya,2009,Sub-Saharan Africa,Infrastructure-conversion state under fiscal strain,strategic_transition,0,0,0,0,0,0,1,0,0,0,0,2,2,3,3,3,3,3,3,2.75,,,,,,,,,,,,,,,,,,,,,,,,,,,,,,,,,,,,,,,,,,,,
KEN,Kenya,2010,Sub-Saharan Africa,Infrastructure-conversion state under fiscal strain,strategic_transition,0,0,0,0,0,0,1,0,0,0,0,2,2,3,3,3,3,3,3,2.75,,,,,,,,,,,,,,,,,,,,,,,,,,,,,,,,,,,,,,,,,,,,
KEN,Kenya,2011,Sub-Saharan Africa,Infrastructure-conversion state under fiscal strain,strategic_transition,0,0,0,0,0,0,1,0,0,0,0,2,2,3,3,3,3,3,3,2.75,,,,,,,,,,,,,,,,,,,,,,,,,,,,,,,,,,,,,,,,,,,,
KEN,Kenya,2012,Sub-Saharan Africa,Infrastructure-conversion state under fiscal strain,strategic_transition,0,0,0,0,0,0,1,0,0,0,0,2,2,3,3,3,3,3,3,2.75,,,,,,,,,,,,,,,,,,,,,,,,,,,,,,,,,,,,,,,,,,,,
KEN,Kenya,2013,Sub-Saharan Africa,Infrastructure-conversion state under fiscal strain,strategic_transition,0,0,0,0,0,0,1,0,0,0,0,2,2,3,3,3,3,3,3,2.75,,,,,,,,,,,,,,,,,,,,,,,,,,,,,,,,,,,,,,,,,,,,
KEN,Kenya,2014,Sub-Saharan Africa,Infrastructure-conversion state under fiscal strain,strategic_transition,0,0,0,0,0,0,1,0,0,0,0,2,2,3,3,3,3,3,3,2.75,,,,,,,,,,,,,,,,,,,,,,,,,,,,,,,,,,,,,,,,,,,,
KEN,Kenya,2015,Sub-Saharan Africa,Infrastructure-conversion state under fiscal strain,strategic_transition,0,0,0,0,0,0,1,0,0,0,0,2,2,3,3,3,3,3,3,2.75,,,,,,,,,,,,,,,,,,,,,,,,,,,,,,,,,,,,,,,,,,,,
KEN,Kenya,2016,Sub-Saharan Africa,Infrastructure-conversion state under fiscal strain,strategic_transition,0,0,0,0,0,0,1,0,0,0,0,2,2,3,3,3,3,3,3,2.75,,,,,,,,,,,,,,,,,,,,,,,,,,,,,,,,,,,,,,,,,,,,
KEN,Kenya,2017,Sub-Saharan Africa,Infrastructure-conversion state under fiscal strain,strategic_transition,0,0,0,0,0,0,1,0,0,0,0,2,2,3,3,3,3,3,3,2.75,,,,,,,,,,,,,,,,,,,,,,,,,,,,,,,,,,,,,,,,,,,,
KEN,Kenya,2018,Sub-Saharan Africa,Infrastructure-conversion state under fiscal strain,strategic_transition,0,0,0,0,0,0,1,0,0,0,0,2,2,3,3,3,3,3,3,2.75,,,,,,,,,,,,,,,,,,,,,,,,,,,,,,,,,,,,,,,,,,,,
KEN,Kenya,2019,Sub-Saharan Africa,Infrastructure-conversion state under fiscal strain,strategic_transition,0,0,0,0,0,0,1,0,0,0,0,2,2,3,3,3,3,3,3,2.75,,,,,,,,,,,,,,,,,,,,,,,,,,,,,,,,,,,,,,,,,,,,
KEN,Kenya,2020,Sub-Saharan Africa,Infrastructure-conversion state under fiscal strain,strategic_transition,0,0,0,0,0,0,1,0,0,0,0,2,2,3,3,3,3,3,3,2.75,,,,,,,,,,,,,,,,,,,,,,,,,,,,,,,,,,,,,,,,,,,,
KEN,Kenya,2021,Sub-Saharan Africa,Infrastructure-conversion state under fiscal strain,strategic_transition,0,0,0,0,0,0,1,0,0,0,0,2,2,3,3,3,3,3,3,2.75,,,,,,,,,,,,,,,,,,,,,,,,,,,,,,,,,,,,,,,,,,,,
KEN,Kenya,2022,Sub-Saharan Africa,Infrastructure-conversion state under fiscal strain,strategic_transition,0,0,0,0,0,0,1,0,0,0,0,2,2,3,3,3,3,3,3,2.75,,,,,,,,,,,,,,,,,,,,,,,,,,,,,,,,,,,,,,,,,,,,
KEN,Kenya,2023,Sub-Saharan Africa,Infrastructure-conversion state under fiscal strain,strategic_transition,0,0,0,0,0,0,1,0,0,0,0,2,2,3,3,3,3,3,3,2.75,,,,,,,,,,,,,,,,,,,,,,,,,,,,,,,,,,,,,,,,,,,,
KEN,Kenya,2024,Sub-Saharan Africa,Infrastructure-conversion state under fiscal strain,strategic_transition,0,0,0,0,0,0,1,0,0,0,0,2,2,3,3,3,3,3,3,2.75,,,,,,,,,,,,,,,,,,,,,,,,,,,,,,,,,,,,,,,,,,,,
KEN,Kenya,2025,Sub-Saharan Africa,Infrastructure-conversion state under fiscal strain,strategic_transition,0,0,0,0,0,0,1,0,0,0,0,2,2,3,3,3,3,3,3,2.75,,,,,,,,,,,,,,,,,,,,,,,,,,,,,,,,,,,,,,,,,,,,
RWA,Rwanda,1980,Sub-Saharan Africa,High-command small-state transition model,strategic_transition,0,0,0,0,0,0,1,0,0,0,0,3,3,2,5,5,4,4,4,3.75,,,,,,,,,,,,,,,,,,,,,,,,,,,,,,,,,,,,,,,,,,,,
RWA,Rwanda,1981,Sub-Saharan Africa,High-command small-state transition model,strategic_transition,0,0,0,0,0,0,1,0,0,0,0,3,3,2,5,5,4,4,4,3.75,,,,,,,,,,,,,,,,,,,,,,,,,,,,,,,,,,,,,,,,,,,,
RWA,Rwanda,1982,Sub-Saharan Africa,High-command small-state transition model,strategic_transition,0,0,0,0,0,0,1,0,0,0,0,3,3,2,5,5,4,4,4,3.75,,,,,,,,,,,,,,,,,,,,,,,,,,,,,,,,,,,,,,,,,,,,
RWA,Rwanda,1983,Sub-Saharan Africa,High-command small-state transition model,strategic_transition,0,0,0,0,0,0,1,0,0,0,0,3,3,2,5,5,4,4,4,3.75,,,,,,,,,,,,,,,,,,,,,,,,,,,,,,,,,,,,,,,,,,,,
RWA,Rwanda,1984,Sub-Saharan Africa,High-command small-state transition model,strategic_transition,0,0,0,0,0,0,1,0,0,0,0,3,3,2,5,5,4,4,4,3.75,,,,,,,,,,,,,,,,,,,,,,,,,,,,,,,,,,,,,,,,,,,,
RWA,Rwanda,1985,Sub-Saharan Africa,High-command small-state transition model,strategic_transition,0,0,0,0,0,0,1,0,0,0,0,3,3,2,5,5,4,4,4,3.75,,,,,,,,,,,,,,,,,,,,,,,,,,,,,,,,,,,,,,,,,,,,
RWA,Rwanda,1986,Sub-Saharan Africa,High-command small-state transition model,strategic_transition,0,0,0,0,0,0,1,0,0,0,0,3,3,2,5,5,4,4,4,3.75,,,,,,,,,,,,,,,,,,,,,,,,,,,,,,,,,,,,,,,,,,,,
RWA,Rwanda,1987,Sub-Saharan Africa,High-command small-state transition model,strategic_transition,0,0,0,0,0,0,1,0,0,0,0,3,3,2,5,5,4,4,4,3.75,,,,,,,,,,,,,,,,,,,,,,,,,,,,,,,,,,,,,,,,,,,,
RWA,Rwanda,1988,Sub-Saharan Africa,High-command small-state transition model,strategic_transition,0,0,0,0,0,0,1,0,0,0,0,3,3,2,5,5,4,4,4,3.75,,,,,,,,,,,,,,,,,,,,,,,,,,,,,,,,,,,,,,,,,,,,
RWA,Rwanda,1989,Sub-Saharan Africa,High-command small-state transition model,strategic_transition,0,0,0,0,0,0,1,0,0,0,0,3,3,2,5,5,4,4,4,3.75,,,,,,,,,,,,,,,,,,,,,,,,,,,,,,,,,,,,,,,,,,,,
RWA,Rwanda,1990,Sub-Saharan Africa,High-command small-state transition model,strategic_transition,0,0,0,0,0,0,1,0,0,0,0,3,3,2,5,5,4,4,4,3.75,,,,,,,,,,,,,,,,,,,,,,,,,,,,,,,,,,,,,,,,,,,,
RWA,Rwanda,1991,Sub-Saharan Africa,High-command small-state transition model,strategic_transition,0,0,0,0,0,0,1,0,0,0,0,3,3,2,5,5,4,4,4,3.75,,,,,,,,,,,,,,,,,,,,,,,,,,,,,,,,,,,,,,,,,,,,
RWA,Rwanda,1992,Sub-Saharan Africa,High-command small-state transition model,strategic_transition,0,0,0,0,0,0,1,0,0,0,0,3,3,2,5,5,4,4,4,3.75,,,,,,,,,,,,,,,,,,,,,,,,,,,,,,,,,,,,,,,,,,,,
RWA,Rwanda,1993,Sub-Saharan Africa,High-command small-state transition model,strategic_transition,0,0,0,0,0,0,1,0,0,0,0,3,3,2,5,5,4,4,4,3.75,,,,,,,,,,,,,,,,,,,,,,,,,,,,,,,,,,,,,,,,,,,,
RWA,Rwanda,1994,Sub-Saharan Africa,High-command small-state transition model,strategic_transition,0,0,0,0,0,0,1,0,0,0,0,3,3,2,5,5,4,4,4,3.75,,,,,,,,,,,,,,,,,,,,,,,,,,,,,,,,,,,,,,,,,,,,
RWA,Rwanda,1995,Sub-Saharan Africa,High-command small-state transition model,strategic_transition,0,0,0,0,0,0,1,0,0,0,0,3,3,2,5,5,4,4,4,3.75,,,,,,,,,,,,,,,,,,,,,,,,,,,,,,,,,,,,,,,,,,,,
RWA,Rwanda,1996,Sub-Saharan Africa,High-command small-state transition model,strategic_transition,0,0,0,0,0,0,1,0,0,0,0,3,3,2,5,5,4,4,4,3.75,,,,,,,,,,,,,,,,,,,,,,,,,,,,,,,,,,,,,,,,,,,,
RWA,Rwanda,1997,Sub-Saharan Africa,High-command small-state transition model,strategic_transition,0,0,0,0,0,0,1,0,0,0,0,3,3,2,5,5,4,4,4,3.75,,,,,,,,,,,,,,,,,,,,,,,,,,,,,,,,,,,,,,,,,,,,
RWA,Rwanda,1998,Sub-Saharan Africa,High-command small-state transition model,strategic_transition,0,0,0,0,0,0,1,0,0,0,0,3,3,2,5,5,4,4,4,3.75,,,,,,,,,,,,,,,,,,,,,,,,,,,,,,,,,,,,,,,,,,,,
RWA,Rwanda,1999,Sub-Saharan Africa,High-command small-state transition model,strategic_transition,0,0,0,0,0,0,1,0,0,0,0,3,3,2,5,5,4,4,4,3.75,,,,,,,,,,,,,,,,,,,,,,,,,,,,,,,,,,,,,,,,,,,,
RWA,Rwanda,2000,Sub-Saharan Africa,High-command small-state transition model,strategic_transition,0,0,0,0,0,0,1,0,0,0,0,3,3,2,5,5,4,4,4,3.75,,,,,,,,,,,,,,,,,,,,,,,,,,,,,,,,,,,,,,,,,,,,
RWA,Rwanda,2001,Sub-Saharan Africa,High-command small-state transition model,strategic_transition,0,0,0,0,0,0,1,0,0,0,0,3,3,2,5,5,4,4,4,3.75,,,,,,,,,,,,,,,,,,,,,,,,,,,,,,,,,,,,,,,,,,,,
RWA,Rwanda,2002,Sub-Saharan Africa,High-command small-state transition model,strategic_transition,0,0,0,0,0,0,1,0,0,0,0,3,3,2,5,5,4,4,4,3.75,,,,,,,,,,,,,,,,,,,,,,,,,,,,,,,,,,,,,,,,,,,,
RWA,Rwanda,2003,Sub-Saharan Africa,High-command small-state transition model,strategic_transition,0,0,0,0,0,0,1,0,0,0,0,3,3,2,5,5,4,4,4,3.75,,,,,,,,,,,,,,,,,,,,,,,,,,,,,,,,,,,,,,,,,,,,
RWA,Rwanda,2004,Sub-Saharan Africa,High-command small-state transition model,strategic_transition,0,0,0,0,0,0,1,0,0,0,0,3,3,2,5,5,4,4,4,3.75,,,,,,,,,,,,,,,,,,,,,,,,,,,,,,,,,,,,,,,,,,,,
RWA,Rwanda,2005,Sub-Saharan Africa,High-command small-state transition model,strategic_transition,0,0,0,0,0,0,1,0,0,0,0,3,3,2,5,5,4,4,4,3.75,,,,,,,,,,,,,,,,,,,,,,,,,,,,,,,,,,,,,,,,,,,,
RWA,Rwanda,2006,Sub-Saharan Africa,High-command small-state transition model,strategic_transition,0,0,0,0,0,0,1,0,0,0,0,3,3,2,5,5,4,4,4,3.75,,,,,,,,,,,,,,,,,,,,,,,,,,,,,,,,,,,,,,,,,,,,
RWA,Rwanda,2007,Sub-Saharan Africa,High-command small-state transition model,strategic_transition,0,0,0,0,0,0,1,0,0,0,0,3,3,2,5,5,4,4,4,3.75,,,,,,,,,,,,,,,,,,,,,,,,,,,,,,,,,,,,,,,,,,,,
RWA,Rwanda,2008,Sub-Saharan Africa,High-command small-state transition model,strategic_transition,0,0,0,0,0,0,1,0,0,0,0,3,3,2,5,5,4,4,4,3.75,,,,,,,,,,,,,,,,,,,,,,,,,,,,,,,,,,,,,,,,,,,,
RWA,Rwanda,2009,Sub-Saharan Africa,High-command small-state transition model,strategic_transition,0,0,0,0,0,0,1,0,0,0,0,3,3,2,5,5,4,4,4,3.75,,,,,,,,,,,,,,,,,,,,,,,,,,,,,,,,,,,,,,,,,,,,
RWA,Rwanda,2010,Sub-Saharan Africa,High-command small-state transition model,strategic_transition,0,0,0,0,0,0,1,0,0,0,0,3,3,2,5,5,4,4,4,3.75,,,,,,,,,,,,,,,,,,,,,,,,,,,,,,,,,,,,,,,,,,,,
RWA,Rwanda,2011,Sub-Saharan Africa,High-command small-state transition model,strategic_transition,0,0,0,0,0,0,1,0,0,0,0,3,3,2,5,5,4,4,4,3.75,,,,,,,,,,,,,,,,,,,,,,,,,,,,,,,,,,,,,,,,,,,,
RWA,Rwanda,2012,Sub-Saharan Africa,High-command small-state transition model,strategic_transition,0,0,0,0,0,0,1,0,0,0,0,3,3,2,5,5,4,4,4,3.75,,,,,,,,,,,,,,,,,,,,,,,,,,,,,,,,,,,,,,,,,,,,
RWA,Rwanda,2013,Sub-Saharan Africa,High-command small-state transition model,strategic_transition,0,0,0,0,0,0,1,0,0,0,0,3,3,2,5,5,4,4,4,3.75,,,,,,,,,,,,,,,,,,,,,,,,,,,,,,,,,,,,,,,,,,,,
RWA,Rwanda,2014,Sub-Saharan Africa,High-command small-state transition model,strategic_transition,0,0,0,0,0,0,1,0,0,0,0,3,3,2,5,5,4,4,4,3.75,,,,,,,,,,,,,,,,,,,,,,,,,,,,,,,,,,,,,,,,,,,,
RWA,Rwanda,2015,Sub-Saharan Africa,High-command small-state transition model,strategic_transition,0,0,0,0,0,0,1,0,0,0,0,3,3,2,5,5,4,4,4,3.75,,,,,,,,,,,,,,,,,,,,,,,,,,,,,,,,,,,,,,,,,,,,
RWA,Rwanda,2016,Sub-Saharan Africa,High-command small-state transition model,strategic_transition,0,0,0,0,0,0,1,0,0,0,0,3,3,2,5,5,4,4,4,3.75,,,,,,,,,,,,,,,,,,,,,,,,,,,,,,,,,,,,,,,,,,,,
RWA,Rwanda,2017,Sub-Saharan Africa,High-command small-state transition model,strategic_transition,0,0,0,0,0,0,1,0,0,0,0,3,3,2,5,5,4,4,4,3.75,,,,,,,,,,,,,,,,,,,,,,,,,,,,,,,,,,,,,,,,,,,,
RWA,Rwanda,2018,Sub-Saharan Africa,High-command small-state transition model,strategic_transition,0,0,0,0,0,0,1,0,0,0,0,3,3,2,5,5,4,4,4,3.75,,,,,,,,,,,,,,,,,,,,,,,,,,,,,,,,,,,,,,,,,,,,
RWA,Rwanda,2019,Sub-Saharan Africa,High-command small-state transition model,strategic_transition,0,0,0,0,0,0,1,0,0,0,0,3,3,2,5,5,4,4,4,3.75,,,,,,,,,,,,,,,,,,,,,,,,,,,,,,,,,,,,,,,,,,,,
RWA,Rwanda,2020,Sub-Saharan Africa,High-command small-state transition model,strategic_transition,0,0,0,0,0,0,1,0,0,0,0,3,3,2,5,5,4,4,4,3.75,,,,,,,,,,,,,,,,,,,,,,,,,,,,,,,,,,,,,,,,,,,,
RWA,Rwanda,2021,Sub-Saharan Africa,High-command small-state transition model,strategic_transition,0,0,0,0,0,0,1,0,0,0,0,3,3,2,5,5,4,4,4,3.75,,,,,,,,,,,,,,,,,,,,,,,,,,,,,,,,,,,,,,,,,,,,
RWA,Rwanda,2022,Sub-Saharan Africa,High-command small-state transition model,strategic_transition,0,0,0,0,0,0,1,0,0,0,0,3,3,2,5,5,4,4,4,3.75,,,,,,,,,,,,,,,,,,,,,,,,,,,,,,,,,,,,,,,,,,,,
RWA,Rwanda,2023,Sub-Saharan Africa,High-command small-state transition model,strategic_transition,0,0,0,0,0,0,1,0,0,0,0,3,3,2,5,5,4,4,4,3.75,,,,,,,,,,,,,,,,,,,,,,,,,,,,,,,,,,,,,,,,,,,,
RWA,Rwanda,2024,Sub-Saharan Africa,High-command small-state transition model,strategic_transition,0,0,0,0,0,0,1,0,0,0,0,3,3,2,5,5,4,4,4,3.75,,,,,,,,,,,,,,,,,,,,,,,,,,,,,,,,,,,,,,,,,,,,
RWA,Rwanda,2025,Sub-Saharan Africa,High-command small-state transition model,strategic_transition,0,0,0,0,0,0,1,0,0,0,0,3,3,2,5,5,4,4,4,3.75,,,,,,,,,,,,,,,,,,,,,,,,,,,,,,,,,,,,,,,,,,,,
IND,India,1980,South Asia,High-power strategic transition state,strategic_transition,0,0,0,0,0,0,1,0,0,0,0,3,4,5,4,4,4,5,4,4.125,,,,,,,,,,,,,,,,,,,,,,,,,,,,,,,,,,,,,,,,,,,,
IND,India,1981,South Asia,High-power strategic transition state,strategic_transition,0,0,0,0,0,0,1,0,0,0,0,3,4,5,4,4,4,5,4,4.125,,,,,,,,,,,,,,,,,,,,,,,,,,,,,,,,,,,,,,,,,,,,
IND,India,1982,South Asia,High-power strategic transition state,strategic_transition,0,0,0,0,0,0,1,0,0,0,0,3,4,5,4,4,4,5,4,4.125,,,,,,,,,,,,,,,,,,,,,,,,,,,,,,,,,,,,,,,,,,,,
IND,India,1983,South Asia,High-power strategic transition state,strategic_transition,0,0,0,0,0,0,1,0,0,0,0,3,4,5,4,4,4,5,4,4.125,,,,,,,,,,,,,,,,,,,,,,,,,,,,,,,,,,,,,,,,,,,,
IND,India,1984,South Asia,High-power strategic transition state,strategic_transition,0,0,0,0,0,0,1,0,0,0,0,3,4,5,4,4,4,5,4,4.125,,,,,,,,,,,,,,,,,,,,,,,,,,,,,,,,,,,,,,,,,,,,
IND,India,1985,South Asia,High-power strategic transition state,strategic_transition,0,0,0,0,0,0,1,0,0,0,0,3,4,5,4,4,4,5,4,4.125,,,,,,,,,,,,,,,,,,,,,,,,,,,,,,,,,,,,,,,,,,,,
IND,India,1986,South Asia,High-power strategic transition state,strategic_transition,0,0,0,0,0,0,1,0,0,0,0,3,4,5,4,4,4,5,4,4.125,,,,,,,,,,,,,,,,,,,,,,,,,,,,,,,,,,,,,,,,,,,,
IND,India,1987,South Asia,High-power strategic transition state,strategic_transition,0,0,0,0,0,0,1,0,0,0,0,3,4,5,4,4,4,5,4,4.125,,,,,,,,,,,,,,,,,,,,,,,,,,,,,,,,,,,,,,,,,,,,
IND,India,1988,South Asia,High-power strategic transition state,strategic_transition,0,0,0,0,0,0,1,0,0,0,0,3,4,5,4,4,4,5,4,4.125,,,,,,,,,,,,,,,,,,,,,,,,,,,,,,,,,,,,,,,,,,,,
IND,India,1989,South Asia,High-power strategic transition state,strategic_transition,0,0,0,0,0,0,1,0,0,0,0,3,4,5,4,4,4,5,4,4.125,,,,,,,,,,,,,,,,,,,,,,,,,,,,,,,,,,,,,,,,,,,,
IND,India,1990,South Asia,High-power strategic transition state,strategic_transition,0,0,0,0,0,0,1,0,0,0,0,3,4,5,4,4,4,5,4,4.125,,,,,,,,,,,,,,,,,,,,,,,,,,,,,,,,,,,,,,,,,,,,
IND,India,1991,South Asia,High-power strategic transition state,strategic_transition,0,0,0,0,0,0,1,0,0,0,0,3,4,5,4,4,4,5,4,4.125,,,,,,,,,,,,,,,,,,,,,,,,,,,,,,,,,,,,,,,,,,,,
IND,India,1992,South Asia,High-power strategic transition state,strategic_transition,0,0,0,0,0,0,1,0,0,0,0,3,4,5,4,4,4,5,4,4.125,,,,,,,,,,,,,,,,,,,,,,,,,,,,,,,,,,,,,,,,,,,,
IND,India,1993,South Asia,High-power strategic transition state,strategic_transition,0,0,0,0,0,0,1,0,0,0,0,3,4,5,4,4,4,5,4,4.125,,,,,,,,,,,,,,,,,,,,,,,,,,,,,,,,,,,,,,,,,,,,
IND,India,1994,South Asia,High-power strategic transition state,strategic_transition,0,0,0,0,0,0,1,0,0,0,0,3,4,5,4,4,4,5,4,4.125,,,,,,,,,,,,,,,,,,,,,,,,,,,,,,,,,,,,,,,,,,,,
IND,India,1995,South Asia,High-power strategic transition state,strategic_transition,0,0,0,0,0,0,1,0,0,0,0,3,4,5,4,4,4,5,4,4.125,,,,,,,,,,,,,,,,,,,,,,,,,,,,,,,,,,,,,,,,,,,,
IND,India,1996,South Asia,High-power strategic transition state,strategic_transition,0,0,0,0,0,0,1,0,0,0,0,3,4,5,4,4,4,5,4,4.125,,,,,,,,,,,,,,,,,,,,,,,,,,,,,,,,,,,,,,,,,,,,
IND,India,1997,South Asia,High-power strategic transition state,strategic_transition,0,0,0,0,0,0,1,0,0,0,0,3,4,5,4,4,4,5,4,4.125,,,,,,,,,,,,,,,,,,,,,,,,,,,,,,,,,,,,,,,,,,,,
IND,India,1998,South Asia,High-power strategic transition state,strategic_transition,0,0,0,0,0,0,1,0,0,0,0,3,4,5,4,4,4,5,4,4.125,,,,,,,,,,,,,,,,,,,,,,,,,,,,,,,,,,,,,,,,,,,,
IND,India,1999,South Asia,High-power strategic transition state,strategic_transition,0,0,0,0,0,0,1,0,0,0,0,3,4,5,4,4,4,5,4,4.125,,,,,,,,,,,,,,,,,,,,,,,,,,,,,,,,,,,,,,,,,,,,
IND,India,2000,South Asia,High-power strategic transition state,strategic_transition,0,0,0,0,0,0,1,0,0,0,0,3,4,5,4,4,4,5,4,4.125,,,,,,,,,,,,,,,,,,,,,,,,,,,,,,,,,,,,,,,,,,,,
IND,India,2001,South Asia,High-power strategic transition state,strategic_transition,0,0,0,0,0,0,1,0,0,0,0,3,4,5,4,4,4,5,4,4.125,,,,,,,,,,,,,,,,,,,,,,,,,,,,,,,,,,,,,,,,,,,,
IND,India,2002,South Asia,High-power strategic transition state,strategic_transition,0,0,0,0,0,0,1,0,0,0,0,3,4,5,4,4,4,5,4,4.125,,,,,,,,,,,,,,,,,,,,,,,,,,,,,,,,,,,,,,,,,,,,
IND,India,2003,South Asia,High-power strategic transition state,strategic_transition,0,0,0,0,0,0,1,0,0,0,0,3,4,5,4,4,4,5,4,4.125,,,,,,,,,,,,,,,,,,,,,,,,,,,,,,,,,,,,,,,,,,,,
IND,India,2004,South Asia,High-power strategic transition state,strategic_transition,0,0,0,0,0,0,1,0,0,0,0,3,4,5,4,4,4,5,4,4.125,,,,,,,,,,,,,,,,,,,,,,,,,,,,,,,,,,,,,,,,,,,,
IND,India,2005,South Asia,High-power strategic transition state,strategic_transition,0,0,0,0,0,0,1,0,0,0,0,3,4,5,4,4,4,5,4,4.125,,,,,,,,,,,,,,,,,,,,,,,,,,,,,,,,,,,,,,,,,,,,
IND,India,2006,South Asia,High-power strategic transition state,strategic_transition,0,0,0,0,0,0,1,0,0,0,0,3,4,5,4,4,4,5,4,4.125,,,,,,,,,,,,,,,,,,,,,,,,,,,,,,,,,,,,,,,,,,,,
IND,India,2007,South Asia,High-power strategic transition state,strategic_transition,0,0,0,0,0,0,1,0,0,0,0,3,4,5,4,4,4,5,4,4.125,,,,,,,,,,,,,,,,,,,,,,,,,,,,,,,,,,,,,,,,,,,,
IND,India,2008,South Asia,High-power strategic transition state,strategic_transition,0,0,0,0,0,0,1,0,0,0,0,3,4,5,4,4,4,5,4,4.125,,,,,,,,,,,,,,,,,,,,,,,,,,,,,,,,,,,,,,,,,,,,
IND,India,2009,South Asia,High-power strategic transition state,strategic_transition,0,0,0,0,0,0,1,0,0,0,0,3,4,5,4,4,4,5,4,4.125,,,,,,,,,,,,,,,,,,,,,,,,,,,,,,,,,,,,,,,,,,,,
IND,India,2010,South Asia,High-power strategic transition state,strategic_transition,0,0,0,0,0,0,1,0,0,0,0,3,4,5,4,4,4,5,4,4.125,,,,,,,,,,,,,,,,,,,,,,,,,,,,,,,,,,,,,,,,,,,,
IND,India,2011,South Asia,High-power strategic transition state,strategic_transition,0,0,0,0,0,0,1,0,0,0,0,3,4,5,4,4,4,5,4,4.125,,,,,,,,,,,,,,,,,,,,,,,,,,,,,,,,,,,,,,,,,,,,
IND,India,2012,South Asia,High-power strategic transition state,strategic_transition,0,0,0,0,0,0,1,0,0,0,0,3,4,5,4,4,4,5,4,4.125,,,,,,,,,,,,,,,,,,,,,,,,,,,,,,,,,,,,,,,,,,,,
IND,India,2013,South Asia,High-power strategic transition state,strategic_transition,0,0,0,0,0,0,1,0,0,0,0,3,4,5,4,4,4,5,4,4.125,,,,,,,,,,,,,,,,,,,,,,,,,,,,,,,,,,,,,,,,,,,,
IND,India,2014,South Asia,High-power strategic transition state,strategic_transition,0,0,0,0,0,0,1,0,0,0,0,3,4,5,4,4,4,5,4,4.125,,,,,,,,,,,,,,,,,,,,,,,,,,,,,,,,,,,,,,,,,,,,
IND,India,2015,South Asia,High-power strategic transition state,strategic_transition,0,0,0,0,0,0,1,0,0,0,0,3,4,5,4,4,4,5,4,4.125,,,,,,,,,,,,,,,,,,,,,,,,,,,,,,,,,,,,,,,,,,,,
IND,India,2016,South Asia,High-power strategic transition state,strategic_transition,0,0,0,0,0,0,1,0,0,0,0,3,4,5,4,4,4,5,4,4.125,,,,,,,,,,,,,,,,,,,,,,,,,,,,,,,,,,,,,,,,,,,,
IND,India,2017,South Asia,High-power strategic transition state,strategic_transition,0,0,0,0,0,0,1,0,0,0,0,3,4,5,4,4,4,5,4,4.125,,,,,,,,,,,,,,,,,,,,,,,,,,,,,,,,,,,,,,,,,,,,
IND,India,2018,South Asia,High-power strategic transition state,strategic_transition,0,0,0,0,0,0,1,0,0,0,0,3,4,5,4,4,4,5,4,4.125,,,,,,,,,,,,,,,,,,,,,,,,,,,,,,,,,,,,,,,,,,,,
IND,India,2019,South Asia,High-power strategic transition state,strategic_transition,0,0,0,0,0,0,1,0,0,0,0,3,4,5,4,4,4,5,4,4.125,,,,,,,,,,,,,,,,,,,,,,,,,,,,,,,,,,,,,,,,,,,,
IND,India,2020,South Asia,High-power strategic transition state,strategic_transition,0,0,0,0,0,0,1,0,0,0,0,3,4,5,4,4,4,5,4,4.125,,,,,,,,,,,,,,,,,,,,,,,,,,,,,,,,,,,,,,,,,,,,
IND,India,2021,South Asia,High-power strategic transition state,strategic_transition,0,0,0,0,0,0,1,0,0,0,0,3,4,5,4,4,4,5,4,4.125,,,,,,,,,,,,,,,,,,,,,,,,,,,,,,,,,,,,,,,,,,,,
IND,India,2022,South Asia,High-power strategic transition state,strategic_transition,0,0,0,0,0,0,1,0,0,0,0,3,4,5,4,4,4,5,4,4.125,,,,,,,,,,,,,,,,,,,,,,,,,,,,,,,,,,,,,,,,,,,,
IND,India,2023,South Asia,High-power strategic transition state,strategic_transition,0,0,0,0,0,0,1,0,0,0,0,3,4,5,4,4,4,5,4,4.125,,,,,,,,,,,,,,,,,,,,,,,,,,,,,,,,,,,,,,,,,,,,
IND,India,2024,South Asia,High-power strategic transition state,strategic_transition,0,0,0,0,0,0,1,0,0,0,0,3,4,5,4,4,4,5,4,4.125,,,,,,,,,,,,,,,,,,,,,,,,,,,,,,,,,,,,,,,,,,,,
IND,India,2025,South Asia,High-power strategic transition state,strategic_transition,0,0,0,0,0,0,1,0,0,0,0,3,4,5,4,4,4,5,4,4.125,,,,,,,,,,,,,,,,,,,,,,,,,,,,,,,,,,,,,,,,,,,,
LKA,Sri Lanka,1980,South Asia,Applied anchor: failed/recoverable debt conversion,anchor_case,0,0,1,0,0,0,0,0,0,0,0,2,1,3,2,2,1,2,2,1.875,,,,,,,,,,,,,,,,,,,,,,,,,,,,,,,,,,,,,,,,,,,,
LKA,Sri Lanka,1981,South Asia,Applied anchor: failed/recoverable debt conversion,anchor_case,0,0,1,0,0,0,0,0,0,0,0,2,1,3,2,2,1,2,2,1.875,,,,,,,,,,,,,,,,,,,,,,,,,,,,,,,,,,,,,,,,,,,,
LKA,Sri Lanka,1982,South Asia,Applied anchor: failed/recoverable debt conversion,anchor_case,0,0,1,0,0,0,0,0,0,0,0,2,1,3,2,2,1,2,2,1.875,,,,,,,,,,,,,,,,,,,,,,,,,,,,,,,,,,,,,,,,,,,,
LKA,Sri Lanka,1983,South Asia,Applied anchor: failed/recoverable debt conversion,anchor_case,0,0,1,0,0,0,0,0,0,0,0,2,1,3,2,2,1,2,2,1.875,,,,,,,,,,,,,,,,,,,,,,,,,,,,,,,,,,,,,,,,,,,,
LKA,Sri Lanka,1984,South Asia,Applied anchor: failed/recoverable debt conversion,anchor_case,0,0,1,0,0,0,0,0,0,0,0,2,1,3,2,2,1,2,2,1.875,,,,,,,,,,,,,,,,,,,,,,,,,,,,,,,,,,,,,,,,,,,,
LKA,Sri Lanka,1985,South Asia,Applied anchor: failed/recoverable debt conversion,anchor_case,0,0,1,0,0,0,0,0,0,0,0,2,1,3,2,2,1,2,2,1.875,,,,,,,,,,,,,,,,,,,,,,,,,,,,,,,,,,,,,,,,,,,,
LKA,Sri Lanka,1986,South Asia,Applied anchor: failed/recoverable debt conversion,anchor_case,0,0,1,0,0,0,0,0,0,0,0,2,1,3,2,2,1,2,2,1.875,,,,,,,,,,,,,,,,,,,,,,,,,,,,,,,,,,,,,,,,,,,,
LKA,Sri Lanka,1987,South Asia,Applied anchor: failed/recoverable debt conversion,anchor_case,0,0,1,0,0,0,0,0,0,0,0,2,1,3,2,2,1,2,2,1.875,,,,,,,,,,,,,,,,,,,,,,,,,,,,,,,,,,,,,,,,,,,,
LKA,Sri Lanka,1988,South Asia,Applied anchor: failed/recoverable debt conversion,anchor_case,0,0,1,0,0,0,0,0,0,0,0,2,1,3,2,2,1,2,2,1.875,,,,,,,,,,,,,,,,,,,,,,,,,,,,,,,,,,,,,,,,,,,,
LKA,Sri Lanka,1989,South Asia,Applied anchor: failed/recoverable debt conversion,anchor_case,0,0,1,0,0,0,0,0,0,0,0,2,1,3,2,2,1,2,2,1.875,,,,,,,,,,,,,,,,,,,,,,,,,,,,,,,,,,,,,,,,,,,,
LKA,Sri Lanka,1990,South Asia,Applied anchor: failed/recoverable debt conversion,anchor_case,0,0,1,0,0,0,0,0,0,0,0,2,1,3,2,2,1,2,2,1.875,,,,,,,,,,,,,,,,,,,,,,,,,,,,,,,,,,,,,,,,,,,,
LKA,Sri Lanka,1991,South Asia,Applied anchor: failed/recoverable debt conversion,anchor_case,0,0,1,0,0,0,0,0,0,0,0,2,1,3,2,2,1,2,2,1.875,,,,,,,,,,,,,,,,,,,,,,,,,,,,,,,,,,,,,,,,,,,,
LKA,Sri Lanka,1992,South Asia,Applied anchor: failed/recoverable debt conversion,anchor_case,0,0,1,0,0,0,0,0,0,0,0,2,1,3,2,2,1,2,2,1.875,,,,,,,,,,,,,,,,,,,,,,,,,,,,,,,,,,,,,,,,,,,,
LKA,Sri Lanka,1993,South Asia,Applied anchor: failed/recoverable debt conversion,anchor_case,0,0,1,0,0,0,0,0,0,0,0,2,1,3,2,2,1,2,2,1.875,,,,,,,,,,,,,,,,,,,,,,,,,,,,,,,,,,,,,,,,,,,,
LKA,Sri Lanka,1994,South Asia,Applied anchor: failed/recoverable debt conversion,anchor_case,0,0,1,0,0,0,0,0,0,0,0,2,1,3,2,2,1,2,2,1.875,,,,,,,,,,,,,,,,,,,,,,,,,,,,,,,,,,,,,,,,,,,,
LKA,Sri Lanka,1995,South Asia,Applied anchor: failed/recoverable debt conversion,anchor_case,0,0,1,0,0,0,0,0,0,0,0,2,1,3,2,2,1,2,2,1.875,,,,,,,,,,,,,,,,,,,,,,,,,,,,,,,,,,,,,,,,,,,,
LKA,Sri Lanka,1996,South Asia,Applied anchor: failed/recoverable debt conversion,anchor_case,0,0,1,0,0,0,0,0,0,0,0,2,1,3,2,2,1,2,2,1.875,,,,,,,,,,,,,,,,,,,,,,,,,,,,,,,,,,,,,,,,,,,,
LKA,Sri Lanka,1997,South Asia,Applied anchor: failed/recoverable debt conversion,anchor_case,0,0,1,0,0,0,0,0,0,0,0,2,1,3,2,2,1,2,2,1.875,,,,,,,,,,,,,,,,,,,,,,,,,,,,,,,,,,,,,,,,,,,,
LKA,Sri Lanka,1998,South Asia,Applied anchor: failed/recoverable debt conversion,anchor_case,0,0,1,0,0,0,0,0,0,0,0,2,1,3,2,2,1,2,2,1.875,,,,,,,,,,,,,,,,,,,,,,,,,,,,,,,,,,,,,,,,,,,,
LKA,Sri Lanka,1999,South Asia,Applied anchor: failed/recoverable debt conversion,anchor_case,0,0,1,0,0,0,0,0,0,0,0,2,1,3,2,2,1,2,2,1.875,,,,,,,,,,,,,,,,,,,,,,,,,,,,,,,,,,,,,,,,,,,,
LKA,Sri Lanka,2000,South Asia,Applied anchor: failed/recoverable debt conversion,anchor_case,0,0,1,0,0,0,0,0,0,0,0,2,1,3,2,2,1,2,2,1.875,,,,,,,,,,,,,,,,,,,,,,,,,,,,,,,,,,,,,,,,,,,,
LKA,Sri Lanka,2001,South Asia,Applied anchor: failed/recoverable debt conversion,anchor_case,0,0,1,0,0,0,0,0,0,0,0,2,1,3,2,2,1,2,2,1.875,,,,,,,,,,,,,,,,,,,,,,,,,,,,,,,,,,,,,,,,,,,,
LKA,Sri Lanka,2002,South Asia,Applied anchor: failed/recoverable debt conversion,anchor_case,0,0,1,0,0,0,0,0,0,0,0,2,1,3,2,2,1,2,2,1.875,,,,,,,,,,,,,,,,,,,,,,,,,,,,,,,,,,,,,,,,,,,,
LKA,Sri Lanka,2003,South Asia,Applied anchor: failed/recoverable debt conversion,anchor_case,0,0,1,0,0,0,0,0,0,0,0,2,1,3,2,2,1,2,2,1.875,,,,,,,,,,,,,,,,,,,,,,,,,,,,,,,,,,,,,,,,,,,,
LKA,Sri Lanka,2004,South Asia,Applied anchor: failed/recoverable debt conversion,anchor_case,0,0,1,0,0,0,0,0,0,0,0,2,1,3,2,2,1,2,2,1.875,,,,,,,,,,,,,,,,,,,,,,,,,,,,,,,,,,,,,,,,,,,,
LKA,Sri Lanka,2005,South Asia,Applied anchor: failed/recoverable debt conversion,anchor_case,0,0,1,0,0,0,0,0,0,0,0,2,1,3,2,2,1,2,2,1.875,,,,,,,,,,,,,,,,,,,,,,,,,,,,,,,,,,,,,,,,,,,,
LKA,Sri Lanka,2006,South Asia,Applied anchor: failed/recoverable debt conversion,anchor_case,0,0,1,0,0,0,0,0,0,0,0,2,1,3,2,2,1,2,2,1.875,,,,,,,,,,,,,,,,,,,,,,,,,,,,,,,,,,,,,,,,,,,,
LKA,Sri Lanka,2007,South Asia,Applied anchor: failed/recoverable debt conversion,anchor_case,0,0,1,0,0,0,0,0,0,0,0,2,1,3,2,2,1,2,2,1.875,,,,,,,,,,,,,,,,,,,,,,,,,,,,,,,,,,,,,,,,,,,,
LKA,Sri Lanka,2008,South Asia,Applied anchor: failed/recoverable debt conversion,anchor_case,0,0,1,0,0,0,0,0,0,0,0,2,1,3,2,2,1,2,2,1.875,,,,,,,,,,,,,,,,,,,,,,,,,,,,,,,,,,,,,,,,,,,,
LKA,Sri Lanka,2009,South Asia,Applied anchor: failed/recoverable debt conversion,anchor_case,0,0,1,0,0,0,0,0,0,0,0,2,1,3,2,2,1,2,2,1.875,,,,,,,,,,,,,,,,,,,,,,,,,,,,,,,,,,,,,,,,,,,,
LKA,Sri Lanka,2010,South Asia,Applied anchor: failed/recoverable debt conversion,anchor_case,0,0,1,0,0,0,0,0,0,0,0,2,1,3,2,2,1,2,2,1.875,,,,,,,,,,,,,,,,,,,,,,,,,,,,,,,,,,,,,,,,,,,,
LKA,Sri Lanka,2011,South Asia,Applied anchor: failed/recoverable debt conversion,anchor_case,0,0,1,0,0,0,0,0,0,0,0,2,1,3,2,2,1,2,2,1.875,,,,,,,,,,,,,,,,,,,,,,,,,,,,,,,,,,,,,,,,,,,,
LKA,Sri Lanka,2012,South Asia,Applied anchor: failed/recoverable debt conversion,anchor_case,0,0,1,0,0,0,0,0,0,0,0,2,1,3,2,2,1,2,2,1.875,,,,,,,,,,,,,,,,,,,,,,,,,,,,,,,,,,,,,,,,,,,,
LKA,Sri Lanka,2013,South Asia,Applied anchor: failed/recoverable debt conversion,anchor_case,0,0,1,0,0,0,0,0,0,0,0,2,1,3,2,2,1,2,2,1.875,,,,,,,,,,,,,,,,,,,,,,,,,,,,,,,,,,,,,,,,,,,,
LKA,Sri Lanka,2014,South Asia,Applied anchor: failed/recoverable debt conversion,anchor_case,0,0,1,0,0,0,0,0,0,0,0,2,1,3,2,2,1,2,2,1.875,,,,,,,,,,,,,,,,,,,,,,,,,,,,,,,,,,,,,,,,,,,,
LKA,Sri Lanka,2015,South Asia,Applied anchor: failed/recoverable debt conversion,anchor_case,0,0,1,0,0,0,0,0,0,0,0,2,1,3,2,2,1,2,2,1.875,,,,,,,,,,,,,,,,,,,,,,,,,,,,,,,,,,,,,,,,,,,,
LKA,Sri Lanka,2016,South Asia,Applied anchor: failed/recoverable debt conversion,anchor_case,0,0,1,0,0,0,0,0,0,0,0,2,1,3,2,2,1,2,2,1.875,,,,,,,,,,,,,,,,,,,,,,,,,,,,,,,,,,,,,,,,,,,,
LKA,Sri Lanka,2017,South Asia,Applied anchor: failed/recoverable debt conversion,anchor_case,0,0,1,0,0,0,0,0,0,0,0,2,1,3,2,2,1,2,2,1.875,,,,,,,,,,,,,,,,,,,,,,,,,,,,,,,,,,,,,,,,,,,,
LKA,Sri Lanka,2018,South Asia,Applied anchor: failed/recoverable debt conversion,anchor_case,0,0,1,0,0,0,0,0,0,0,0,2,1,3,2,2,1,2,2,1.875,,,,,,,,,,,,,,,,,,,,,,,,,,,,,,,,,,,,,,,,,,,,
LKA,Sri Lanka,2019,South Asia,Applied anchor: failed/recoverable debt conversion,anchor_case,0,0,1,0,0,0,0,0,0,0,0,2,1,3,2,2,1,2,2,1.875,,,,,,,,,,,,,,,,,,,,,,,,,,,,,,,,,,,,,,,,,,,,
LKA,Sri Lanka,2020,South Asia,Applied anchor: failed/recoverable debt conversion,anchor_case,0,0,1,0,0,0,0,0,0,0,0,2,1,3,2,2,1,2,2,1.875,,,,,,,,,,,,,,,,,,,,,,,,,,,,,,,,,,,,,,,,,,,,
LKA,Sri Lanka,2021,South Asia,Applied anchor: failed/recoverable debt conversion,anchor_case,0,0,1,0,0,0,0,0,0,0,0,2,1,3,2,2,1,2,2,1.875,,,,,,,,,,,,,,,,,,,,,,,,,,,,,,,,,,,,,,,,,,,,
LKA,Sri Lanka,2022,South Asia,Applied anchor: failed/recoverable debt conversion,anchor_case,0,0,1,0,0,0,0,0,0,0,0,2,1,3,2,2,1,2,2,1.875,,,,,,,,,,,,,,,,,,,,,,,,,,,,,,,,,,,,,,,,,,,,
LKA,Sri Lanka,2023,South Asia,Applied anchor: failed/recoverable debt conversion,anchor_case,0,0,1,0,0,0,0,0,0,0,0,2,1,3,2,2,1,2,2,1.875,,,,,,,,,,,,,,,,,,,,,,,,,,,,,,,,,,,,,,,,,,,,
LKA,Sri Lanka,2024,South Asia,Applied anchor: failed/recoverable debt conversion,anchor_case,0,0,1,0,0,0,0,0,0,0,0,2,1,3,2,2,1,2,2,1.875,,,,,,,,,,,,,,,,,,,,,,,,,,,,,,,,,,,,,,,,,,,,
LKA,Sri Lanka,2025,South Asia,Applied anchor: failed/recoverable debt conversion,anchor_case,0,0,1,0,0,0,0,0,0,0,0,2,1,3,2,2,1,2,2,1.875,,,,,,,,,,,,,,,,,,,,,,,,,,,,,,,,,,,,,,,,,,,,
BGD,Bangladesh,1980,South Asia,Export-conversion state under transition pressure,strategic_transition,0,0,0,0,0,0,1,0,0,0,0,3,3,4,3,3,4,4,3.5,3.438,,,,,,,,,,,,,,,,,,,,,,,,,,,,,,,,,,,,,,,,,,,,
BGD,Bangladesh,1981,South Asia,Export-conversion state under transition pressure,strategic_transition,0,0,0,0,0,0,1,0,0,0,0,3,3,4,3,3,4,4,3.5,3.438,,,,,,,,,,,,,,,,,,,,,,,,,,,,,,,,,,,,,,,,,,,,
BGD,Bangladesh,1982,South Asia,Export-conversion state under transition pressure,strategic_transition,0,0,0,0,0,0,1,0,0,0,0,3,3,4,3,3,4,4,3.5,3.438,,,,,,,,,,,,,,,,,,,,,,,,,,,,,,,,,,,,,,,,,,,,
BGD,Bangladesh,1983,South Asia,Export-conversion state under transition pressure,strategic_transition,0,0,0,0,0,0,1,0,0,0,0,3,3,4,3,3,4,4,3.5,3.438,,,,,,,,,,,,,,,,,,,,,,,,,,,,,,,,,,,,,,,,,,,,
BGD,Bangladesh,1984,South Asia,Export-conversion state under transition pressure,strategic_transition,0,0,0,0,0,0,1,0,0,0,0,3,3,4,3,3,4,4,3.5,3.438,,,,,,,,,,,,,,,,,,,,,,,,,,,,,,,,,,,,,,,,,,,,
BGD,Bangladesh,1985,South Asia,Export-conversion state under transition pressure,strategic_transition,0,0,0,0,0,0,1,0,0,0,0,3,3,4,3,3,4,4,3.5,3.438,,,,,,,,,,,,,,,,,,,,,,,,,,,,,,,,,,,,,,,,,,,,
BGD,Bangladesh,1986,South Asia,Export-conversion state under transition pressure,strategic_transition,0,0,0,0,0,0,1,0,0,0,0,3,3,4,3,3,4,4,3.5,3.438,,,,,,,,,,,,,,,,,,,,,,,,,,,,,,,,,,,,,,,,,,,,
BGD,Bangladesh,1987,South Asia,Export-conversion state under transition pressure,strategic_transition,0,0,0,0,0,0,1,0,0,0,0,3,3,4,3,3,4,4,3.5,3.438,,,,,,,,,,,,,,,,,,,,,,,,,,,,,,,,,,,,,,,,,,,,
BGD,Bangladesh,1988,South Asia,Export-conversion state under transition pressure,strategic_transition,0,0,0,0,0,0,1,0,0,0,0,3,3,4,3,3,4,4,3.5,3.438,,,,,,,,,,,,,,,,,,,,,,,,,,,,,,,,,,,,,,,,,,,,
BGD,Bangladesh,1989,South Asia,Export-conversion state under transition pressure,strategic_transition,0,0,0,0,0,0,1,0,0,0,0,3,3,4,3,3,4,4,3.5,3.438,,,,,,,,,,,,,,,,,,,,,,,,,,,,,,,,,,,,,,,,,,,,
BGD,Bangladesh,1990,South Asia,Export-conversion state under transition pressure,strategic_transition,0,0,0,0,0,0,1,0,0,0,0,3,3,4,3,3,4,4,3.5,3.438,,,,,,,,,,,,,,,,,,,,,,,,,,,,,,,,,,,,,,,,,,,,
BGD,Bangladesh,1991,South Asia,Export-conversion state under transition pressure,strategic_transition,0,0,0,0,0,0,1,0,0,0,0,3,3,4,3,3,4,4,3.5,3.438,,,,,,,,,,,,,,,,,,,,,,,,,,,,,,,,,,,,,,,,,,,,
BGD,Bangladesh,1992,South Asia,Export-conversion state under transition pressure,strategic_transition,0,0,0,0,0,0,1,0,0,0,0,3,3,4,3,3,4,4,3.5,3.438,,,,,,,,,,,,,,,,,,,,,,,,,,,,,,,,,,,,,,,,,,,,
BGD,Bangladesh,1993,South Asia,Export-conversion state under transition pressure,strategic_transition,0,0,0,0,0,0,1,0,0,0,0,3,3,4,3,3,4,4,3.5,3.438,,,,,,,,,,,,,,,,,,,,,,,,,,,,,,,,,,,,,,,,,,,,
BGD,Bangladesh,1994,South Asia,Export-conversion state under transition pressure,strategic_transition,0,0,0,0,0,0,1,0,0,0,0,3,3,4,3,3,4,4,3.5,3.438,,,,,,,,,,,,,,,,,,,,,,,,,,,,,,,,,,,,,,,,,,,,
BGD,Bangladesh,1995,South Asia,Export-conversion state under transition pressure,strategic_transition,0,0,0,0,0,0,1,0,0,0,0,3,3,4,3,3,4,4,3.5,3.438,,,,,,,,,,,,,,,,,,,,,,,,,,,,,,,,,,,,,,,,,,,,
BGD,Bangladesh,1996,South Asia,Export-conversion state under transition pressure,strategic_transition,0,0,0,0,0,0,1,0,0,0,0,3,3,4,3,3,4,4,3.5,3.438,,,,,,,,,,,,,,,,,,,,,,,,,,,,,,,,,,,,,,,,,,,,
BGD,Bangladesh,1997,South Asia,Export-conversion state under transition pressure,strategic_transition,0,0,0,0,0,0,1,0,0,0,0,3,3,4,3,3,4,4,3.5,3.438,,,,,,,,,,,,,,,,,,,,,,,,,,,,,,,,,,,,,,,,,,,,
BGD,Bangladesh,1998,South Asia,Export-conversion state under transition pressure,strategic_transition,0,0,0,0,0,0,1,0,0,0,0,3,3,4,3,3,4,4,3.5,3.438,,,,,,,,,,,,,,,,,,,,,,,,,,,,,,,,,,,,,,,,,,,,
BGD,Bangladesh,1999,South Asia,Export-conversion state under transition pressure,strategic_transition,0,0,0,0,0,0,1,0,0,0,0,3,3,4,3,3,4,4,3.5,3.438,,,,,,,,,,,,,,,,,,,,,,,,,,,,,,,,,,,,,,,,,,,,
BGD,Bangladesh,2000,South Asia,Export-conversion state under transition pressure,strategic_transition,0,0,0,0,0,0,1,0,0,0,0,3,3,4,3,3,4,4,3.5,3.438,,,,,,,,,,,,,,,,,,,,,,,,,,,,,,,,,,,,,,,,,,,,
BGD,Bangladesh,2001,South Asia,Export-conversion state under transition pressure,strategic_transition,0,0,0,0,0,0,1,0,0,0,0,3,3,4,3,3,4,4,3.5,3.438,,,,,,,,,,,,,,,,,,,,,,,,,,,,,,,,,,,,,,,,,,,,
BGD,Bangladesh,2002,South Asia,Export-conversion state under transition pressure,strategic_transition,0,0,0,0,0,0,1,0,0,0,0,3,3,4,3,3,4,4,3.5,3.438,,,,,,,,,,,,,,,,,,,,,,,,,,,,,,,,,,,,,,,,,,,,
BGD,Bangladesh,2003,South Asia,Export-conversion state under transition pressure,strategic_transition,0,0,0,0,0,0,1,0,0,0,0,3,3,4,3,3,4,4,3.5,3.438,,,,,,,,,,,,,,,,,,,,,,,,,,,,,,,,,,,,,,,,,,,,
BGD,Bangladesh,2004,South Asia,Export-conversion state under transition pressure,strategic_transition,0,0,0,0,0,0,1,0,0,0,0,3,3,4,3,3,4,4,3.5,3.438,,,,,,,,,,,,,,,,,,,,,,,,,,,,,,,,,,,,,,,,,,,,
BGD,Bangladesh,2005,South Asia,Export-conversion state under transition pressure,strategic_transition,0,0,0,0,0,0,1,0,0,0,0,3,3,4,3,3,4,4,3.5,3.438,,,,,,,,,,,,,,,,,,,,,,,,,,,,,,,,,,,,,,,,,,,,
BGD,Bangladesh,2006,South Asia,Export-conversion state under transition pressure,strategic_transition,0,0,0,0,0,0,1,0,0,0,0,3,3,4,3,3,4,4,3.5,3.438,,,,,,,,,,,,,,,,,,,,,,,,,,,,,,,,,,,,,,,,,,,,
BGD,Bangladesh,2007,South Asia,Export-conversion state under transition pressure,strategic_transition,0,0,0,0,0,0,1,0,0,0,0,3,3,4,3,3,4,4,3.5,3.438,,,,,,,,,,,,,,,,,,,,,,,,,,,,,,,,,,,,,,,,,,,,
BGD,Bangladesh,2008,South Asia,Export-conversion state under transition pressure,strategic_transition,0,0,0,0,0,0,1,0,0,0,0,3,3,4,3,3,4,4,3.5,3.438,,,,,,,,,,,,,,,,,,,,,,,,,,,,,,,,,,,,,,,,,,,,
BGD,Bangladesh,2009,South Asia,Export-conversion state under transition pressure,strategic_transition,0,0,0,0,0,0,1,0,0,0,0,3,3,4,3,3,4,4,3.5,3.438,,,,,,,,,,,,,,,,,,,,,,,,,,,,,,,,,,,,,,,,,,,,
BGD,Bangladesh,2010,South Asia,Export-conversion state under transition pressure,strategic_transition,0,0,0,0,0,0,1,0,0,0,0,3,3,4,3,3,4,4,3.5,3.438,,,,,,,,,,,,,,,,,,,,,,,,,,,,,,,,,,,,,,,,,,,,
BGD,Bangladesh,2011,South Asia,Export-conversion state under transition pressure,strategic_transition,0,0,0,0,0,0,1,0,0,0,0,3,3,4,3,3,4,4,3.5,3.438,,,,,,,,,,,,,,,,,,,,,,,,,,,,,,,,,,,,,,,,,,,,
BGD,Bangladesh,2012,South Asia,Export-conversion state under transition pressure,strategic_transition,0,0,0,0,0,0,1,0,0,0,0,3,3,4,3,3,4,4,3.5,3.438,,,,,,,,,,,,,,,,,,,,,,,,,,,,,,,,,,,,,,,,,,,,
BGD,Bangladesh,2013,South Asia,Export-conversion state under transition pressure,strategic_transition,0,0,0,0,0,0,1,0,0,0,0,3,3,4,3,3,4,4,3.5,3.438,,,,,,,,,,,,,,,,,,,,,,,,,,,,,,,,,,,,,,,,,,,,
BGD,Bangladesh,2014,South Asia,Export-conversion state under transition pressure,strategic_transition,0,0,0,0,0,0,1,0,0,0,0,3,3,4,3,3,4,4,3.5,3.438,,,,,,,,,,,,,,,,,,,,,,,,,,,,,,,,,,,,,,,,,,,,
BGD,Bangladesh,2015,South Asia,Export-conversion state under transition pressure,strategic_transition,0,0,0,0,0,0,1,0,0,0,0,3,3,4,3,3,4,4,3.5,3.438,,,,,,,,,,,,,,,,,,,,,,,,,,,,,,,,,,,,,,,,,,,,
BGD,Bangladesh,2016,South Asia,Export-conversion state under transition pressure,strategic_transition,0,0,0,0,0,0,1,0,0,0,0,3,3,4,3,3,4,4,3.5,3.438,,,,,,,,,,,,,,,,,,,,,,,,,,,,,,,,,,,,,,,,,,,,
BGD,Bangladesh,2017,South Asia,Export-conversion state under transition pressure,strategic_transition,0,0,0,0,0,0,1,0,0,0,0,3,3,4,3,3,4,4,3.5,3.438,,,,,,,,,,,,,,,,,,,,,,,,,,,,,,,,,,,,,,,,,,,,
BGD,Bangladesh,2018,South Asia,Export-conversion state under transition pressure,strategic_transition,0,0,0,0,0,0,1,0,0,0,0,3,3,4,3,3,4,4,3.5,3.438,,,,,,,,,,,,,,,,,,,,,,,,,,,,,,,,,,,,,,,,,,,,
BGD,Bangladesh,2019,South Asia,Export-conversion state under transition pressure,strategic_transition,0,0,0,0,0,0,1,0,0,0,0,3,3,4,3,3,4,4,3.5,3.438,,,,,,,,,,,,,,,,,,,,,,,,,,,,,,,,,,,,,,,,,,,,
BGD,Bangladesh,2020,South Asia,Export-conversion state under transition pressure,strategic_transition,0,0,0,0,0,0,1,0,0,0,0,3,3,4,3,3,4,4,3.5,3.438,,,,,,,,,,,,,,,,,,,,,,,,,,,,,,,,,,,,,,,,,,,,
BGD,Bangladesh,2021,South Asia,Export-conversion state under transition pressure,strategic_transition,0,0,0,0,0,0,1,0,0,0,0,3,3,4,3,3,4,4,3.5,3.438,,,,,,,,,,,,,,,,,,,,,,,,,,,,,,,,,,,,,,,,,,,,
BGD,Bangladesh,2022,South Asia,Export-conversion state under transition pressure,strategic_transition,0,0,0,0,0,0,1,0,0,0,0,3,3,4,3,3,4,4,3.5,3.438,,,,,,,,,,,,,,,,,,,,,,,,,,,,,,,,,,,,,,,,,,,,
BGD,Bangladesh,2023,South Asia,Export-conversion state under transition pressure,strategic_transition,0,0,0,0,0,0,1,0,0,0,0,3,3,4,3,3,4,4,3.5,3.438,,,,,,,,,,,,,,,,,,,,,,,,,,,,,,,,,,,,,,,,,,,,
BGD,Bangladesh,2024,South Asia,Export-conversion state under transition pressure,strategic_transition,0,0,0,0,0,0,1,0,0,0,0,3,3,4,3,3,4,4,3.5,3.438,,,,,,,,,,,,,,,,,,,,,,,,,,,,,,,,,,,,,,,,,,,,
BGD,Bangladesh,2025,South Asia,Export-conversion state under transition pressure,strategic_transition,0,0,0,0,0,0,1,0,0,0,0,3,3,4,3,3,4,4,3.5,3.438,,,,,,,,,,,,,,,,,,,,,,,,,,,,,,,,,,,,,,,,,,,,
CHN,China,1980,East Asia & Pacific,Strategic command benchmark,china_benchmark,1,0,0,0,0,0,0,0,0,0,0,3,4,5,5,5,5,5,4.5,4.562,,,,,,,,,,,,,,,,,,,,,,,,,,,,,,,,,,,,,,,,,,,,
CHN,China,1981,East Asia & Pacific,Strategic command benchmark,china_benchmark,1,0,0,0,0,0,0,0,0,0,0,3,4,5,5,5,5,5,4.5,4.562,,,,,,,,,,,,,,,,,,,,,,,,,,,,,,,,,,,,,,,,,,,,
CHN,China,1982,East Asia & Pacific,Strategic command benchmark,china_benchmark,1,0,0,0,0,0,0,0,0,0,0,3,4,5,5,5,5,5,4.5,4.562,,,,,,,,,,,,,,,,,,,,,,,,,,,,,,,,,,,,,,,,,,,,
CHN,China,1983,East Asia & Pacific,Strategic command benchmark,china_benchmark,1,0,0,0,0,0,0,0,0,0,0,3,4,5,5,5,5,5,4.5,4.562,,,,,,,,,,,,,,,,,,,,,,,,,,,,,,,,,,,,,,,,,,,,
CHN,China,1984,East Asia & Pacific,Strategic command benchmark,china_benchmark,1,0,0,0,0,0,0,0,0,0,0,3,4,5,5,5,5,5,4.5,4.562,,,,,,,,,,,,,,,,,,,,,,,,,,,,,,,,,,,,,,,,,,,,
CHN,China,1985,East Asia & Pacific,Strategic command benchmark,china_benchmark,1,0,0,0,0,0,0,0,0,0,0,3,4,5,5,5,5,5,4.5,4.562,,,,,,,,,,,,,,,,,,,,,,,,,,,,,,,,,,,,,,,,,,,,
CHN,China,1986,East Asia & Pacific,Strategic command benchmark,china_benchmark,1,0,0,0,0,0,0,0,0,0,0,3,4,5,5,5,5,5,4.5,4.562,,,,,,,,,,,,,,,,,,,,,,,,,,,,,,,,,,,,,,,,,,,,
CHN,China,1987,East Asia & Pacific,Strategic command benchmark,china_benchmark,1,0,0,0,0,0,0,0,0,0,0,3,4,5,5,5,5,5,4.5,4.562,,,,,,,,,,,,,,,,,,,,,,,,,,,,,,,,,,,,,,,,,,,,
CHN,China,1988,East Asia & Pacific,Strategic command benchmark,china_benchmark,1,0,0,0,0,0,0,0,0,0,0,3,4,5,5,5,5,5,4.5,4.562,,,,,,,,,,,,,,,,,,,,,,,,,,,,,,,,,,,,,,,,,,,,
CHN,China,1989,East Asia & Pacific,Strategic command benchmark,china_benchmark,1,0,0,0,0,0,0,0,0,0,0,3,4,5,5,5,5,5,4.5,4.562,,,,,,,,,,,,,,,,,,,,,,,,,,,,,,,,,,,,,,,,,,,,
CHN,China,1990,East Asia & Pacific,Strategic command benchmark,china_benchmark,1,0,0,0,0,0,0,0,0,0,0,3,4,5,5,5,5,5,4.5,4.562,,,,,,,,,,,,,,,,,,,,,,,,,,,,,,,,,,,,,,,,,,,,
CHN,China,1991,East Asia & Pacific,Strategic command benchmark,china_benchmark,1,0,0,0,0,0,0,0,0,0,0,3,4,5,5,5,5,5,4.5,4.562,,,,,,,,,,,,,,,,,,,,,,,,,,,,,,,,,,,,,,,,,,,,
CHN,China,1992,East Asia & Pacific,Strategic command benchmark,china_benchmark,1,0,0,0,0,0,0,0,0,0,0,3,4,5,5,5,5,5,4.5,4.562,,,,,,,,,,,,,,,,,,,,,,,,,,,,,,,,,,,,,,,,,,,,
CHN,China,1993,East Asia & Pacific,Strategic command benchmark,china_benchmark,1,0,0,0,0,0,0,0,0,0,0,3,4,5,5,5,5,5,4.5,4.562,,,,,,,,,,,,,,,,,,,,,,,,,,,,,,,,,,,,,,,,,,,,
CHN,China,1994,East Asia & Pacific,Strategic command benchmark,china_benchmark,1,0,0,0,0,0,0,0,0,0,0,3,4,5,5,5,5,5,4.5,4.562,,,,,,,,,,,,,,,,,,,,,,,,,,,,,,,,,,,,,,,,,,,,
CHN,China,1995,East Asia & Pacific,Strategic command benchmark,china_benchmark,1,0,0,0,0,0,0,0,0,0,0,3,4,5,5,5,5,5,4.5,4.562,,,,,,,,,,,,,,,,,,,,,,,,,,,,,,,,,,,,,,,,,,,,
CHN,China,1996,East Asia & Pacific,Strategic command benchmark,china_benchmark,1,0,0,0,0,0,0,0,0,0,0,3,4,5,5,5,5,5,4.5,4.562,,,,,,,,,,,,,,,,,,,,,,,,,,,,,,,,,,,,,,,,,,,,
CHN,China,1997,East Asia & Pacific,Strategic command benchmark,china_benchmark,1,0,0,0,0,0,0,0,0,0,0,3,4,5,5,5,5,5,4.5,4.562,,,,,,,,,,,,,,,,,,,,,,,,,,,,,,,,,,,,,,,,,,,,
CHN,China,1998,East Asia & Pacific,Strategic command benchmark,china_benchmark,1,0,0,0,0,0,0,0,0,0,0,3,4,5,5,5,5,5,4.5,4.562,,,,,,,,,,,,,,,,,,,,,,,,,,,,,,,,,,,,,,,,,,,,
CHN,China,1999,East Asia & Pacific,Strategic command benchmark,china_benchmark,1,0,0,0,0,0,0,0,0,0,0,3,4,5,5,5,5,5,4.5,4.562,,,,,,,,,,,,,,,,,,,,,,,,,,,,,,,,,,,,,,,,,,,,
CHN,China,2000,East Asia & Pacific,Strategic command benchmark,china_benchmark,1,0,0,0,0,0,0,0,0,0,0,3,4,5,5,5,5,5,4.5,4.562,,,,,,,,,,,,,,,,,,,,,,,,,,,,,,,,,,,,,,,,,,,,
CHN,China,2001,East Asia & Pacific,Strategic command benchmark,china_benchmark,1,0,0,0,0,0,0,0,0,0,0,3,4,5,5,5,5,5,4.5,4.562,,,,,,,,,,,,,,,,,,,,,,,,,,,,,,,,,,,,,,,,,,,,
CHN,China,2002,East Asia & Pacific,Strategic command benchmark,china_benchmark,1,0,0,0,0,0,0,0,0,0,0,3,4,5,5,5,5,5,4.5,4.562,,,,,,,,,,,,,,,,,,,,,,,,,,,,,,,,,,,,,,,,,,,,
CHN,China,2003,East Asia & Pacific,Strategic command benchmark,china_benchmark,1,0,0,0,0,0,0,0,0,0,0,3,4,5,5,5,5,5,4.5,4.562,,,,,,,,,,,,,,,,,,,,,,,,,,,,,,,,,,,,,,,,,,,,
CHN,China,2004,East Asia & Pacific,Strategic command benchmark,china_benchmark,1,0,0,0,0,0,0,0,0,0,0,3,4,5,5,5,5,5,4.5,4.562,,,,,,,,,,,,,,,,,,,,,,,,,,,,,,,,,,,,,,,,,,,,
CHN,China,2005,East Asia & Pacific,Strategic command benchmark,china_benchmark,1,0,0,0,0,0,0,0,0,0,0,3,4,5,5,5,5,5,4.5,4.562,,,,,,,,,,,,,,,,,,,,,,,,,,,,,,,,,,,,,,,,,,,,
CHN,China,2006,East Asia & Pacific,Strategic command benchmark,china_benchmark,1,0,0,0,0,0,0,0,0,0,0,3,4,5,5,5,5,5,4.5,4.562,,,,,,,,,,,,,,,,,,,,,,,,,,,,,,,,,,,,,,,,,,,,
CHN,China,2007,East Asia & Pacific,Strategic command benchmark,china_benchmark,1,0,0,0,0,0,0,0,0,0,0,3,4,5,5,5,5,5,4.5,4.562,,,,,,,,,,,,,,,,,,,,,,,,,,,,,,,,,,,,,,,,,,,,
CHN,China,2008,East Asia & Pacific,Strategic command benchmark,china_benchmark,1,0,0,0,0,0,0,0,0,0,0,3,4,5,5,5,5,5,4.5,4.562,,,,,,,,,,,,,,,,,,,,,,,,,,,,,,,,,,,,,,,,,,,,
CHN,China,2009,East Asia & Pacific,Strategic command benchmark,china_benchmark,1,0,0,0,0,0,0,0,0,0,0,3,4,5,5,5,5,5,4.5,4.562,,,,,,,,,,,,,,,,,,,,,,,,,,,,,,,,,,,,,,,,,,,,
CHN,China,2010,East Asia & Pacific,Strategic command benchmark,china_benchmark,1,0,0,0,0,0,0,0,0,0,0,3,4,5,5,5,5,5,4.5,4.562,,,,,,,,,,,,,,,,,,,,,,,,,,,,,,,,,,,,,,,,,,,,
CHN,China,2011,East Asia & Pacific,Strategic command benchmark,china_benchmark,1,0,0,0,0,0,0,0,0,0,0,3,4,5,5,5,5,5,4.5,4.562,,,,,,,,,,,,,,,,,,,,,,,,,,,,,,,,,,,,,,,,,,,,
CHN,China,2012,East Asia & Pacific,Strategic command benchmark,china_benchmark,1,0,0,0,0,0,0,0,0,0,0,3,4,5,5,5,5,5,4.5,4.562,,,,,,,,,,,,,,,,,,,,,,,,,,,,,,,,,,,,,,,,,,,,
CHN,China,2013,East Asia & Pacific,Strategic command benchmark,china_benchmark,1,0,0,0,0,0,0,0,0,0,0,3,4,5,5,5,5,5,4.5,4.562,,,,,,,,,,,,,,,,,,,,,,,,,,,,,,,,,,,,,,,,,,,,
CHN,China,2014,East Asia & Pacific,Strategic command benchmark,china_benchmark,1,0,0,0,0,0,0,0,0,0,0,3,4,5,5,5,5,5,4.5,4.562,,,,,,,,,,,,,,,,,,,,,,,,,,,,,,,,,,,,,,,,,,,,
CHN,China,2015,East Asia & Pacific,Strategic command benchmark,china_benchmark,1,0,0,0,0,0,0,0,0,0,0,3,4,5,5,5,5,5,4.5,4.562,,,,,,,,,,,,,,,,,,,,,,,,,,,,,,,,,,,,,,,,,,,,
CHN,China,2016,East Asia & Pacific,Strategic command benchmark,china_benchmark,1,0,0,0,0,0,0,0,0,0,0,3,4,5,5,5,5,5,4.5,4.562,,,,,,,,,,,,,,,,,,,,,,,,,,,,,,,,,,,,,,,,,,,,
CHN,China,2017,East Asia & Pacific,Strategic command benchmark,china_benchmark,1,0,0,0,0,0,0,0,0,0,0,3,4,5,5,5,5,5,4.5,4.562,,,,,,,,,,,,,,,,,,,,,,,,,,,,,,,,,,,,,,,,,,,,
CHN,China,2018,East Asia & Pacific,Strategic command benchmark,china_benchmark,1,0,0,0,0,0,0,0,0,0,0,3,4,5,5,5,5,5,4.5,4.562,,,,,,,,,,,,,,,,,,,,,,,,,,,,,,,,,,,,,,,,,,,,
CHN,China,2019,East Asia & Pacific,Strategic command benchmark,china_benchmark,1,0,0,0,0,0,0,0,0,0,0,3,4,5,5,5,5,5,4.5,4.562,,,,,,,,,,,,,,,,,,,,,,,,,,,,,,,,,,,,,,,,,,,,
CHN,China,2020,East Asia & Pacific,Strategic command benchmark,china_benchmark,1,0,0,0,0,0,0,0,0,0,0,3,4,5,5,5,5,5,4.5,4.562,,,,,,,,,,,,,,,,,,,,,,,,,,,,,,,,,,,,,,,,,,,,
CHN,China,2021,East Asia & Pacific,Strategic command benchmark,china_benchmark,1,0,0,0,0,0,0,0,0,0,0,3,4,5,5,5,5,5,4.5,4.562,,,,,,,,,,,,,,,,,,,,,,,,,,,,,,,,,,,,,,,,,,,,
CHN,China,2022,East Asia & Pacific,Strategic command benchmark,china_benchmark,1,0,0,0,0,0,0,0,0,0,0,3,4,5,5,5,5,5,4.5,4.562,,,,,,,,,,,,,,,,,,,,,,,,,,,,,,,,,,,,,,,,,,,,
CHN,China,2023,East Asia & Pacific,Strategic command benchmark,china_benchmark,1,0,0,0,0,0,0,0,0,0,0,3,4,5,5,5,5,5,4.5,4.562,,,,,,,,,,,,,,,,,,,,,,,,,,,,,,,,,,,,,,,,,,,,
CHN,China,2024,East Asia & Pacific,Strategic command benchmark,china_benchmark,1,0,0,0,0,0,0,0,0,0,0,3,4,5,5,5,5,5,4.5,4.562,,,,,,,,,,,,,,,,,,,,,,,,,,,,,,,,,,,,,,,,,,,,
CHN,China,2025,East Asia & Pacific,Strategic command benchmark,china_benchmark,1,0,0,0,0,0,0,0,0,0,0,3,4,5,5,5,5,5,4.5,4.562,,,,,,,,,,,,,,,,,,,,,,,,,,,,,,,,,,,,,,,,,,,,
JPN,Japan,1980,East Asia & Pacific,High-debt resilient sovereign,high_debt_resilient,0,0,0,1,0,0,0,0,0,0,0,4,4,4,5,3,5,4,4,4.125,,,,,,,,,,,,,,,,,,,,,,,,,,,,,,,,,,,,,,,,,,,,
JPN,Japan,1981,East Asia & Pacific,High-debt resilient sovereign,high_debt_resilient,0,0,0,1,0,0,0,0,0,0,0,4,4,4,5,3,5,4,4,4.125,,,,,,,,,,,,,,,,,,,,,,,,,,,,,,,,,,,,,,,,,,,,
JPN,Japan,1982,East Asia & Pacific,High-debt resilient sovereign,high_debt_resilient,0,0,0,1,0,0,0,0,0,0,0,4,4,4,5,3,5,4,4,4.125,,,,,,,,,,,,,,,,,,,,,,,,,,,,,,,,,,,,,,,,,,,,
JPN,Japan,1983,East Asia & Pacific,High-debt resilient sovereign,high_debt_resilient,0,0,0,1,0,0,0,0,0,0,0,4,4,4,5,3,5,4,4,4.125,,,,,,,,,,,,,,,,,,,,,,,,,,,,,,,,,,,,,,,,,,,,
JPN,Japan,1984,East Asia & Pacific,High-debt resilient sovereign,high_debt_resilient,0,0,0,1,0,0,0,0,0,0,0,4,4,4,5,3,5,4,4,4.125,,,,,,,,,,,,,,,,,,,,,,,,,,,,,,,,,,,,,,,,,,,,
JPN,Japan,1985,East Asia & Pacific,High-debt resilient sovereign,high_debt_resilient,0,0,0,1,0,0,0,0,0,0,0,4,4,4,5,3,5,4,4,4.125,,,,,,,,,,,,,,,,,,,,,,,,,,,,,,,,,,,,,,,,,,,,
JPN,Japan,1986,East Asia & Pacific,High-debt resilient sovereign,high_debt_resilient,0,0,0,1,0,0,0,0,0,0,0,4,4,4,5,3,5,4,4,4.125,,,,,,,,,,,,,,,,,,,,,,,,,,,,,,,,,,,,,,,,,,,,
JPN,Japan,1987,East Asia & Pacific,High-debt resilient sovereign,high_debt_resilient,0,0,0,1,0,0,0,0,0,0,0,4,4,4,5,3,5,4,4,4.125,,,,,,,,,,,,,,,,,,,,,,,,,,,,,,,,,,,,,,,,,,,,
JPN,Japan,1988,East Asia & Pacific,High-debt resilient sovereign,high_debt_resilient,0,0,0,1,0,0,0,0,0,0,0,4,4,4,5,3,5,4,4,4.125,,,,,,,,,,,,,,,,,,,,,,,,,,,,,,,,,,,,,,,,,,,,
JPN,Japan,1989,East Asia & Pacific,High-debt resilient sovereign,high_debt_resilient,0,0,0,1,0,0,0,0,0,0,0,4,4,4,5,3,5,4,4,4.125,,,,,,,,,,,,,,,,,,,,,,,,,,,,,,,,,,,,,,,,,,,,
JPN,Japan,1990,East Asia & Pacific,High-debt resilient sovereign,high_debt_resilient,0,0,0,1,0,0,0,0,0,0,0,4,4,4,5,3,5,4,4,4.125,,,,,,,,,,,,,,,,,,,,,,,,,,,,,,,,,,,,,,,,,,,,
JPN,Japan,1991,East Asia & Pacific,High-debt resilient sovereign,high_debt_resilient,0,0,0,1,0,0,0,0,0,0,0,4,4,4,5,3,5,4,4,4.125,,,,,,,,,,,,,,,,,,,,,,,,,,,,,,,,,,,,,,,,,,,,
JPN,Japan,1992,East Asia & Pacific,High-debt resilient sovereign,high_debt_resilient,0,0,0,1,0,0,0,0,0,0,0,4,4,4,5,3,5,4,4,4.125,,,,,,,,,,,,,,,,,,,,,,,,,,,,,,,,,,,,,,,,,,,,
JPN,Japan,1993,East Asia & Pacific,High-debt resilient sovereign,high_debt_resilient,0,0,0,1,0,0,0,0,0,0,0,4,4,4,5,3,5,4,4,4.125,,,,,,,,,,,,,,,,,,,,,,,,,,,,,,,,,,,,,,,,,,,,
JPN,Japan,1994,East Asia & Pacific,High-debt resilient sovereign,high_debt_resilient,0,0,0,1,0,0,0,0,0,0,0,4,4,4,5,3,5,4,4,4.125,,,,,,,,,,,,,,,,,,,,,,,,,,,,,,,,,,,,,,,,,,,,
JPN,Japan,1995,East Asia & Pacific,High-debt resilient sovereign,high_debt_resilient,0,0,0,1,0,0,0,0,0,0,0,4,4,4,5,3,5,4,4,4.125,,,,,,,,,,,,,,,,,,,,,,,,,,,,,,,,,,,,,,,,,,,,
JPN,Japan,1996,East Asia & Pacific,High-debt resilient sovereign,high_debt_resilient,0,0,0,1,0,0,0,0,0,0,0,4,4,4,5,3,5,4,4,4.125,,,,,,,,,,,,,,,,,,,,,,,,,,,,,,,,,,,,,,,,,,,,
JPN,Japan,1997,East Asia & Pacific,High-debt resilient sovereign,high_debt_resilient,0,0,0,1,0,0,0,0,0,0,0,4,4,4,5,3,5,4,4,4.125,,,,,,,,,,,,,,,,,,,,,,,,,,,,,,,,,,,,,,,,,,,,
JPN,Japan,1998,East Asia & Pacific,High-debt resilient sovereign,high_debt_resilient,0,0,0,1,0,0,0,0,0,0,0,4,4,4,5,3,5,4,4,4.125,,,,,,,,,,,,,,,,,,,,,,,,,,,,,,,,,,,,,,,,,,,,
JPN,Japan,1999,East Asia & Pacific,High-debt resilient sovereign,high_debt_resilient,0,0,0,1,0,0,0,0,0,0,0,4,4,4,5,3,5,4,4,4.125,,,,,,,,,,,,,,,,,,,,,,,,,,,,,,,,,,,,,,,,,,,,
JPN,Japan,2000,East Asia & Pacific,High-debt resilient sovereign,high_debt_resilient,0,0,0,1,0,0,0,0,0,0,0,4,4,4,5,3,5,4,4,4.125,,,,,,,,,,,,,,,,,,,,,,,,,,,,,,,,,,,,,,,,,,,,
JPN,Japan,2001,East Asia & Pacific,High-debt resilient sovereign,high_debt_resilient,0,0,0,1,0,0,0,0,0,0,0,4,4,4,5,3,5,4,4,4.125,,,,,,,,,,,,,,,,,,,,,,,,,,,,,,,,,,,,,,,,,,,,
JPN,Japan,2002,East Asia & Pacific,High-debt resilient sovereign,high_debt_resilient,0,0,0,1,0,0,0,0,0,0,0,4,4,4,5,3,5,4,4,4.125,,,,,,,,,,,,,,,,,,,,,,,,,,,,,,,,,,,,,,,,,,,,
JPN,Japan,2003,East Asia & Pacific,High-debt resilient sovereign,high_debt_resilient,0,0,0,1,0,0,0,0,0,0,0,4,4,4,5,3,5,4,4,4.125,,,,,,,,,,,,,,,,,,,,,,,,,,,,,,,,,,,,,,,,,,,,
JPN,Japan,2004,East Asia & Pacific,High-debt resilient sovereign,high_debt_resilient,0,0,0,1,0,0,0,0,0,0,0,4,4,4,5,3,5,4,4,4.125,,,,,,,,,,,,,,,,,,,,,,,,,,,,,,,,,,,,,,,,,,,,
JPN,Japan,2005,East Asia & Pacific,High-debt resilient sovereign,high_debt_resilient,0,0,0,1,0,0,0,0,0,0,0,4,4,4,5,3,5,4,4,4.125,,,,,,,,,,,,,,,,,,,,,,,,,,,,,,,,,,,,,,,,,,,,
JPN,Japan,2006,East Asia & Pacific,High-debt resilient sovereign,high_debt_resilient,0,0,0,1,0,0,0,0,0,0,0,4,4,4,5,3,5,4,4,4.125,,,,,,,,,,,,,,,,,,,,,,,,,,,,,,,,,,,,,,,,,,,,
JPN,Japan,2007,East Asia & Pacific,High-debt resilient sovereign,high_debt_resilient,0,0,0,1,0,0,0,0,0,0,0,4,4,4,5,3,5,4,4,4.125,,,,,,,,,,,,,,,,,,,,,,,,,,,,,,,,,,,,,,,,,,,,
JPN,Japan,2008,East Asia & Pacific,High-debt resilient sovereign,high_debt_resilient,0,0,0,1,0,0,0,0,0,0,0,4,4,4,5,3,5,4,4,4.125,,,,,,,,,,,,,,,,,,,,,,,,,,,,,,,,,,,,,,,,,,,,
JPN,Japan,2009,East Asia & Pacific,High-debt resilient sovereign,high_debt_resilient,0,0,0,1,0,0,0,0,0,0,0,4,4,4,5,3,5,4,4,4.125,,,,,,,,,,,,,,,,,,,,,,,,,,,,,,,,,,,,,,,,,,,,
JPN,Japan,2010,East Asia & Pacific,High-debt resilient sovereign,high_debt_resilient,0,0,0,1,0,0,0,0,0,0,0,4,4,4,5,3,5,4,4,4.125,,,,,,,,,,,,,,,,,,,,,,,,,,,,,,,,,,,,,,,,,,,,
JPN,Japan,2011,East Asia & Pacific,High-debt resilient sovereign,high_debt_resilient,0,0,0,1,0,0,0,0,0,0,0,4,4,4,5,3,5,4,4,4.125,,,,,,,,,,,,,,,,,,,,,,,,,,,,,,,,,,,,,,,,,,,,
JPN,Japan,2012,East Asia & Pacific,High-debt resilient sovereign,high_debt_resilient,0,0,0,1,0,0,0,0,0,0,0,4,4,4,5,3,5,4,4,4.125,,,,,,,,,,,,,,,,,,,,,,,,,,,,,,,,,,,,,,,,,,,,
JPN,Japan,2013,East Asia & Pacific,High-debt resilient sovereign,high_debt_resilient,0,0,0,1,0,0,0,0,0,0,0,4,4,4,5,3,5,4,4,4.125,,,,,,,,,,,,,,,,,,,,,,,,,,,,,,,,,,,,,,,,,,,,
JPN,Japan,2014,East Asia & Pacific,High-debt resilient sovereign,high_debt_resilient,0,0,0,1,0,0,0,0,0,0,0,4,4,4,5,3,5,4,4,4.125,,,,,,,,,,,,,,,,,,,,,,,,,,,,,,,,,,,,,,,,,,,,
JPN,Japan,2015,East Asia & Pacific,High-debt resilient sovereign,high_debt_resilient,0,0,0,1,0,0,0,0,0,0,0,4,4,4,5,3,5,4,4,4.125,,,,,,,,,,,,,,,,,,,,,,,,,,,,,,,,,,,,,,,,,,,,
JPN,Japan,2016,East Asia & Pacific,High-debt resilient sovereign,high_debt_resilient,0,0,0,1,0,0,0,0,0,0,0,4,4,4,5,3,5,4,4,4.125,,,,,,,,,,,,,,,,,,,,,,,,,,,,,,,,,,,,,,,,,,,,
JPN,Japan,2017,East Asia & Pacific,High-debt resilient sovereign,high_debt_resilient,0,0,0,1,0,0,0,0,0,0,0,4,4,4,5,3,5,4,4,4.125,,,,,,,,,,,,,,,,,,,,,,,,,,,,,,,,,,,,,,,,,,,,
JPN,Japan,2018,East Asia & Pacific,High-debt resilient sovereign,high_debt_resilient,0,0,0,1,0,0,0,0,0,0,0,4,4,4,5,3,5,4,4,4.125,,,,,,,,,,,,,,,,,,,,,,,,,,,,,,,,,,,,,,,,,,,,
JPN,Japan,2019,East Asia & Pacific,High-debt resilient sovereign,high_debt_resilient,0,0,0,1,0,0,0,0,0,0,0,4,4,4,5,3,5,4,4,4.125,,,,,,,,,,,,,,,,,,,,,,,,,,,,,,,,,,,,,,,,,,,,
JPN,Japan,2020,East Asia & Pacific,High-debt resilient sovereign,high_debt_resilient,0,0,0,1,0,0,0,0,0,0,0,4,4,4,5,3,5,4,4,4.125,,,,,,,,,,,,,,,,,,,,,,,,,,,,,,,,,,,,,,,,,,,,
JPN,Japan,2021,East Asia & Pacific,High-debt resilient sovereign,high_debt_resilient,0,0,0,1,0,0,0,0,0,0,0,4,4,4,5,3,5,4,4,4.125,,,,,,,,,,,,,,,,,,,,,,,,,,,,,,,,,,,,,,,,,,,,
JPN,Japan,2022,East Asia & Pacific,High-debt resilient sovereign,high_debt_resilient,0,0,0,1,0,0,0,0,0,0,0,4,4,4,5,3,5,4,4,4.125,,,,,,,,,,,,,,,,,,,,,,,,,,,,,,,,,,,,,,,,,,,,
JPN,Japan,2023,East Asia & Pacific,High-debt resilient sovereign,high_debt_resilient,0,0,0,1,0,0,0,0,0,0,0,4,4,4,5,3,5,4,4,4.125,,,,,,,,,,,,,,,,,,,,,,,,,,,,,,,,,,,,,,,,,,,,
JPN,Japan,2024,East Asia & Pacific,High-debt resilient sovereign,high_debt_resilient,0,0,0,1,0,0,0,0,0,0,0,4,4,4,5,3,5,4,4,4.125,,,,,,,,,,,,,,,,,,,,,,,,,,,,,,,,,,,,,,,,,,,,
JPN,Japan,2025,East Asia & Pacific,High-debt resilient sovereign,high_debt_resilient,0,0,0,1,0,0,0,0,0,0,0,4,4,4,5,3,5,4,4,4.125,,,,,,,,,,,,,,,,,,,,,,,,,,,,,,,,,,,,,,,,,,,,
IDN,Indonesia,1980,East Asia & Pacific,Terrain-conversion state,strategic_transition,0,0,0,0,0,0,1,0,0,0,0,3,3,5,3,4,4,4,4,3.75,,,,,,,,,,,,,,,,,,,,,,,,,,,,,,,,,,,,,,,,,,,,
IDN,Indonesia,1981,East Asia & Pacific,Terrain-conversion state,strategic_transition,0,0,0,0,0,0,1,0,0,0,0,3,3,5,3,4,4,4,4,3.75,,,,,,,,,,,,,,,,,,,,,,,,,,,,,,,,,,,,,,,,,,,,
IDN,Indonesia,1982,East Asia & Pacific,Terrain-conversion state,strategic_transition,0,0,0,0,0,0,1,0,0,0,0,3,3,5,3,4,4,4,4,3.75,,,,,,,,,,,,,,,,,,,,,,,,,,,,,,,,,,,,,,,,,,,,
IDN,Indonesia,1983,East Asia & Pacific,Terrain-conversion state,strategic_transition,0,0,0,0,0,0,1,0,0,0,0,3,3,5,3,4,4,4,4,3.75,,,,,,,,,,,,,,,,,,,,,,,,,,,,,,,,,,,,,,,,,,,,
IDN,Indonesia,1984,East Asia & Pacific,Terrain-conversion state,strategic_transition,0,0,0,0,0,0,1,0,0,0,0,3,3,5,3,4,4,4,4,3.75,,,,,,,,,,,,,,,,,,,,,,,,,,,,,,,,,,,,,,,,,,,,
IDN,Indonesia,1985,East Asia & Pacific,Terrain-conversion state,strategic_transition,0,0,0,0,0,0,1,0,0,0,0,3,3,5,3,4,4,4,4,3.75,,,,,,,,,,,,,,,,,,,,,,,,,,,,,,,,,,,,,,,,,,,,
IDN,Indonesia,1986,East Asia & Pacific,Terrain-conversion state,strategic_transition,0,0,0,0,0,0,1,0,0,0,0,3,3,5,3,4,4,4,4,3.75,,,,,,,,,,,,,,,,,,,,,,,,,,,,,,,,,,,,,,,,,,,,
IDN,Indonesia,1987,East Asia & Pacific,Terrain-conversion state,strategic_transition,0,0,0,0,0,0,1,0,0,0,0,3,3,5,3,4,4,4,4,3.75,,,,,,,,,,,,,,,,,,,,,,,,,,,,,,,,,,,,,,,,,,,,
IDN,Indonesia,1988,East Asia & Pacific,Terrain-conversion state,strategic_transition,0,0,0,0,0,0,1,0,0,0,0,3,3,5,3,4,4,4,4,3.75,,,,,,,,,,,,,,,,,,,,,,,,,,,,,,,,,,,,,,,,,,,,
IDN,Indonesia,1989,East Asia & Pacific,Terrain-conversion state,strategic_transition,0,0,0,0,0,0,1,0,0,0,0,3,3,5,3,4,4,4,4,3.75,,,,,,,,,,,,,,,,,,,,,,,,,,,,,,,,,,,,,,,,,,,,
IDN,Indonesia,1990,East Asia & Pacific,Terrain-conversion state,strategic_transition,0,0,0,0,0,0,1,0,0,0,0,3,3,5,3,4,4,4,4,3.75,,,,,,,,,,,,,,,,,,,,,,,,,,,,,,,,,,,,,,,,,,,,
IDN,Indonesia,1991,East Asia & Pacific,Terrain-conversion state,strategic_transition,0,0,0,0,0,0,1,0,0,0,0,3,3,5,3,4,4,4,4,3.75,,,,,,,,,,,,,,,,,,,,,,,,,,,,,,,,,,,,,,,,,,,,
IDN,Indonesia,1992,East Asia & Pacific,Terrain-conversion state,strategic_transition,0,0,0,0,0,0,1,0,0,0,0,3,3,5,3,4,4,4,4,3.75,,,,,,,,,,,,,,,,,,,,,,,,,,,,,,,,,,,,,,,,,,,,
IDN,Indonesia,1993,East Asia & Pacific,Terrain-conversion state,strategic_transition,0,0,0,0,0,0,1,0,0,0,0,3,3,5,3,4,4,4,4,3.75,,,,,,,,,,,,,,,,,,,,,,,,,,,,,,,,,,,,,,,,,,,,
IDN,Indonesia,1994,East Asia & Pacific,Terrain-conversion state,strategic_transition,0,0,0,0,0,0,1,0,0,0,0,3,3,5,3,4,4,4,4,3.75,,,,,,,,,,,,,,,,,,,,,,,,,,,,,,,,,,,,,,,,,,,,
IDN,Indonesia,1995,East Asia & Pacific,Terrain-conversion state,strategic_transition,0,0,0,0,0,0,1,0,0,0,0,3,3,5,3,4,4,4,4,3.75,,,,,,,,,,,,,,,,,,,,,,,,,,,,,,,,,,,,,,,,,,,,
IDN,Indonesia,1996,East Asia & Pacific,Terrain-conversion state,strategic_transition,0,0,0,0,0,0,1,0,0,0,0,3,3,5,3,4,4,4,4,3.75,,,,,,,,,,,,,,,,,,,,,,,,,,,,,,,,,,,,,,,,,,,,
IDN,Indonesia,1997,East Asia & Pacific,Terrain-conversion state,strategic_transition,0,0,0,0,0,0,1,0,0,0,0,3,3,5,3,4,4,4,4,3.75,,,,,,,,,,,,,,,,,,,,,,,,,,,,,,,,,,,,,,,,,,,,
IDN,Indonesia,1998,East Asia & Pacific,Terrain-conversion state,strategic_transition,0,0,0,0,0,0,1,0,0,0,0,3,3,5,3,4,4,4,4,3.75,,,,,,,,,,,,,,,,,,,,,,,,,,,,,,,,,,,,,,,,,,,,
IDN,Indonesia,1999,East Asia & Pacific,Terrain-conversion state,strategic_transition,0,0,0,0,0,0,1,0,0,0,0,3,3,5,3,4,4,4,4,3.75,,,,,,,,,,,,,,,,,,,,,,,,,,,,,,,,,,,,,,,,,,,,
IDN,Indonesia,2000,East Asia & Pacific,Terrain-conversion state,strategic_transition,0,0,0,0,0,0,1,0,0,0,0,3,3,5,3,4,4,4,4,3.75,,,,,,,,,,,,,,,,,,,,,,,,,,,,,,,,,,,,,,,,,,,,
IDN,Indonesia,2001,East Asia & Pacific,Terrain-conversion state,strategic_transition,0,0,0,0,0,0,1,0,0,0,0,3,3,5,3,4,4,4,4,3.75,,,,,,,,,,,,,,,,,,,,,,,,,,,,,,,,,,,,,,,,,,,,
IDN,Indonesia,2002,East Asia & Pacific,Terrain-conversion state,strategic_transition,0,0,0,0,0,0,1,0,0,0,0,3,3,5,3,4,4,4,4,3.75,,,,,,,,,,,,,,,,,,,,,,,,,,,,,,,,,,,,,,,,,,,,
IDN,Indonesia,2003,East Asia & Pacific,Terrain-conversion state,strategic_transition,0,0,0,0,0,0,1,0,0,0,0,3,3,5,3,4,4,4,4,3.75,,,,,,,,,,,,,,,,,,,,,,,,,,,,,,,,,,,,,,,,,,,,
IDN,Indonesia,2004,East Asia & Pacific,Terrain-conversion state,strategic_transition,0,0,0,0,0,0,1,0,0,0,0,3,3,5,3,4,4,4,4,3.75,,,,,,,,,,,,,,,,,,,,,,,,,,,,,,,,,,,,,,,,,,,,
IDN,Indonesia,2005,East Asia & Pacific,Terrain-conversion state,strategic_transition,0,0,0,0,0,0,1,0,0,0,0,3,3,5,3,4,4,4,4,3.75,,,,,,,,,,,,,,,,,,,,,,,,,,,,,,,,,,,,,,,,,,,,
IDN,Indonesia,2006,East Asia & Pacific,Terrain-conversion state,strategic_transition,0,0,0,0,0,0,1,0,0,0,0,3,3,5,3,4,4,4,4,3.75,,,,,,,,,,,,,,,,,,,,,,,,,,,,,,,,,,,,,,,,,,,,
IDN,Indonesia,2007,East Asia & Pacific,Terrain-conversion state,strategic_transition,0,0,0,0,0,0,1,0,0,0,0,3,3,5,3,4,4,4,4,3.75,,,,,,,,,,,,,,,,,,,,,,,,,,,,,,,,,,,,,,,,,,,,
IDN,Indonesia,2008,East Asia & Pacific,Terrain-conversion state,strategic_transition,0,0,0,0,0,0,1,0,0,0,0,3,3,5,3,4,4,4,4,3.75,,,,,,,,,,,,,,,,,,,,,,,,,,,,,,,,,,,,,,,,,,,,
IDN,Indonesia,2009,East Asia & Pacific,Terrain-conversion state,strategic_transition,0,0,0,0,0,0,1,0,0,0,0,3,3,5,3,4,4,4,4,3.75,,,,,,,,,,,,,,,,,,,,,,,,,,,,,,,,,,,,,,,,,,,,
IDN,Indonesia,2010,East Asia & Pacific,Terrain-conversion state,strategic_transition,0,0,0,0,0,0,1,0,0,0,0,3,3,5,3,4,4,4,4,3.75,,,,,,,,,,,,,,,,,,,,,,,,,,,,,,,,,,,,,,,,,,,,
IDN,Indonesia,2011,East Asia & Pacific,Terrain-conversion state,strategic_transition,0,0,0,0,0,0,1,0,0,0,0,3,3,5,3,4,4,4,4,3.75,,,,,,,,,,,,,,,,,,,,,,,,,,,,,,,,,,,,,,,,,,,,
IDN,Indonesia,2012,East Asia & Pacific,Terrain-conversion state,strategic_transition,0,0,0,0,0,0,1,0,0,0,0,3,3,5,3,4,4,4,4,3.75,,,,,,,,,,,,,,,,,,,,,,,,,,,,,,,,,,,,,,,,,,,,
IDN,Indonesia,2013,East Asia & Pacific,Terrain-conversion state,strategic_transition,0,0,0,0,0,0,1,0,0,0,0,3,3,5,3,4,4,4,4,3.75,,,,,,,,,,,,,,,,,,,,,,,,,,,,,,,,,,,,,,,,,,,,
IDN,Indonesia,2014,East Asia & Pacific,Terrain-conversion state,strategic_transition,0,0,0,0,0,0,1,0,0,0,0,3,3,5,3,4,4,4,4,3.75,,,,,,,,,,,,,,,,,,,,,,,,,,,,,,,,,,,,,,,,,,,,
IDN,Indonesia,2015,East Asia & Pacific,Terrain-conversion state,strategic_transition,0,0,0,0,0,0,1,0,0,0,0,3,3,5,3,4,4,4,4,3.75,,,,,,,,,,,,,,,,,,,,,,,,,,,,,,,,,,,,,,,,,,,,
IDN,Indonesia,2016,East Asia & Pacific,Terrain-conversion state,strategic_transition,0,0,0,0,0,0,1,0,0,0,0,3,3,5,3,4,4,4,4,3.75,,,,,,,,,,,,,,,,,,,,,,,,,,,,,,,,,,,,,,,,,,,,
IDN,Indonesia,2017,East Asia & Pacific,Terrain-conversion state,strategic_transition,0,0,0,0,0,0,1,0,0,0,0,3,3,5,3,4,4,4,4,3.75,,,,,,,,,,,,,,,,,,,,,,,,,,,,,,,,,,,,,,,,,,,,
IDN,Indonesia,2018,East Asia & Pacific,Terrain-conversion state,strategic_transition,0,0,0,0,0,0,1,0,0,0,0,3,3,5,3,4,4,4,4,3.75,,,,,,,,,,,,,,,,,,,,,,,,,,,,,,,,,,,,,,,,,,,,
IDN,Indonesia,2019,East Asia & Pacific,Terrain-conversion state,strategic_transition,0,0,0,0,0,0,1,0,0,0,0,3,3,5,3,4,4,4,4,3.75,,,,,,,,,,,,,,,,,,,,,,,,,,,,,,,,,,,,,,,,,,,,
IDN,Indonesia,2020,East Asia & Pacific,Terrain-conversion state,strategic_transition,0,0,0,0,0,0,1,0,0,0,0,3,3,5,3,4,4,4,4,3.75,,,,,,,,,,,,,,,,,,,,,,,,,,,,,,,,,,,,,,,,,,,,
IDN,Indonesia,2021,East Asia & Pacific,Terrain-conversion state,strategic_transition,0,0,0,0,0,0,1,0,0,0,0,3,3,5,3,4,4,4,4,3.75,,,,,,,,,,,,,,,,,,,,,,,,,,,,,,,,,,,,,,,,,,,,
IDN,Indonesia,2022,East Asia & Pacific,Terrain-conversion state,strategic_transition,0,0,0,0,0,0,1,0,0,0,0,3,3,5,3,4,4,4,4,3.75,,,,,,,,,,,,,,,,,,,,,,,,,,,,,,,,,,,,,,,,,,,,
IDN,Indonesia,2023,East Asia & Pacific,Terrain-conversion state,strategic_transition,0,0,0,0,0,0,1,0,0,0,0,3,3,5,3,4,4,4,4,3.75,,,,,,,,,,,,,,,,,,,,,,,,,,,,,,,,,,,,,,,,,,,,
IDN,Indonesia,2024,East Asia & Pacific,Terrain-conversion state,strategic_transition,0,0,0,0,0,0,1,0,0,0,0,3,3,5,3,4,4,4,4,3.75,,,,,,,,,,,,,,,,,,,,,,,,,,,,,,,,,,,,,,,,,,,,
IDN,Indonesia,2025,East Asia & Pacific,Terrain-conversion state,strategic_transition,0,0,0,0,0,0,1,0,0,0,0,3,3,5,3,4,4,4,4,3.75,,,,,,,,,,,,,,,,,,,,,,,,,,,,,,,,,,,,,,,,,,,,
RUS,Russia,1980,Asia / Eurasia,Sanctions-resilience resource-fortress state,geoeconomic_pressure,0,0,0,0,0,0,0,0,1,0,0,2,3,5,3,3,3,3,3,3.125,,,,,,,,,,,,,,,,,,,,,,,,,,,,,,,,,,,,,,,,,,,,
RUS,Russia,1981,Asia / Eurasia,Sanctions-resilience resource-fortress state,geoeconomic_pressure,0,0,0,0,0,0,0,0,1,0,0,2,3,5,3,3,3,3,3,3.125,,,,,,,,,,,,,,,,,,,,,,,,,,,,,,,,,,,,,,,,,,,,
RUS,Russia,1982,Asia / Eurasia,Sanctions-resilience resource-fortress state,geoeconomic_pressure,0,0,0,0,0,0,0,0,1,0,0,2,3,5,3,3,3,3,3,3.125,,,,,,,,,,,,,,,,,,,,,,,,,,,,,,,,,,,,,,,,,,,,
RUS,Russia,1983,Asia / Eurasia,Sanctions-resilience resource-fortress state,geoeconomic_pressure,0,0,0,0,0,0,0,0,1,0,0,2,3,5,3,3,3,3,3,3.125,,,,,,,,,,,,,,,,,,,,,,,,,,,,,,,,,,,,,,,,,,,,
RUS,Russia,1984,Asia / Eurasia,Sanctions-resilience resource-fortress state,geoeconomic_pressure,0,0,0,0,0,0,0,0,1,0,0,2,3,5,3,3,3,3,3,3.125,,,,,,,,,,,,,,,,,,,,,,,,,,,,,,,,,,,,,,,,,,,,
RUS,Russia,1985,Asia / Eurasia,Sanctions-resilience resource-fortress state,geoeconomic_pressure,0,0,0,0,0,0,0,0,1,0,0,2,3,5,3,3,3,3,3,3.125,,,,,,,,,,,,,,,,,,,,,,,,,,,,,,,,,,,,,,,,,,,,
RUS,Russia,1986,Asia / Eurasia,Sanctions-resilience resource-fortress state,geoeconomic_pressure,0,0,0,0,0,0,0,0,1,0,0,2,3,5,3,3,3,3,3,3.125,,,,,,,,,,,,,,,,,,,,,,,,,,,,,,,,,,,,,,,,,,,,
RUS,Russia,1987,Asia / Eurasia,Sanctions-resilience resource-fortress state,geoeconomic_pressure,0,0,0,0,0,0,0,0,1,0,0,2,3,5,3,3,3,3,3,3.125,,,,,,,,,,,,,,,,,,,,,,,,,,,,,,,,,,,,,,,,,,,,
RUS,Russia,1988,Asia / Eurasia,Sanctions-resilience resource-fortress state,geoeconomic_pressure,0,0,0,0,0,0,0,0,1,0,0,2,3,5,3,3,3,3,3,3.125,,,,,,,,,,,,,,,,,,,,,,,,,,,,,,,,,,,,,,,,,,,,
RUS,Russia,1989,Asia / Eurasia,Sanctions-resilience resource-fortress state,geoeconomic_pressure,0,0,0,0,0,0,0,0,1,0,0,2,3,5,3,3,3,3,3,3.125,,,,,,,,,,,,,,,,,,,,,,,,,,,,,,,,,,,,,,,,,,,,
RUS,Russia,1990,Asia / Eurasia,Sanctions-resilience resource-fortress state,geoeconomic_pressure,0,0,0,0,0,0,0,0,1,0,0,2,3,5,3,3,3,3,3,3.125,,,,,,,,,,,,,,,,,,,,,,,,,,,,,,,,,,,,,,,,,,,,
RUS,Russia,1991,Asia / Eurasia,Sanctions-resilience resource-fortress state,geoeconomic_pressure,0,0,0,0,0,0,0,0,1,0,0,2,3,5,3,3,3,3,3,3.125,,,,,,,,,,,,,,,,,,,,,,,,,,,,,,,,,,,,,,,,,,,,
RUS,Russia,1992,Asia / Eurasia,Sanctions-resilience resource-fortress state,geoeconomic_pressure,0,0,0,0,0,0,0,0,1,0,0,2,3,5,3,3,3,3,3,3.125,,,,,,,,,,,,,,,,,,,,,,,,,,,,,,,,,,,,,,,,,,,,
RUS,Russia,1993,Asia / Eurasia,Sanctions-resilience resource-fortress state,geoeconomic_pressure,0,0,0,0,0,0,0,0,1,0,0,2,3,5,3,3,3,3,3,3.125,,,,,,,,,,,,,,,,,,,,,,,,,,,,,,,,,,,,,,,,,,,,
RUS,Russia,1994,Asia / Eurasia,Sanctions-resilience resource-fortress state,geoeconomic_pressure,0,0,0,0,0,0,0,0,1,0,0,2,3,5,3,3,3,3,3,3.125,,,,,,,,,,,,,,,,,,,,,,,,,,,,,,,,,,,,,,,,,,,,
RUS,Russia,1995,Asia / Eurasia,Sanctions-resilience resource-fortress state,geoeconomic_pressure,0,0,0,0,0,0,0,0,1,0,0,2,3,5,3,3,3,3,3,3.125,,,,,,,,,,,,,,,,,,,,,,,,,,,,,,,,,,,,,,,,,,,,
RUS,Russia,1996,Asia / Eurasia,Sanctions-resilience resource-fortress state,geoeconomic_pressure,0,0,0,0,0,0,0,0,1,0,0,2,3,5,3,3,3,3,3,3.125,,,,,,,,,,,,,,,,,,,,,,,,,,,,,,,,,,,,,,,,,,,,
RUS,Russia,1997,Asia / Eurasia,Sanctions-resilience resource-fortress state,geoeconomic_pressure,0,0,0,0,0,0,0,0,1,0,0,2,3,5,3,3,3,3,3,3.125,,,,,,,,,,,,,,,,,,,,,,,,,,,,,,,,,,,,,,,,,,,,
RUS,Russia,1998,Asia / Eurasia,Sanctions-resilience resource-fortress state,geoeconomic_pressure,0,0,0,0,0,0,0,0,1,0,0,2,3,5,3,3,3,3,3,3.125,,,,,,,,,,,,,,,,,,,,,,,,,,,,,,,,,,,,,,,,,,,,
RUS,Russia,1999,Asia / Eurasia,Sanctions-resilience resource-fortress state,geoeconomic_pressure,0,0,0,0,0,0,0,0,1,0,0,2,3,5,3,3,3,3,3,3.125,,,,,,,,,,,,,,,,,,,,,,,,,,,,,,,,,,,,,,,,,,,,
RUS,Russia,2000,Asia / Eurasia,Sanctions-resilience resource-fortress state,geoeconomic_pressure,0,0,0,0,0,0,0,0,1,0,0,2,3,5,3,3,3,3,3,3.125,,,,,,,,,,,,,,,,,,,,,,,,,,,,,,,,,,,,,,,,,,,,
RUS,Russia,2001,Asia / Eurasia,Sanctions-resilience resource-fortress state,geoeconomic_pressure,0,0,0,0,0,0,0,0,1,0,0,2,3,5,3,3,3,3,3,3.125,,,,,,,,,,,,,,,,,,,,,,,,,,,,,,,,,,,,,,,,,,,,
RUS,Russia,2002,Asia / Eurasia,Sanctions-resilience resource-fortress state,geoeconomic_pressure,0,0,0,0,0,0,0,0,1,0,0,2,3,5,3,3,3,3,3,3.125,,,,,,,,,,,,,,,,,,,,,,,,,,,,,,,,,,,,,,,,,,,,
RUS,Russia,2003,Asia / Eurasia,Sanctions-resilience resource-fortress state,geoeconomic_pressure,0,0,0,0,0,0,0,0,1,0,0,2,3,5,3,3,3,3,3,3.125,,,,,,,,,,,,,,,,,,,,,,,,,,,,,,,,,,,,,,,,,,,,
RUS,Russia,2004,Asia / Eurasia,Sanctions-resilience resource-fortress state,geoeconomic_pressure,0,0,0,0,0,0,0,0,1,0,0,2,3,5,3,3,3,3,3,3.125,,,,,,,,,,,,,,,,,,,,,,,,,,,,,,,,,,,,,,,,,,,,
RUS,Russia,2005,Asia / Eurasia,Sanctions-resilience resource-fortress state,geoeconomic_pressure,0,0,0,0,0,0,0,0,1,0,0,2,3,5,3,3,3,3,3,3.125,,,,,,,,,,,,,,,,,,,,,,,,,,,,,,,,,,,,,,,,,,,,
RUS,Russia,2006,Asia / Eurasia,Sanctions-resilience resource-fortress state,geoeconomic_pressure,0,0,0,0,0,0,0,0,1,0,0,2,3,5,3,3,3,3,3,3.125,,,,,,,,,,,,,,,,,,,,,,,,,,,,,,,,,,,,,,,,,,,,
RUS,Russia,2007,Asia / Eurasia,Sanctions-resilience resource-fortress state,geoeconomic_pressure,0,0,0,0,0,0,0,0,1,0,0,2,3,5,3,3,3,3,3,3.125,,,,,,,,,,,,,,,,,,,,,,,,,,,,,,,,,,,,,,,,,,,,
RUS,Russia,2008,Asia / Eurasia,Sanctions-resilience resource-fortress state,geoeconomic_pressure,0,0,0,0,0,0,0,0,1,0,0,2,3,5,3,3,3,3,3,3.125,,,,,,,,,,,,,,,,,,,,,,,,,,,,,,,,,,,,,,,,,,,,
RUS,Russia,2009,Asia / Eurasia,Sanctions-resilience resource-fortress state,geoeconomic_pressure,0,0,0,0,0,0,0,0,1,0,0,2,3,5,3,3,3,3,3,3.125,,,,,,,,,,,,,,,,,,,,,,,,,,,,,,,,,,,,,,,,,,,,
RUS,Russia,2010,Asia / Eurasia,Sanctions-resilience resource-fortress state,geoeconomic_pressure,0,0,0,0,0,0,0,0,1,0,0,2,3,5,3,3,3,3,3,3.125,,,,,,,,,,,,,,,,,,,,,,,,,,,,,,,,,,,,,,,,,,,,
RUS,Russia,2011,Asia / Eurasia,Sanctions-resilience resource-fortress state,geoeconomic_pressure,0,0,0,0,0,0,0,0,1,0,0,2,3,5,3,3,3,3,3,3.125,,,,,,,,,,,,,,,,,,,,,,,,,,,,,,,,,,,,,,,,,,,,
RUS,Russia,2012,Asia / Eurasia,Sanctions-resilience resource-fortress state,geoeconomic_pressure,0,0,0,0,0,0,0,0,1,0,0,2,3,5,3,3,3,3,3,3.125,,,,,,,,,,,,,,,,,,,,,,,,,,,,,,,,,,,,,,,,,,,,
RUS,Russia,2013,Asia / Eurasia,Sanctions-resilience resource-fortress state,geoeconomic_pressure,0,0,0,0,0,0,0,0,1,0,0,2,3,5,3,3,3,3,3,3.125,,,,,,,,,,,,,,,,,,,,,,,,,,,,,,,,,,,,,,,,,,,,
RUS,Russia,2014,Asia / Eurasia,Sanctions-resilience resource-fortress state,geoeconomic_pressure,0,0,0,0,0,0,0,0,1,0,0,2,3,5,3,3,3,3,3,3.125,,,,,,,,,,,,,,,,,,,,,,,,,,,,,,,,,,,,,,,,,,,,
RUS,Russia,2015,Asia / Eurasia,Sanctions-resilience resource-fortress state,geoeconomic_pressure,0,0,0,0,0,0,0,0,1,0,0,2,3,5,3,3,3,3,3,3.125,,,,,,,,,,,,,,,,,,,,,,,,,,,,,,,,,,,,,,,,,,,,
RUS,Russia,2016,Asia / Eurasia,Sanctions-resilience resource-fortress state,geoeconomic_pressure,0,0,0,0,0,0,0,0,1,0,0,2,3,5,3,3,3,3,3,3.125,,,,,,,,,,,,,,,,,,,,,,,,,,,,,,,,,,,,,,,,,,,,
RUS,Russia,2017,Asia / Eurasia,Sanctions-resilience resource-fortress state,geoeconomic_pressure,0,0,0,0,0,0,0,0,1,0,0,2,3,5,3,3,3,3,3,3.125,,,,,,,,,,,,,,,,,,,,,,,,,,,,,,,,,,,,,,,,,,,,
RUS,Russia,2018,Asia / Eurasia,Sanctions-resilience resource-fortress state,geoeconomic_pressure,0,0,0,0,0,0,0,0,1,0,0,2,3,5,3,3,3,3,3,3.125,,,,,,,,,,,,,,,,,,,,,,,,,,,,,,,,,,,,,,,,,,,,
RUS,Russia,2019,Asia / Eurasia,Sanctions-resilience resource-fortress state,geoeconomic_pressure,0,0,0,0,0,0,0,0,1,0,0,2,3,5,3,3,3,3,3,3.125,,,,,,,,,,,,,,,,,,,,,,,,,,,,,,,,,,,,,,,,,,,,
RUS,Russia,2020,Asia / Eurasia,Sanctions-resilience resource-fortress state,geoeconomic_pressure,0,0,0,0,0,0,0,0,1,0,0,2,3,5,3,3,3,3,3,3.125,,,,,,,,,,,,,,,,,,,,,,,,,,,,,,,,,,,,,,,,,,,,
RUS,Russia,2021,Asia / Eurasia,Sanctions-resilience resource-fortress state,geoeconomic_pressure,0,0,0,0,0,0,0,0,1,0,0,2,3,5,3,3,3,3,3,3.125,,,,,,,,,,,,,,,,,,,,,,,,,,,,,,,,,,,,,,,,,,,,
RUS,Russia,2022,Asia / Eurasia,Sanctions-resilience resource-fortress state,geoeconomic_pressure,0,0,0,0,0,0,0,0,1,0,0,2,3,5,3,3,3,3,3,3.125,,,,,,,,,,,,,,,,,,,,,,,,,,,,,,,,,,,,,,,,,,,,
RUS,Russia,2023,Asia / Eurasia,Sanctions-resilience resource-fortress state,geoeconomic_pressure,0,0,0,0,0,0,0,0,1,0,0,2,3,5,3,3,3,3,3,3.125,,,,,,,,,,,,,,,,,,,,,,,,,,,,,,,,,,,,,,,,,,,,
RUS,Russia,2024,Asia / Eurasia,Sanctions-resilience resource-fortress state,geoeconomic_pressure,0,0,0,0,0,0,0,0,1,0,0,2,3,5,3,3,3,3,3,3.125,,,,,,,,,,,,,,,,,,,,,,,,,,,,,,,,,,,,,,,,,,,,
RUS,Russia,2025,Asia / Eurasia,Sanctions-resilience resource-fortress state,geoeconomic_pressure,0,0,0,0,0,0,0,0,1,0,0,2,3,5,3,3,3,3,3,3.125,,,,,,,,,,,,,,,,,,,,,,,,,,,,,,,,,,,,,,,,,,,,
DNK,Denmark,1980,Europe & Central Asia,Resilient sovereign,resilient_sovereign,0,1,0,0,0,0,0,0,0,0,0,5,5,4,5,5,5,4,5,4.75,,,,,,,,,,,,,,,,,,,,,,,,,,,,,,,,,,,,,,,,,,,,
DNK,Denmark,1981,Europe & Central Asia,Resilient sovereign,resilient_sovereign,0,1,0,0,0,0,0,0,0,0,0,5,5,4,5,5,5,4,5,4.75,,,,,,,,,,,,,,,,,,,,,,,,,,,,,,,,,,,,,,,,,,,,
DNK,Denmark,1982,Europe & Central Asia,Resilient sovereign,resilient_sovereign,0,1,0,0,0,0,0,0,0,0,0,5,5,4,5,5,5,4,5,4.75,,,,,,,,,,,,,,,,,,,,,,,,,,,,,,,,,,,,,,,,,,,,
DNK,Denmark,1983,Europe & Central Asia,Resilient sovereign,resilient_sovereign,0,1,0,0,0,0,0,0,0,0,0,5,5,4,5,5,5,4,5,4.75,,,,,,,,,,,,,,,,,,,,,,,,,,,,,,,,,,,,,,,,,,,,
DNK,Denmark,1984,Europe & Central Asia,Resilient sovereign,resilient_sovereign,0,1,0,0,0,0,0,0,0,0,0,5,5,4,5,5,5,4,5,4.75,,,,,,,,,,,,,,,,,,,,,,,,,,,,,,,,,,,,,,,,,,,,
DNK,Denmark,1985,Europe & Central Asia,Resilient sovereign,resilient_sovereign,0,1,0,0,0,0,0,0,0,0,0,5,5,4,5,5,5,4,5,4.75,,,,,,,,,,,,,,,,,,,,,,,,,,,,,,,,,,,,,,,,,,,,
DNK,Denmark,1986,Europe & Central Asia,Resilient sovereign,resilient_sovereign,0,1,0,0,0,0,0,0,0,0,0,5,5,4,5,5,5,4,5,4.75,,,,,,,,,,,,,,,,,,,,,,,,,,,,,,,,,,,,,,,,,,,,
DNK,Denmark,1987,Europe & Central Asia,Resilient sovereign,resilient_sovereign,0,1,0,0,0,0,0,0,0,0,0,5,5,4,5,5,5,4,5,4.75,,,,,,,,,,,,,,,,,,,,,,,,,,,,,,,,,,,,,,,,,,,,
DNK,Denmark,1988,Europe & Central Asia,Resilient sovereign,resilient_sovereign,0,1,0,0,0,0,0,0,0,0,0,5,5,4,5,5,5,4,5,4.75,,,,,,,,,,,,,,,,,,,,,,,,,,,,,,,,,,,,,,,,,,,,
DNK,Denmark,1989,Europe & Central Asia,Resilient sovereign,resilient_sovereign,0,1,0,0,0,0,0,0,0,0,0,5,5,4,5,5,5,4,5,4.75,,,,,,,,,,,,,,,,,,,,,,,,,,,,,,,,,,,,,,,,,,,,
DNK,Denmark,1990,Europe & Central Asia,Resilient sovereign,resilient_sovereign,0,1,0,0,0,0,0,0,0,0,0,5,5,4,5,5,5,4,5,4.75,,,,,,,,,,,,,,,,,,,,,,,,,,,,,,,,,,,,,,,,,,,,
DNK,Denmark,1991,Europe & Central Asia,Resilient sovereign,resilient_sovereign,0,1,0,0,0,0,0,0,0,0,0,5,5,4,5,5,5,4,5,4.75,,,,,,,,,,,,,,,,,,,,,,,,,,,,,,,,,,,,,,,,,,,,
DNK,Denmark,1992,Europe & Central Asia,Resilient sovereign,resilient_sovereign,0,1,0,0,0,0,0,0,0,0,0,5,5,4,5,5,5,4,5,4.75,,,,,,,,,,,,,,,,,,,,,,,,,,,,,,,,,,,,,,,,,,,,
DNK,Denmark,1993,Europe & Central Asia,Resilient sovereign,resilient_sovereign,0,1,0,0,0,0,0,0,0,0,0,5,5,4,5,5,5,4,5,4.75,,,,,,,,,,,,,,,,,,,,,,,,,,,,,,,,,,,,,,,,,,,,
DNK,Denmark,1994,Europe & Central Asia,Resilient sovereign,resilient_sovereign,0,1,0,0,0,0,0,0,0,0,0,5,5,4,5,5,5,4,5,4.75,,,,,,,,,,,,,,,,,,,,,,,,,,,,,,,,,,,,,,,,,,,,
DNK,Denmark,1995,Europe & Central Asia,Resilient sovereign,resilient_sovereign,0,1,0,0,0,0,0,0,0,0,0,5,5,4,5,5,5,4,5,4.75,,,,,,,,,,,,,,,,,,,,,,,,,,,,,,,,,,,,,,,,,,,,
DNK,Denmark,1996,Europe & Central Asia,Resilient sovereign,resilient_sovereign,0,1,0,0,0,0,0,0,0,0,0,5,5,4,5,5,5,4,5,4.75,,,,,,,,,,,,,,,,,,,,,,,,,,,,,,,,,,,,,,,,,,,,
DNK,Denmark,1997,Europe & Central Asia,Resilient sovereign,resilient_sovereign,0,1,0,0,0,0,0,0,0,0,0,5,5,4,5,5,5,4,5,4.75,,,,,,,,,,,,,,,,,,,,,,,,,,,,,,,,,,,,,,,,,,,,
DNK,Denmark,1998,Europe & Central Asia,Resilient sovereign,resilient_sovereign,0,1,0,0,0,0,0,0,0,0,0,5,5,4,5,5,5,4,5,4.75,,,,,,,,,,,,,,,,,,,,,,,,,,,,,,,,,,,,,,,,,,,,
DNK,Denmark,1999,Europe & Central Asia,Resilient sovereign,resilient_sovereign,0,1,0,0,0,0,0,0,0,0,0,5,5,4,5,5,5,4,5,4.75,,,,,,,,,,,,,,,,,,,,,,,,,,,,,,,,,,,,,,,,,,,,
DNK,Denmark,2000,Europe & Central Asia,Resilient sovereign,resilient_sovereign,0,1,0,0,0,0,0,0,0,0,0,5,5,4,5,5,5,4,5,4.75,,,,,,,,,,,,,,,,,,,,,,,,,,,,,,,,,,,,,,,,,,,,
DNK,Denmark,2001,Europe & Central Asia,Resilient sovereign,resilient_sovereign,0,1,0,0,0,0,0,0,0,0,0,5,5,4,5,5,5,4,5,4.75,,,,,,,,,,,,,,,,,,,,,,,,,,,,,,,,,,,,,,,,,,,,
DNK,Denmark,2002,Europe & Central Asia,Resilient sovereign,resilient_sovereign,0,1,0,0,0,0,0,0,0,0,0,5,5,4,5,5,5,4,5,4.75,,,,,,,,,,,,,,,,,,,,,,,,,,,,,,,,,,,,,,,,,,,,
DNK,Denmark,2003,Europe & Central Asia,Resilient sovereign,resilient_sovereign,0,1,0,0,0,0,0,0,0,0,0,5,5,4,5,5,5,4,5,4.75,,,,,,,,,,,,,,,,,,,,,,,,,,,,,,,,,,,,,,,,,,,,
DNK,Denmark,2004,Europe & Central Asia,Resilient sovereign,resilient_sovereign,0,1,0,0,0,0,0,0,0,0,0,5,5,4,5,5,5,4,5,4.75,,,,,,,,,,,,,,,,,,,,,,,,,,,,,,,,,,,,,,,,,,,,
DNK,Denmark,2005,Europe & Central Asia,Resilient sovereign,resilient_sovereign,0,1,0,0,0,0,0,0,0,0,0,5,5,4,5,5,5,4,5,4.75,,,,,,,,,,,,,,,,,,,,,,,,,,,,,,,,,,,,,,,,,,,,
DNK,Denmark,2006,Europe & Central Asia,Resilient sovereign,resilient_sovereign,0,1,0,0,0,0,0,0,0,0,0,5,5,4,5,5,5,4,5,4.75,,,,,,,,,,,,,,,,,,,,,,,,,,,,,,,,,,,,,,,,,,,,
DNK,Denmark,2007,Europe & Central Asia,Resilient sovereign,resilient_sovereign,0,1,0,0,0,0,0,0,0,0,0,5,5,4,5,5,5,4,5,4.75,,,,,,,,,,,,,,,,,,,,,,,,,,,,,,,,,,,,,,,,,,,,
DNK,Denmark,2008,Europe & Central Asia,Resilient sovereign,resilient_sovereign,0,1,0,0,0,0,0,0,0,0,0,5,5,4,5,5,5,4,5,4.75,,,,,,,,,,,,,,,,,,,,,,,,,,,,,,,,,,,,,,,,,,,,
DNK,Denmark,2009,Europe & Central Asia,Resilient sovereign,resilient_sovereign,0,1,0,0,0,0,0,0,0,0,0,5,5,4,5,5,5,4,5,4.75,,,,,,,,,,,,,,,,,,,,,,,,,,,,,,,,,,,,,,,,,,,,
DNK,Denmark,2010,Europe & Central Asia,Resilient sovereign,resilient_sovereign,0,1,0,0,0,0,0,0,0,0,0,5,5,4,5,5,5,4,5,4.75,,,,,,,,,,,,,,,,,,,,,,,,,,,,,,,,,,,,,,,,,,,,
DNK,Denmark,2011,Europe & Central Asia,Resilient sovereign,resilient_sovereign,0,1,0,0,0,0,0,0,0,0,0,5,5,4,5,5,5,4,5,4.75,,,,,,,,,,,,,,,,,,,,,,,,,,,,,,,,,,,,,,,,,,,,
DNK,Denmark,2012,Europe & Central Asia,Resilient sovereign,resilient_sovereign,0,1,0,0,0,0,0,0,0,0,0,5,5,4,5,5,5,4,5,4.75,,,,,,,,,,,,,,,,,,,,,,,,,,,,,,,,,,,,,,,,,,,,
DNK,Denmark,2013,Europe & Central Asia,Resilient sovereign,resilient_sovereign,0,1,0,0,0,0,0,0,0,0,0,5,5,4,5,5,5,4,5,4.75,,,,,,,,,,,,,,,,,,,,,,,,,,,,,,,,,,,,,,,,,,,,
DNK,Denmark,2014,Europe & Central Asia,Resilient sovereign,resilient_sovereign,0,1,0,0,0,0,0,0,0,0,0,5,5,4,5,5,5,4,5,4.75,,,,,,,,,,,,,,,,,,,,,,,,,,,,,,,,,,,,,,,,,,,,
DNK,Denmark,2015,Europe & Central Asia,Resilient sovereign,resilient_sovereign,0,1,0,0,0,0,0,0,0,0,0,5,5,4,5,5,5,4,5,4.75,,,,,,,,,,,,,,,,,,,,,,,,,,,,,,,,,,,,,,,,,,,,
DNK,Denmark,2016,Europe & Central Asia,Resilient sovereign,resilient_sovereign,0,1,0,0,0,0,0,0,0,0,0,5,5,4,5,5,5,4,5,4.75,,,,,,,,,,,,,,,,,,,,,,,,,,,,,,,,,,,,,,,,,,,,
DNK,Denmark,2017,Europe & Central Asia,Resilient sovereign,resilient_sovereign,0,1,0,0,0,0,0,0,0,0,0,5,5,4,5,5,5,4,5,4.75,,,,,,,,,,,,,,,,,,,,,,,,,,,,,,,,,,,,,,,,,,,,
DNK,Denmark,2018,Europe & Central Asia,Resilient sovereign,resilient_sovereign,0,1,0,0,0,0,0,0,0,0,0,5,5,4,5,5,5,4,5,4.75,,,,,,,,,,,,,,,,,,,,,,,,,,,,,,,,,,,,,,,,,,,,
DNK,Denmark,2019,Europe & Central Asia,Resilient sovereign,resilient_sovereign,0,1,0,0,0,0,0,0,0,0,0,5,5,4,5,5,5,4,5,4.75,,,,,,,,,,,,,,,,,,,,,,,,,,,,,,,,,,,,,,,,,,,,
DNK,Denmark,2020,Europe & Central Asia,Resilient sovereign,resilient_sovereign,0,1,0,0,0,0,0,0,0,0,0,5,5,4,5,5,5,4,5,4.75,,,,,,,,,,,,,,,,,,,,,,,,,,,,,,,,,,,,,,,,,,,,
DNK,Denmark,2021,Europe & Central Asia,Resilient sovereign,resilient_sovereign,0,1,0,0,0,0,0,0,0,0,0,5,5,4,5,5,5,4,5,4.75,,,,,,,,,,,,,,,,,,,,,,,,,,,,,,,,,,,,,,,,,,,,
DNK,Denmark,2022,Europe & Central Asia,Resilient sovereign,resilient_sovereign,0,1,0,0,0,0,0,0,0,0,0,5,5,4,5,5,5,4,5,4.75,,,,,,,,,,,,,,,,,,,,,,,,,,,,,,,,,,,,,,,,,,,,
DNK,Denmark,2023,Europe & Central Asia,Resilient sovereign,resilient_sovereign,0,1,0,0,0,0,0,0,0,0,0,5,5,4,5,5,5,4,5,4.75,,,,,,,,,,,,,,,,,,,,,,,,,,,,,,,,,,,,,,,,,,,,
DNK,Denmark,2024,Europe & Central Asia,Resilient sovereign,resilient_sovereign,0,1,0,0,0,0,0,0,0,0,0,5,5,4,5,5,5,4,5,4.75,,,,,,,,,,,,,,,,,,,,,,,,,,,,,,,,,,,,,,,,,,,,
DNK,Denmark,2025,Europe & Central Asia,Resilient sovereign,resilient_sovereign,0,1,0,0,0,0,0,0,0,0,0,5,5,4,5,5,5,4,5,4.75,,,,,,,,,,,,,,,,,,,,,,,,,,,,,,,,,,,,,,,,,,,,
SWE,Sweden,1980,Europe & Central Asia,Resilient sovereign,resilient_sovereign,0,1,0,0,0,0,0,0,0,0,0,5,4,4,5,5,5,4,5,4.625,,,,,,,,,,,,,,,,,,,,,,,,,,,,,,,,,,,,,,,,,,,,
SWE,Sweden,1981,Europe & Central Asia,Resilient sovereign,resilient_sovereign,0,1,0,0,0,0,0,0,0,0,0,5,4,4,5,5,5,4,5,4.625,,,,,,,,,,,,,,,,,,,,,,,,,,,,,,,,,,,,,,,,,,,,
SWE,Sweden,1982,Europe & Central Asia,Resilient sovereign,resilient_sovereign,0,1,0,0,0,0,0,0,0,0,0,5,4,4,5,5,5,4,5,4.625,,,,,,,,,,,,,,,,,,,,,,,,,,,,,,,,,,,,,,,,,,,,
SWE,Sweden,1983,Europe & Central Asia,Resilient sovereign,resilient_sovereign,0,1,0,0,0,0,0,0,0,0,0,5,4,4,5,5,5,4,5,4.625,,,,,,,,,,,,,,,,,,,,,,,,,,,,,,,,,,,,,,,,,,,,
SWE,Sweden,1984,Europe & Central Asia,Resilient sovereign,resilient_sovereign,0,1,0,0,0,0,0,0,0,0,0,5,4,4,5,5,5,4,5,4.625,,,,,,,,,,,,,,,,,,,,,,,,,,,,,,,,,,,,,,,,,,,,
SWE,Sweden,1985,Europe & Central Asia,Resilient sovereign,resilient_sovereign,0,1,0,0,0,0,0,0,0,0,0,5,4,4,5,5,5,4,5,4.625,,,,,,,,,,,,,,,,,,,,,,,,,,,,,,,,,,,,,,,,,,,,
SWE,Sweden,1986,Europe & Central Asia,Resilient sovereign,resilient_sovereign,0,1,0,0,0,0,0,0,0,0,0,5,4,4,5,5,5,4,5,4.625,,,,,,,,,,,,,,,,,,,,,,,,,,,,,,,,,,,,,,,,,,,,
SWE,Sweden,1987,Europe & Central Asia,Resilient sovereign,resilient_sovereign,0,1,0,0,0,0,0,0,0,0,0,5,4,4,5,5,5,4,5,4.625,,,,,,,,,,,,,,,,,,,,,,,,,,,,,,,,,,,,,,,,,,,,
SWE,Sweden,1988,Europe & Central Asia,Resilient sovereign,resilient_sovereign,0,1,0,0,0,0,0,0,0,0,0,5,4,4,5,5,5,4,5,4.625,,,,,,,,,,,,,,,,,,,,,,,,,,,,,,,,,,,,,,,,,,,,
SWE,Sweden,1989,Europe & Central Asia,Resilient sovereign,resilient_sovereign,0,1,0,0,0,0,0,0,0,0,0,5,4,4,5,5,5,4,5,4.625,,,,,,,,,,,,,,,,,,,,,,,,,,,,,,,,,,,,,,,,,,,,
SWE,Sweden,1990,Europe & Central Asia,Resilient sovereign,resilient_sovereign,0,1,0,0,0,0,0,0,0,0,0,5,4,4,5,5,5,4,5,4.625,,,,,,,,,,,,,,,,,,,,,,,,,,,,,,,,,,,,,,,,,,,,
SWE,Sweden,1991,Europe & Central Asia,Resilient sovereign,resilient_sovereign,0,1,0,0,0,0,0,0,0,0,0,5,4,4,5,5,5,4,5,4.625,,,,,,,,,,,,,,,,,,,,,,,,,,,,,,,,,,,,,,,,,,,,
SWE,Sweden,1992,Europe & Central Asia,Resilient sovereign,resilient_sovereign,0,1,0,0,0,0,0,0,0,0,0,5,4,4,5,5,5,4,5,4.625,,,,,,,,,,,,,,,,,,,,,,,,,,,,,,,,,,,,,,,,,,,,
SWE,Sweden,1993,Europe & Central Asia,Resilient sovereign,resilient_sovereign,0,1,0,0,0,0,0,0,0,0,0,5,4,4,5,5,5,4,5,4.625,,,,,,,,,,,,,,,,,,,,,,,,,,,,,,,,,,,,,,,,,,,,
SWE,Sweden,1994,Europe & Central Asia,Resilient sovereign,resilient_sovereign,0,1,0,0,0,0,0,0,0,0,0,5,4,4,5,5,5,4,5,4.625,,,,,,,,,,,,,,,,,,,,,,,,,,,,,,,,,,,,,,,,,,,,
SWE,Sweden,1995,Europe & Central Asia,Resilient sovereign,resilient_sovereign,0,1,0,0,0,0,0,0,0,0,0,5,4,4,5,5,5,4,5,4.625,,,,,,,,,,,,,,,,,,,,,,,,,,,,,,,,,,,,,,,,,,,,
SWE,Sweden,1996,Europe & Central Asia,Resilient sovereign,resilient_sovereign,0,1,0,0,0,0,0,0,0,0,0,5,4,4,5,5,5,4,5,4.625,,,,,,,,,,,,,,,,,,,,,,,,,,,,,,,,,,,,,,,,,,,,
SWE,Sweden,1997,Europe & Central Asia,Resilient sovereign,resilient_sovereign,0,1,0,0,0,0,0,0,0,0,0,5,4,4,5,5,5,4,5,4.625,,,,,,,,,,,,,,,,,,,,,,,,,,,,,,,,,,,,,,,,,,,,
SWE,Sweden,1998,Europe & Central Asia,Resilient sovereign,resilient_sovereign,0,1,0,0,0,0,0,0,0,0,0,5,4,4,5,5,5,4,5,4.625,,,,,,,,,,,,,,,,,,,,,,,,,,,,,,,,,,,,,,,,,,,,
SWE,Sweden,1999,Europe & Central Asia,Resilient sovereign,resilient_sovereign,0,1,0,0,0,0,0,0,0,0,0,5,4,4,5,5,5,4,5,4.625,,,,,,,,,,,,,,,,,,,,,,,,,,,,,,,,,,,,,,,,,,,,
SWE,Sweden,2000,Europe & Central Asia,Resilient sovereign,resilient_sovereign,0,1,0,0,0,0,0,0,0,0,0,5,4,4,5,5,5,4,5,4.625,,,,,,,,,,,,,,,,,,,,,,,,,,,,,,,,,,,,,,,,,,,,
SWE,Sweden,2001,Europe & Central Asia,Resilient sovereign,resilient_sovereign,0,1,0,0,0,0,0,0,0,0,0,5,4,4,5,5,5,4,5,4.625,,,,,,,,,,,,,,,,,,,,,,,,,,,,,,,,,,,,,,,,,,,,
SWE,Sweden,2002,Europe & Central Asia,Resilient sovereign,resilient_sovereign,0,1,0,0,0,0,0,0,0,0,0,5,4,4,5,5,5,4,5,4.625,,,,,,,,,,,,,,,,,,,,,,,,,,,,,,,,,,,,,,,,,,,,
SWE,Sweden,2003,Europe & Central Asia,Resilient sovereign,resilient_sovereign,0,1,0,0,0,0,0,0,0,0,0,5,4,4,5,5,5,4,5,4.625,,,,,,,,,,,,,,,,,,,,,,,,,,,,,,,,,,,,,,,,,,,,
SWE,Sweden,2004,Europe & Central Asia,Resilient sovereign,resilient_sovereign,0,1,0,0,0,0,0,0,0,0,0,5,4,4,5,5,5,4,5,4.625,,,,,,,,,,,,,,,,,,,,,,,,,,,,,,,,,,,,,,,,,,,,
SWE,Sweden,2005,Europe & Central Asia,Resilient sovereign,resilient_sovereign,0,1,0,0,0,0,0,0,0,0,0,5,4,4,5,5,5,4,5,4.625,,,,,,,,,,,,,,,,,,,,,,,,,,,,,,,,,,,,,,,,,,,,
SWE,Sweden,2006,Europe & Central Asia,Resilient sovereign,resilient_sovereign,0,1,0,0,0,0,0,0,0,0,0,5,4,4,5,5,5,4,5,4.625,,,,,,,,,,,,,,,,,,,,,,,,,,,,,,,,,,,,,,,,,,,,
SWE,Sweden,2007,Europe & Central Asia,Resilient sovereign,resilient_sovereign,0,1,0,0,0,0,0,0,0,0,0,5,4,4,5,5,5,4,5,4.625,,,,,,,,,,,,,,,,,,,,,,,,,,,,,,,,,,,,,,,,,,,,
SWE,Sweden,2008,Europe & Central Asia,Resilient sovereign,resilient_sovereign,0,1,0,0,0,0,0,0,0,0,0,5,4,4,5,5,5,4,5,4.625,,,,,,,,,,,,,,,,,,,,,,,,,,,,,,,,,,,,,,,,,,,,
SWE,Sweden,2009,Europe & Central Asia,Resilient sovereign,resilient_sovereign,0,1,0,0,0,0,0,0,0,0,0,5,4,4,5,5,5,4,5,4.625,,,,,,,,,,,,,,,,,,,,,,,,,,,,,,,,,,,,,,,,,,,,
SWE,Sweden,2010,Europe & Central Asia,Resilient sovereign,resilient_sovereign,0,1,0,0,0,0,0,0,0,0,0,5,4,4,5,5,5,4,5,4.625,,,,,,,,,,,,,,,,,,,,,,,,,,,,,,,,,,,,,,,,,,,,
SWE,Sweden,2011,Europe & Central Asia,Resilient sovereign,resilient_sovereign,0,1,0,0,0,0,0,0,0,0,0,5,4,4,5,5,5,4,5,4.625,,,,,,,,,,,,,,,,,,,,,,,,,,,,,,,,,,,,,,,,,,,,
SWE,Sweden,2012,Europe & Central Asia,Resilient sovereign,resilient_sovereign,0,1,0,0,0,0,0,0,0,0,0,5,4,4,5,5,5,4,5,4.625,,,,,,,,,,,,,,,,,,,,,,,,,,,,,,,,,,,,,,,,,,,,
SWE,Sweden,2013,Europe & Central Asia,Resilient sovereign,resilient_sovereign,0,1,0,0,0,0,0,0,0,0,0,5,4,4,5,5,5,4,5,4.625,,,,,,,,,,,,,,,,,,,,,,,,,,,,,,,,,,,,,,,,,,,,
SWE,Sweden,2014,Europe & Central Asia,Resilient sovereign,resilient_sovereign,0,1,0,0,0,0,0,0,0,0,0,5,4,4,5,5,5,4,5,4.625,,,,,,,,,,,,,,,,,,,,,,,,,,,,,,,,,,,,,,,,,,,,
SWE,Sweden,2015,Europe & Central Asia,Resilient sovereign,resilient_sovereign,0,1,0,0,0,0,0,0,0,0,0,5,4,4,5,5,5,4,5,4.625,,,,,,,,,,,,,,,,,,,,,,,,,,,,,,,,,,,,,,,,,,,,
SWE,Sweden,2016,Europe & Central Asia,Resilient sovereign,resilient_sovereign,0,1,0,0,0,0,0,0,0,0,0,5,4,4,5,5,5,4,5,4.625,,,,,,,,,,,,,,,,,,,,,,,,,,,,,,,,,,,,,,,,,,,,
SWE,Sweden,2017,Europe & Central Asia,Resilient sovereign,resilient_sovereign,0,1,0,0,0,0,0,0,0,0,0,5,4,4,5,5,5,4,5,4.625,,,,,,,,,,,,,,,,,,,,,,,,,,,,,,,,,,,,,,,,,,,,
SWE,Sweden,2018,Europe & Central Asia,Resilient sovereign,resilient_sovereign,0,1,0,0,0,0,0,0,0,0,0,5,4,4,5,5,5,4,5,4.625,,,,,,,,,,,,,,,,,,,,,,,,,,,,,,,,,,,,,,,,,,,,
SWE,Sweden,2019,Europe & Central Asia,Resilient sovereign,resilient_sovereign,0,1,0,0,0,0,0,0,0,0,0,5,4,4,5,5,5,4,5,4.625,,,,,,,,,,,,,,,,,,,,,,,,,,,,,,,,,,,,,,,,,,,,
SWE,Sweden,2020,Europe & Central Asia,Resilient sovereign,resilient_sovereign,0,1,0,0,0,0,0,0,0,0,0,5,4,4,5,5,5,4,5,4.625,,,,,,,,,,,,,,,,,,,,,,,,,,,,,,,,,,,,,,,,,,,,
SWE,Sweden,2021,Europe & Central Asia,Resilient sovereign,resilient_sovereign,0,1,0,0,0,0,0,0,0,0,0,5,4,4,5,5,5,4,5,4.625,,,,,,,,,,,,,,,,,,,,,,,,,,,,,,,,,,,,,,,,,,,,
SWE,Sweden,2022,Europe & Central Asia,Resilient sovereign,resilient_sovereign,0,1,0,0,0,0,0,0,0,0,0,5,4,4,5,5,5,4,5,4.625,,,,,,,,,,,,,,,,,,,,,,,,,,,,,,,,,,,,,,,,,,,,
SWE,Sweden,2023,Europe & Central Asia,Resilient sovereign,resilient_sovereign,0,1,0,0,0,0,0,0,0,0,0,5,4,4,5,5,5,4,5,4.625,,,,,,,,,,,,,,,,,,,,,,,,,,,,,,,,,,,,,,,,,,,,
SWE,Sweden,2024,Europe & Central Asia,Resilient sovereign,resilient_sovereign,0,1,0,0,0,0,0,0,0,0,0,5,4,4,5,5,5,4,5,4.625,,,,,,,,,,,,,,,,,,,,,,,,,,,,,,,,,,,,,,,,,,,,
SWE,Sweden,2025,Europe & Central Asia,Resilient sovereign,resilient_sovereign,0,1,0,0,0,0,0,0,0,0,0,5,4,4,5,5,5,4,5,4.625,,,,,,,,,,,,,,,,,,,,,,,,,,,,,,,,,,,,,,,,,,,,
FIN,Finland,1980,Europe & Central Asia,Resilient sovereign under frontier pressure,resilient_sovereign,0,1,0,0,0,0,0,0,0,0,0,5,4,3,5,4,5,4,4,4.25,,,,,,,,,,,,,,,,,,,,,,,,,,,,,,,,,,,,,,,,,,,,
FIN,Finland,1981,Europe & Central Asia,Resilient sovereign under frontier pressure,resilient_sovereign,0,1,0,0,0,0,0,0,0,0,0,5,4,3,5,4,5,4,4,4.25,,,,,,,,,,,,,,,,,,,,,,,,,,,,,,,,,,,,,,,,,,,,
FIN,Finland,1982,Europe & Central Asia,Resilient sovereign under frontier pressure,resilient_sovereign,0,1,0,0,0,0,0,0,0,0,0,5,4,3,5,4,5,4,4,4.25,,,,,,,,,,,,,,,,,,,,,,,,,,,,,,,,,,,,,,,,,,,,
FIN,Finland,1983,Europe & Central Asia,Resilient sovereign under frontier pressure,resilient_sovereign,0,1,0,0,0,0,0,0,0,0,0,5,4,3,5,4,5,4,4,4.25,,,,,,,,,,,,,,,,,,,,,,,,,,,,,,,,,,,,,,,,,,,,
FIN,Finland,1984,Europe & Central Asia,Resilient sovereign under frontier pressure,resilient_sovereign,0,1,0,0,0,0,0,0,0,0,0,5,4,3,5,4,5,4,4,4.25,,,,,,,,,,,,,,,,,,,,,,,,,,,,,,,,,,,,,,,,,,,,
FIN,Finland,1985,Europe & Central Asia,Resilient sovereign under frontier pressure,resilient_sovereign,0,1,0,0,0,0,0,0,0,0,0,5,4,3,5,4,5,4,4,4.25,,,,,,,,,,,,,,,,,,,,,,,,,,,,,,,,,,,,,,,,,,,,
FIN,Finland,1986,Europe & Central Asia,Resilient sovereign under frontier pressure,resilient_sovereign,0,1,0,0,0,0,0,0,0,0,0,5,4,3,5,4,5,4,4,4.25,,,,,,,,,,,,,,,,,,,,,,,,,,,,,,,,,,,,,,,,,,,,
FIN,Finland,1987,Europe & Central Asia,Resilient sovereign under frontier pressure,resilient_sovereign,0,1,0,0,0,0,0,0,0,0,0,5,4,3,5,4,5,4,4,4.25,,,,,,,,,,,,,,,,,,,,,,,,,,,,,,,,,,,,,,,,,,,,
FIN,Finland,1988,Europe & Central Asia,Resilient sovereign under frontier pressure,resilient_sovereign,0,1,0,0,0,0,0,0,0,0,0,5,4,3,5,4,5,4,4,4.25,,,,,,,,,,,,,,,,,,,,,,,,,,,,,,,,,,,,,,,,,,,,
FIN,Finland,1989,Europe & Central Asia,Resilient sovereign under frontier pressure,resilient_sovereign,0,1,0,0,0,0,0,0,0,0,0,5,4,3,5,4,5,4,4,4.25,,,,,,,,,,,,,,,,,,,,,,,,,,,,,,,,,,,,,,,,,,,,
FIN,Finland,1990,Europe & Central Asia,Resilient sovereign under frontier pressure,resilient_sovereign,0,1,0,0,0,0,0,0,0,0,0,5,4,3,5,4,5,4,4,4.25,,,,,,,,,,,,,,,,,,,,,,,,,,,,,,,,,,,,,,,,,,,,
FIN,Finland,1991,Europe & Central Asia,Resilient sovereign under frontier pressure,resilient_sovereign,0,1,0,0,0,0,0,0,0,0,0,5,4,3,5,4,5,4,4,4.25,,,,,,,,,,,,,,,,,,,,,,,,,,,,,,,,,,,,,,,,,,,,
FIN,Finland,1992,Europe & Central Asia,Resilient sovereign under frontier pressure,resilient_sovereign,0,1,0,0,0,0,0,0,0,0,0,5,4,3,5,4,5,4,4,4.25,,,,,,,,,,,,,,,,,,,,,,,,,,,,,,,,,,,,,,,,,,,,
FIN,Finland,1993,Europe & Central Asia,Resilient sovereign under frontier pressure,resilient_sovereign,0,1,0,0,0,0,0,0,0,0,0,5,4,3,5,4,5,4,4,4.25,,,,,,,,,,,,,,,,,,,,,,,,,,,,,,,,,,,,,,,,,,,,
FIN,Finland,1994,Europe & Central Asia,Resilient sovereign under frontier pressure,resilient_sovereign,0,1,0,0,0,0,0,0,0,0,0,5,4,3,5,4,5,4,4,4.25,,,,,,,,,,,,,,,,,,,,,,,,,,,,,,,,,,,,,,,,,,,,
FIN,Finland,1995,Europe & Central Asia,Resilient sovereign under frontier pressure,resilient_sovereign,0,1,0,0,0,0,0,0,0,0,0,5,4,3,5,4,5,4,4,4.25,,,,,,,,,,,,,,,,,,,,,,,,,,,,,,,,,,,,,,,,,,,,
FIN,Finland,1996,Europe & Central Asia,Resilient sovereign under frontier pressure,resilient_sovereign,0,1,0,0,0,0,0,0,0,0,0,5,4,3,5,4,5,4,4,4.25,,,,,,,,,,,,,,,,,,,,,,,,,,,,,,,,,,,,,,,,,,,,
FIN,Finland,1997,Europe & Central Asia,Resilient sovereign under frontier pressure,resilient_sovereign,0,1,0,0,0,0,0,0,0,0,0,5,4,3,5,4,5,4,4,4.25,,,,,,,,,,,,,,,,,,,,,,,,,,,,,,,,,,,,,,,,,,,,
FIN,Finland,1998,Europe & Central Asia,Resilient sovereign under frontier pressure,resilient_sovereign,0,1,0,0,0,0,0,0,0,0,0,5,4,3,5,4,5,4,4,4.25,,,,,,,,,,,,,,,,,,,,,,,,,,,,,,,,,,,,,,,,,,,,
FIN,Finland,1999,Europe & Central Asia,Resilient sovereign under frontier pressure,resilient_sovereign,0,1,0,0,0,0,0,0,0,0,0,5,4,3,5,4,5,4,4,4.25,,,,,,,,,,,,,,,,,,,,,,,,,,,,,,,,,,,,,,,,,,,,
FIN,Finland,2000,Europe & Central Asia,Resilient sovereign under frontier pressure,resilient_sovereign,0,1,0,0,0,0,0,0,0,0,0,5,4,3,5,4,5,4,4,4.25,,,,,,,,,,,,,,,,,,,,,,,,,,,,,,,,,,,,,,,,,,,,
FIN,Finland,2001,Europe & Central Asia,Resilient sovereign under frontier pressure,resilient_sovereign,0,1,0,0,0,0,0,0,0,0,0,5,4,3,5,4,5,4,4,4.25,,,,,,,,,,,,,,,,,,,,,,,,,,,,,,,,,,,,,,,,,,,,
FIN,Finland,2002,Europe & Central Asia,Resilient sovereign under frontier pressure,resilient_sovereign,0,1,0,0,0,0,0,0,0,0,0,5,4,3,5,4,5,4,4,4.25,,,,,,,,,,,,,,,,,,,,,,,,,,,,,,,,,,,,,,,,,,,,
FIN,Finland,2003,Europe & Central Asia,Resilient sovereign under frontier pressure,resilient_sovereign,0,1,0,0,0,0,0,0,0,0,0,5,4,3,5,4,5,4,4,4.25,,,,,,,,,,,,,,,,,,,,,,,,,,,,,,,,,,,,,,,,,,,,
FIN,Finland,2004,Europe & Central Asia,Resilient sovereign under frontier pressure,resilient_sovereign,0,1,0,0,0,0,0,0,0,0,0,5,4,3,5,4,5,4,4,4.25,,,,,,,,,,,,,,,,,,,,,,,,,,,,,,,,,,,,,,,,,,,,
FIN,Finland,2005,Europe & Central Asia,Resilient sovereign under frontier pressure,resilient_sovereign,0,1,0,0,0,0,0,0,0,0,0,5,4,3,5,4,5,4,4,4.25,,,,,,,,,,,,,,,,,,,,,,,,,,,,,,,,,,,,,,,,,,,,
FIN,Finland,2006,Europe & Central Asia,Resilient sovereign under frontier pressure,resilient_sovereign,0,1,0,0,0,0,0,0,0,0,0,5,4,3,5,4,5,4,4,4.25,,,,,,,,,,,,,,,,,,,,,,,,,,,,,,,,,,,,,,,,,,,,
FIN,Finland,2007,Europe & Central Asia,Resilient sovereign under frontier pressure,resilient_sovereign,0,1,0,0,0,0,0,0,0,0,0,5,4,3,5,4,5,4,4,4.25,,,,,,,,,,,,,,,,,,,,,,,,,,,,,,,,,,,,,,,,,,,,
FIN,Finland,2008,Europe & Central Asia,Resilient sovereign under frontier pressure,resilient_sovereign,0,1,0,0,0,0,0,0,0,0,0,5,4,3,5,4,5,4,4,4.25,,,,,,,,,,,,,,,,,,,,,,,,,,,,,,,,,,,,,,,,,,,,
FIN,Finland,2009,Europe & Central Asia,Resilient sovereign under frontier pressure,resilient_sovereign,0,1,0,0,0,0,0,0,0,0,0,5,4,3,5,4,5,4,4,4.25,,,,,,,,,,,,,,,,,,,,,,,,,,,,,,,,,,,,,,,,,,,,
FIN,Finland,2010,Europe & Central Asia,Resilient sovereign under frontier pressure,resilient_sovereign,0,1,0,0,0,0,0,0,0,0,0,5,4,3,5,4,5,4,4,4.25,,,,,,,,,,,,,,,,,,,,,,,,,,,,,,,,,,,,,,,,,,,,
FIN,Finland,2011,Europe & Central Asia,Resilient sovereign under frontier pressure,resilient_sovereign,0,1,0,0,0,0,0,0,0,0,0,5,4,3,5,4,5,4,4,4.25,,,,,,,,,,,,,,,,,,,,,,,,,,,,,,,,,,,,,,,,,,,,
FIN,Finland,2012,Europe & Central Asia,Resilient sovereign under frontier pressure,resilient_sovereign,0,1,0,0,0,0,0,0,0,0,0,5,4,3,5,4,5,4,4,4.25,,,,,,,,,,,,,,,,,,,,,,,,,,,,,,,,,,,,,,,,,,,,
FIN,Finland,2013,Europe & Central Asia,Resilient sovereign under frontier pressure,resilient_sovereign,0,1,0,0,0,0,0,0,0,0,0,5,4,3,5,4,5,4,4,4.25,,,,,,,,,,,,,,,,,,,,,,,,,,,,,,,,,,,,,,,,,,,,
FIN,Finland,2014,Europe & Central Asia,Resilient sovereign under frontier pressure,resilient_sovereign,0,1,0,0,0,0,0,0,0,0,0,5,4,3,5,4,5,4,4,4.25,,,,,,,,,,,,,,,,,,,,,,,,,,,,,,,,,,,,,,,,,,,,
FIN,Finland,2015,Europe & Central Asia,Resilient sovereign under frontier pressure,resilient_sovereign,0,1,0,0,0,0,0,0,0,0,0,5,4,3,5,4,5,4,4,4.25,,,,,,,,,,,,,,,,,,,,,,,,,,,,,,,,,,,,,,,,,,,,
FIN,Finland,2016,Europe & Central Asia,Resilient sovereign under frontier pressure,resilient_sovereign,0,1,0,0,0,0,0,0,0,0,0,5,4,3,5,4,5,4,4,4.25,,,,,,,,,,,,,,,,,,,,,,,,,,,,,,,,,,,,,,,,,,,,
FIN,Finland,2017,Europe & Central Asia,Resilient sovereign under frontier pressure,resilient_sovereign,0,1,0,0,0,0,0,0,0,0,0,5,4,3,5,4,5,4,4,4.25,,,,,,,,,,,,,,,,,,,,,,,,,,,,,,,,,,,,,,,,,,,,
FIN,Finland,2018,Europe & Central Asia,Resilient sovereign under frontier pressure,resilient_sovereign,0,1,0,0,0,0,0,0,0,0,0,5,4,3,5,4,5,4,4,4.25,,,,,,,,,,,,,,,,,,,,,,,,,,,,,,,,,,,,,,,,,,,,
FIN,Finland,2019,Europe & Central Asia,Resilient sovereign under frontier pressure,resilient_sovereign,0,1,0,0,0,0,0,0,0,0,0,5,4,3,5,4,5,4,4,4.25,,,,,,,,,,,,,,,,,,,,,,,,,,,,,,,,,,,,,,,,,,,,
FIN,Finland,2020,Europe & Central Asia,Resilient sovereign under frontier pressure,resilient_sovereign,0,1,0,0,0,0,0,0,0,0,0,5,4,3,5,4,5,4,4,4.25,,,,,,,,,,,,,,,,,,,,,,,,,,,,,,,,,,,,,,,,,,,,
FIN,Finland,2021,Europe & Central Asia,Resilient sovereign under frontier pressure,resilient_sovereign,0,1,0,0,0,0,0,0,0,0,0,5,4,3,5,4,5,4,4,4.25,,,,,,,,,,,,,,,,,,,,,,,,,,,,,,,,,,,,,,,,,,,,
FIN,Finland,2022,Europe & Central Asia,Resilient sovereign under frontier pressure,resilient_sovereign,0,1,0,0,0,0,0,0,0,0,0,5,4,3,5,4,5,4,4,4.25,,,,,,,,,,,,,,,,,,,,,,,,,,,,,,,,,,,,,,,,,,,,
FIN,Finland,2023,Europe & Central Asia,Resilient sovereign under frontier pressure,resilient_sovereign,0,1,0,0,0,0,0,0,0,0,0,5,4,3,5,4,5,4,4,4.25,,,,,,,,,,,,,,,,,,,,,,,,,,,,,,,,,,,,,,,,,,,,
FIN,Finland,2024,Europe & Central Asia,Resilient sovereign under frontier pressure,resilient_sovereign,0,1,0,0,0,0,0,0,0,0,0,5,4,3,5,4,5,4,4,4.25,,,,,,,,,,,,,,,,,,,,,,,,,,,,,,,,,,,,,,,,,,,,
FIN,Finland,2025,Europe & Central Asia,Resilient sovereign under frontier pressure,resilient_sovereign,0,1,0,0,0,0,0,0,0,0,0,5,4,3,5,4,5,4,4,4.25,,,,,,,,,,,,,,,,,,,,,,,,,,,,,,,,,,,,,,,,,,,,
NOR,Norway,1980,Europe & Central Asia,Resilient sovereign / resource conversion ideal type,resilient_sovereign,0,1,0,0,0,0,0,0,0,0,0,5,5,5,5,5,5,5,5,5.0,,,,,,,,,,,,,,,,,,,,,,,,,,,,,,,,,,,,,,,,,,,,
NOR,Norway,1981,Europe & Central Asia,Resilient sovereign / resource conversion ideal type,resilient_sovereign,0,1,0,0,0,0,0,0,0,0,0,5,5,5,5,5,5,5,5,5.0,,,,,,,,,,,,,,,,,,,,,,,,,,,,,,,,,,,,,,,,,,,,
NOR,Norway,1982,Europe & Central Asia,Resilient sovereign / resource conversion ideal type,resilient_sovereign,0,1,0,0,0,0,0,0,0,0,0,5,5,5,5,5,5,5,5,5.0,,,,,,,,,,,,,,,,,,,,,,,,,,,,,,,,,,,,,,,,,,,,
NOR,Norway,1983,Europe & Central Asia,Resilient sovereign / resource conversion ideal type,resilient_sovereign,0,1,0,0,0,0,0,0,0,0,0,5,5,5,5,5,5,5,5,5.0,,,,,,,,,,,,,,,,,,,,,,,,,,,,,,,,,,,,,,,,,,,,
NOR,Norway,1984,Europe & Central Asia,Resilient sovereign / resource conversion ideal type,resilient_sovereign,0,1,0,0,0,0,0,0,0,0,0,5,5,5,5,5,5,5,5,5.0,,,,,,,,,,,,,,,,,,,,,,,,,,,,,,,,,,,,,,,,,,,,
NOR,Norway,1985,Europe & Central Asia,Resilient sovereign / resource conversion ideal type,resilient_sovereign,0,1,0,0,0,0,0,0,0,0,0,5,5,5,5,5,5,5,5,5.0,,,,,,,,,,,,,,,,,,,,,,,,,,,,,,,,,,,,,,,,,,,,
NOR,Norway,1986,Europe & Central Asia,Resilient sovereign / resource conversion ideal type,resilient_sovereign,0,1,0,0,0,0,0,0,0,0,0,5,5,5,5,5,5,5,5,5.0,,,,,,,,,,,,,,,,,,,,,,,,,,,,,,,,,,,,,,,,,,,,
NOR,Norway,1987,Europe & Central Asia,Resilient sovereign / resource conversion ideal type,resilient_sovereign,0,1,0,0,0,0,0,0,0,0,0,5,5,5,5,5,5,5,5,5.0,,,,,,,,,,,,,,,,,,,,,,,,,,,,,,,,,,,,,,,,,,,,
NOR,Norway,1988,Europe & Central Asia,Resilient sovereign / resource conversion ideal type,resilient_sovereign,0,1,0,0,0,0,0,0,0,0,0,5,5,5,5,5,5,5,5,5.0,,,,,,,,,,,,,,,,,,,,,,,,,,,,,,,,,,,,,,,,,,,,
NOR,Norway,1989,Europe & Central Asia,Resilient sovereign / resource conversion ideal type,resilient_sovereign,0,1,0,0,0,0,0,0,0,0,0,5,5,5,5,5,5,5,5,5.0,,,,,,,,,,,,,,,,,,,,,,,,,,,,,,,,,,,,,,,,,,,,
NOR,Norway,1990,Europe & Central Asia,Resilient sovereign / resource conversion ideal type,resilient_sovereign,0,1,0,0,0,0,0,0,0,0,0,5,5,5,5,5,5,5,5,5.0,,,,,,,,,,,,,,,,,,,,,,,,,,,,,,,,,,,,,,,,,,,,
NOR,Norway,1991,Europe & Central Asia,Resilient sovereign / resource conversion ideal type,resilient_sovereign,0,1,0,0,0,0,0,0,0,0,0,5,5,5,5,5,5,5,5,5.0,,,,,,,,,,,,,,,,,,,,,,,,,,,,,,,,,,,,,,,,,,,,
NOR,Norway,1992,Europe & Central Asia,Resilient sovereign / resource conversion ideal type,resilient_sovereign,0,1,0,0,0,0,0,0,0,0,0,5,5,5,5,5,5,5,5,5.0,,,,,,,,,,,,,,,,,,,,,,,,,,,,,,,,,,,,,,,,,,,,
NOR,Norway,1993,Europe & Central Asia,Resilient sovereign / resource conversion ideal type,resilient_sovereign,0,1,0,0,0,0,0,0,0,0,0,5,5,5,5,5,5,5,5,5.0,,,,,,,,,,,,,,,,,,,,,,,,,,,,,,,,,,,,,,,,,,,,
NOR,Norway,1994,Europe & Central Asia,Resilient sovereign / resource conversion ideal type,resilient_sovereign,0,1,0,0,0,0,0,0,0,0,0,5,5,5,5,5,5,5,5,5.0,,,,,,,,,,,,,,,,,,,,,,,,,,,,,,,,,,,,,,,,,,,,
NOR,Norway,1995,Europe & Central Asia,Resilient sovereign / resource conversion ideal type,resilient_sovereign,0,1,0,0,0,0,0,0,0,0,0,5,5,5,5,5,5,5,5,5.0,,,,,,,,,,,,,,,,,,,,,,,,,,,,,,,,,,,,,,,,,,,,
NOR,Norway,1996,Europe & Central Asia,Resilient sovereign / resource conversion ideal type,resilient_sovereign,0,1,0,0,0,0,0,0,0,0,0,5,5,5,5,5,5,5,5,5.0,,,,,,,,,,,,,,,,,,,,,,,,,,,,,,,,,,,,,,,,,,,,
NOR,Norway,1997,Europe & Central Asia,Resilient sovereign / resource conversion ideal type,resilient_sovereign,0,1,0,0,0,0,0,0,0,0,0,5,5,5,5,5,5,5,5,5.0,,,,,,,,,,,,,,,,,,,,,,,,,,,,,,,,,,,,,,,,,,,,
NOR,Norway,1998,Europe & Central Asia,Resilient sovereign / resource conversion ideal type,resilient_sovereign,0,1,0,0,0,0,0,0,0,0,0,5,5,5,5,5,5,5,5,5.0,,,,,,,,,,,,,,,,,,,,,,,,,,,,,,,,,,,,,,,,,,,,
NOR,Norway,1999,Europe & Central Asia,Resilient sovereign / resource conversion ideal type,resilient_sovereign,0,1,0,0,0,0,0,0,0,0,0,5,5,5,5,5,5,5,5,5.0,,,,,,,,,,,,,,,,,,,,,,,,,,,,,,,,,,,,,,,,,,,,
NOR,Norway,2000,Europe & Central Asia,Resilient sovereign / resource conversion ideal type,resilient_sovereign,0,1,0,0,0,0,0,0,0,0,0,5,5,5,5,5,5,5,5,5.0,,,,,,,,,,,,,,,,,,,,,,,,,,,,,,,,,,,,,,,,,,,,
NOR,Norway,2001,Europe & Central Asia,Resilient sovereign / resource conversion ideal type,resilient_sovereign,0,1,0,0,0,0,0,0,0,0,0,5,5,5,5,5,5,5,5,5.0,,,,,,,,,,,,,,,,,,,,,,,,,,,,,,,,,,,,,,,,,,,,
NOR,Norway,2002,Europe & Central Asia,Resilient sovereign / resource conversion ideal type,resilient_sovereign,0,1,0,0,0,0,0,0,0,0,0,5,5,5,5,5,5,5,5,5.0,,,,,,,,,,,,,,,,,,,,,,,,,,,,,,,,,,,,,,,,,,,,
NOR,Norway,2003,Europe & Central Asia,Resilient sovereign / resource conversion ideal type,resilient_sovereign,0,1,0,0,0,0,0,0,0,0,0,5,5,5,5,5,5,5,5,5.0,,,,,,,,,,,,,,,,,,,,,,,,,,,,,,,,,,,,,,,,,,,,
NOR,Norway,2004,Europe & Central Asia,Resilient sovereign / resource conversion ideal type,resilient_sovereign,0,1,0,0,0,0,0,0,0,0,0,5,5,5,5,5,5,5,5,5.0,,,,,,,,,,,,,,,,,,,,,,,,,,,,,,,,,,,,,,,,,,,,
NOR,Norway,2005,Europe & Central Asia,Resilient sovereign / resource conversion ideal type,resilient_sovereign,0,1,0,0,0,0,0,0,0,0,0,5,5,5,5,5,5,5,5,5.0,,,,,,,,,,,,,,,,,,,,,,,,,,,,,,,,,,,,,,,,,,,,
NOR,Norway,2006,Europe & Central Asia,Resilient sovereign / resource conversion ideal type,resilient_sovereign,0,1,0,0,0,0,0,0,0,0,0,5,5,5,5,5,5,5,5,5.0,,,,,,,,,,,,,,,,,,,,,,,,,,,,,,,,,,,,,,,,,,,,
NOR,Norway,2007,Europe & Central Asia,Resilient sovereign / resource conversion ideal type,resilient_sovereign,0,1,0,0,0,0,0,0,0,0,0,5,5,5,5,5,5,5,5,5.0,,,,,,,,,,,,,,,,,,,,,,,,,,,,,,,,,,,,,,,,,,,,
NOR,Norway,2008,Europe & Central Asia,Resilient sovereign / resource conversion ideal type,resilient_sovereign,0,1,0,0,0,0,0,0,0,0,0,5,5,5,5,5,5,5,5,5.0,,,,,,,,,,,,,,,,,,,,,,,,,,,,,,,,,,,,,,,,,,,,
NOR,Norway,2009,Europe & Central Asia,Resilient sovereign / resource conversion ideal type,resilient_sovereign,0,1,0,0,0,0,0,0,0,0,0,5,5,5,5,5,5,5,5,5.0,,,,,,,,,,,,,,,,,,,,,,,,,,,,,,,,,,,,,,,,,,,,
NOR,Norway,2010,Europe & Central Asia,Resilient sovereign / resource conversion ideal type,resilient_sovereign,0,1,0,0,0,0,0,0,0,0,0,5,5,5,5,5,5,5,5,5.0,,,,,,,,,,,,,,,,,,,,,,,,,,,,,,,,,,,,,,,,,,,,
NOR,Norway,2011,Europe & Central Asia,Resilient sovereign / resource conversion ideal type,resilient_sovereign,0,1,0,0,0,0,0,0,0,0,0,5,5,5,5,5,5,5,5,5.0,,,,,,,,,,,,,,,,,,,,,,,,,,,,,,,,,,,,,,,,,,,,
NOR,Norway,2012,Europe & Central Asia,Resilient sovereign / resource conversion ideal type,resilient_sovereign,0,1,0,0,0,0,0,0,0,0,0,5,5,5,5,5,5,5,5,5.0,,,,,,,,,,,,,,,,,,,,,,,,,,,,,,,,,,,,,,,,,,,,
NOR,Norway,2013,Europe & Central Asia,Resilient sovereign / resource conversion ideal type,resilient_sovereign,0,1,0,0,0,0,0,0,0,0,0,5,5,5,5,5,5,5,5,5.0,,,,,,,,,,,,,,,,,,,,,,,,,,,,,,,,,,,,,,,,,,,,
NOR,Norway,2014,Europe & Central Asia,Resilient sovereign / resource conversion ideal type,resilient_sovereign,0,1,0,0,0,0,0,0,0,0,0,5,5,5,5,5,5,5,5,5.0,,,,,,,,,,,,,,,,,,,,,,,,,,,,,,,,,,,,,,,,,,,,
NOR,Norway,2015,Europe & Central Asia,Resilient sovereign / resource conversion ideal type,resilient_sovereign,0,1,0,0,0,0,0,0,0,0,0,5,5,5,5,5,5,5,5,5.0,,,,,,,,,,,,,,,,,,,,,,,,,,,,,,,,,,,,,,,,,,,,
NOR,Norway,2016,Europe & Central Asia,Resilient sovereign / resource conversion ideal type,resilient_sovereign,0,1,0,0,0,0,0,0,0,0,0,5,5,5,5,5,5,5,5,5.0,,,,,,,,,,,,,,,,,,,,,,,,,,,,,,,,,,,,,,,,,,,,
NOR,Norway,2017,Europe & Central Asia,Resilient sovereign / resource conversion ideal type,resilient_sovereign,0,1,0,0,0,0,0,0,0,0,0,5,5,5,5,5,5,5,5,5.0,,,,,,,,,,,,,,,,,,,,,,,,,,,,,,,,,,,,,,,,,,,,
NOR,Norway,2018,Europe & Central Asia,Resilient sovereign / resource conversion ideal type,resilient_sovereign,0,1,0,0,0,0,0,0,0,0,0,5,5,5,5,5,5,5,5,5.0,,,,,,,,,,,,,,,,,,,,,,,,,,,,,,,,,,,,,,,,,,,,
NOR,Norway,2019,Europe & Central Asia,Resilient sovereign / resource conversion ideal type,resilient_sovereign,0,1,0,0,0,0,0,0,0,0,0,5,5,5,5,5,5,5,5,5.0,,,,,,,,,,,,,,,,,,,,,,,,,,,,,,,,,,,,,,,,,,,,
NOR,Norway,2020,Europe & Central Asia,Resilient sovereign / resource conversion ideal type,resilient_sovereign,0,1,0,0,0,0,0,0,0,0,0,5,5,5,5,5,5,5,5,5.0,,,,,,,,,,,,,,,,,,,,,,,,,,,,,,,,,,,,,,,,,,,,
NOR,Norway,2021,Europe & Central Asia,Resilient sovereign / resource conversion ideal type,resilient_sovereign,0,1,0,0,0,0,0,0,0,0,0,5,5,5,5,5,5,5,5,5.0,,,,,,,,,,,,,,,,,,,,,,,,,,,,,,,,,,,,,,,,,,,,
NOR,Norway,2022,Europe & Central Asia,Resilient sovereign / resource conversion ideal type,resilient_sovereign,0,1,0,0,0,0,0,0,0,0,0,5,5,5,5,5,5,5,5,5.0,,,,,,,,,,,,,,,,,,,,,,,,,,,,,,,,,,,,,,,,,,,,
NOR,Norway,2023,Europe & Central Asia,Resilient sovereign / resource conversion ideal type,resilient_sovereign,0,1,0,0,0,0,0,0,0,0,0,5,5,5,5,5,5,5,5,5.0,,,,,,,,,,,,,,,,,,,,,,,,,,,,,,,,,,,,,,,,,,,,
NOR,Norway,2024,Europe & Central Asia,Resilient sovereign / resource conversion ideal type,resilient_sovereign,0,1,0,0,0,0,0,0,0,0,0,5,5,5,5,5,5,5,5,5.0,,,,,,,,,,,,,,,,,,,,,,,,,,,,,,,,,,,,,,,,,,,,
NOR,Norway,2025,Europe & Central Asia,Resilient sovereign / resource conversion ideal type,resilient_sovereign,0,1,0,0,0,0,0,0,0,0,0,5,5,5,5,5,5,5,5,5.0,,,,,,,,,,,,,,,,,,,,,,,,,,,,,,,,,,,,,,,,,,,,
CHE,Switzerland,1980,Europe & Central Asia,Resilient sovereign,resilient_sovereign,0,1,0,0,0,0,0,0,0,0,0,5,5,4,5,5,5,4,5,4.75,,,,,,,,,,,,,,,,,,,,,,,,,,,,,,,,,,,,,,,,,,,,
CHE,Switzerland,1981,Europe & Central Asia,Resilient sovereign,resilient_sovereign,0,1,0,0,0,0,0,0,0,0,0,5,5,4,5,5,5,4,5,4.75,,,,,,,,,,,,,,,,,,,,,,,,,,,,,,,,,,,,,,,,,,,,
CHE,Switzerland,1982,Europe & Central Asia,Resilient sovereign,resilient_sovereign,0,1,0,0,0,0,0,0,0,0,0,5,5,4,5,5,5,4,5,4.75,,,,,,,,,,,,,,,,,,,,,,,,,,,,,,,,,,,,,,,,,,,,
CHE,Switzerland,1983,Europe & Central Asia,Resilient sovereign,resilient_sovereign,0,1,0,0,0,0,0,0,0,0,0,5,5,4,5,5,5,4,5,4.75,,,,,,,,,,,,,,,,,,,,,,,,,,,,,,,,,,,,,,,,,,,,
CHE,Switzerland,1984,Europe & Central Asia,Resilient sovereign,resilient_sovereign,0,1,0,0,0,0,0,0,0,0,0,5,5,4,5,5,5,4,5,4.75,,,,,,,,,,,,,,,,,,,,,,,,,,,,,,,,,,,,,,,,,,,,
CHE,Switzerland,1985,Europe & Central Asia,Resilient sovereign,resilient_sovereign,0,1,0,0,0,0,0,0,0,0,0,5,5,4,5,5,5,4,5,4.75,,,,,,,,,,,,,,,,,,,,,,,,,,,,,,,,,,,,,,,,,,,,
CHE,Switzerland,1986,Europe & Central Asia,Resilient sovereign,resilient_sovereign,0,1,0,0,0,0,0,0,0,0,0,5,5,4,5,5,5,4,5,4.75,,,,,,,,,,,,,,,,,,,,,,,,,,,,,,,,,,,,,,,,,,,,
CHE,Switzerland,1987,Europe & Central Asia,Resilient sovereign,resilient_sovereign,0,1,0,0,0,0,0,0,0,0,0,5,5,4,5,5,5,4,5,4.75,,,,,,,,,,,,,,,,,,,,,,,,,,,,,,,,,,,,,,,,,,,,
CHE,Switzerland,1988,Europe & Central Asia,Resilient sovereign,resilient_sovereign,0,1,0,0,0,0,0,0,0,0,0,5,5,4,5,5,5,4,5,4.75,,,,,,,,,,,,,,,,,,,,,,,,,,,,,,,,,,,,,,,,,,,,
CHE,Switzerland,1989,Europe & Central Asia,Resilient sovereign,resilient_sovereign,0,1,0,0,0,0,0,0,0,0,0,5,5,4,5,5,5,4,5,4.75,,,,,,,,,,,,,,,,,,,,,,,,,,,,,,,,,,,,,,,,,,,,
CHE,Switzerland,1990,Europe & Central Asia,Resilient sovereign,resilient_sovereign,0,1,0,0,0,0,0,0,0,0,0,5,5,4,5,5,5,4,5,4.75,,,,,,,,,,,,,,,,,,,,,,,,,,,,,,,,,,,,,,,,,,,,
CHE,Switzerland,1991,Europe & Central Asia,Resilient sovereign,resilient_sovereign,0,1,0,0,0,0,0,0,0,0,0,5,5,4,5,5,5,4,5,4.75,,,,,,,,,,,,,,,,,,,,,,,,,,,,,,,,,,,,,,,,,,,,
CHE,Switzerland,1992,Europe & Central Asia,Resilient sovereign,resilient_sovereign,0,1,0,0,0,0,0,0,0,0,0,5,5,4,5,5,5,4,5,4.75,,,,,,,,,,,,,,,,,,,,,,,,,,,,,,,,,,,,,,,,,,,,
CHE,Switzerland,1993,Europe & Central Asia,Resilient sovereign,resilient_sovereign,0,1,0,0,0,0,0,0,0,0,0,5,5,4,5,5,5,4,5,4.75,,,,,,,,,,,,,,,,,,,,,,,,,,,,,,,,,,,,,,,,,,,,
CHE,Switzerland,1994,Europe & Central Asia,Resilient sovereign,resilient_sovereign,0,1,0,0,0,0,0,0,0,0,0,5,5,4,5,5,5,4,5,4.75,,,,,,,,,,,,,,,,,,,,,,,,,,,,,,,,,,,,,,,,,,,,
CHE,Switzerland,1995,Europe & Central Asia,Resilient sovereign,resilient_sovereign,0,1,0,0,0,0,0,0,0,0,0,5,5,4,5,5,5,4,5,4.75,,,,,,,,,,,,,,,,,,,,,,,,,,,,,,,,,,,,,,,,,,,,
CHE,Switzerland,1996,Europe & Central Asia,Resilient sovereign,resilient_sovereign,0,1,0,0,0,0,0,0,0,0,0,5,5,4,5,5,5,4,5,4.75,,,,,,,,,,,,,,,,,,,,,,,,,,,,,,,,,,,,,,,,,,,,
CHE,Switzerland,1997,Europe & Central Asia,Resilient sovereign,resilient_sovereign,0,1,0,0,0,0,0,0,0,0,0,5,5,4,5,5,5,4,5,4.75,,,,,,,,,,,,,,,,,,,,,,,,,,,,,,,,,,,,,,,,,,,,
CHE,Switzerland,1998,Europe & Central Asia,Resilient sovereign,resilient_sovereign,0,1,0,0,0,0,0,0,0,0,0,5,5,4,5,5,5,4,5,4.75,,,,,,,,,,,,,,,,,,,,,,,,,,,,,,,,,,,,,,,,,,,,
CHE,Switzerland,1999,Europe & Central Asia,Resilient sovereign,resilient_sovereign,0,1,0,0,0,0,0,0,0,0,0,5,5,4,5,5,5,4,5,4.75,,,,,,,,,,,,,,,,,,,,,,,,,,,,,,,,,,,,,,,,,,,,
CHE,Switzerland,2000,Europe & Central Asia,Resilient sovereign,resilient_sovereign,0,1,0,0,0,0,0,0,0,0,0,5,5,4,5,5,5,4,5,4.75,,,,,,,,,,,,,,,,,,,,,,,,,,,,,,,,,,,,,,,,,,,,
CHE,Switzerland,2001,Europe & Central Asia,Resilient sovereign,resilient_sovereign,0,1,0,0,0,0,0,0,0,0,0,5,5,4,5,5,5,4,5,4.75,,,,,,,,,,,,,,,,,,,,,,,,,,,,,,,,,,,,,,,,,,,,
CHE,Switzerland,2002,Europe & Central Asia,Resilient sovereign,resilient_sovereign,0,1,0,0,0,0,0,0,0,0,0,5,5,4,5,5,5,4,5,4.75,,,,,,,,,,,,,,,,,,,,,,,,,,,,,,,,,,,,,,,,,,,,
CHE,Switzerland,2003,Europe & Central Asia,Resilient sovereign,resilient_sovereign,0,1,0,0,0,0,0,0,0,0,0,5,5,4,5,5,5,4,5,4.75,,,,,,,,,,,,,,,,,,,,,,,,,,,,,,,,,,,,,,,,,,,,
CHE,Switzerland,2004,Europe & Central Asia,Resilient sovereign,resilient_sovereign,0,1,0,0,0,0,0,0,0,0,0,5,5,4,5,5,5,4,5,4.75,,,,,,,,,,,,,,,,,,,,,,,,,,,,,,,,,,,,,,,,,,,,
CHE,Switzerland,2005,Europe & Central Asia,Resilient sovereign,resilient_sovereign,0,1,0,0,0,0,0,0,0,0,0,5,5,4,5,5,5,4,5,4.75,,,,,,,,,,,,,,,,,,,,,,,,,,,,,,,,,,,,,,,,,,,,
CHE,Switzerland,2006,Europe & Central Asia,Resilient sovereign,resilient_sovereign,0,1,0,0,0,0,0,0,0,0,0,5,5,4,5,5,5,4,5,4.75,,,,,,,,,,,,,,,,,,,,,,,,,,,,,,,,,,,,,,,,,,,,
CHE,Switzerland,2007,Europe & Central Asia,Resilient sovereign,resilient_sovereign,0,1,0,0,0,0,0,0,0,0,0,5,5,4,5,5,5,4,5,4.75,,,,,,,,,,,,,,,,,,,,,,,,,,,,,,,,,,,,,,,,,,,,
CHE,Switzerland,2008,Europe & Central Asia,Resilient sovereign,resilient_sovereign,0,1,0,0,0,0,0,0,0,0,0,5,5,4,5,5,5,4,5,4.75,,,,,,,,,,,,,,,,,,,,,,,,,,,,,,,,,,,,,,,,,,,,
CHE,Switzerland,2009,Europe & Central Asia,Resilient sovereign,resilient_sovereign,0,1,0,0,0,0,0,0,0,0,0,5,5,4,5,5,5,4,5,4.75,,,,,,,,,,,,,,,,,,,,,,,,,,,,,,,,,,,,,,,,,,,,
CHE,Switzerland,2010,Europe & Central Asia,Resilient sovereign,resilient_sovereign,0,1,0,0,0,0,0,0,0,0,0,5,5,4,5,5,5,4,5,4.75,,,,,,,,,,,,,,,,,,,,,,,,,,,,,,,,,,,,,,,,,,,,
CHE,Switzerland,2011,Europe & Central Asia,Resilient sovereign,resilient_sovereign,0,1,0,0,0,0,0,0,0,0,0,5,5,4,5,5,5,4,5,4.75,,,,,,,,,,,,,,,,,,,,,,,,,,,,,,,,,,,,,,,,,,,,
CHE,Switzerland,2012,Europe & Central Asia,Resilient sovereign,resilient_sovereign,0,1,0,0,0,0,0,0,0,0,0,5,5,4,5,5,5,4,5,4.75,,,,,,,,,,,,,,,,,,,,,,,,,,,,,,,,,,,,,,,,,,,,
CHE,Switzerland,2013,Europe & Central Asia,Resilient sovereign,resilient_sovereign,0,1,0,0,0,0,0,0,0,0,0,5,5,4,5,5,5,4,5,4.75,,,,,,,,,,,,,,,,,,,,,,,,,,,,,,,,,,,,,,,,,,,,
CHE,Switzerland,2014,Europe & Central Asia,Resilient sovereign,resilient_sovereign,0,1,0,0,0,0,0,0,0,0,0,5,5,4,5,5,5,4,5,4.75,,,,,,,,,,,,,,,,,,,,,,,,,,,,,,,,,,,,,,,,,,,,
CHE,Switzerland,2015,Europe & Central Asia,Resilient sovereign,resilient_sovereign,0,1,0,0,0,0,0,0,0,0,0,5,5,4,5,5,5,4,5,4.75,,,,,,,,,,,,,,,,,,,,,,,,,,,,,,,,,,,,,,,,,,,,
CHE,Switzerland,2016,Europe & Central Asia,Resilient sovereign,resilient_sovereign,0,1,0,0,0,0,0,0,0,0,0,5,5,4,5,5,5,4,5,4.75,,,,,,,,,,,,,,,,,,,,,,,,,,,,,,,,,,,,,,,,,,,,
CHE,Switzerland,2017,Europe & Central Asia,Resilient sovereign,resilient_sovereign,0,1,0,0,0,0,0,0,0,0,0,5,5,4,5,5,5,4,5,4.75,,,,,,,,,,,,,,,,,,,,,,,,,,,,,,,,,,,,,,,,,,,,
CHE,Switzerland,2018,Europe & Central Asia,Resilient sovereign,resilient_sovereign,0,1,0,0,0,0,0,0,0,0,0,5,5,4,5,5,5,4,5,4.75,,,,,,,,,,,,,,,,,,,,,,,,,,,,,,,,,,,,,,,,,,,,
CHE,Switzerland,2019,Europe & Central Asia,Resilient sovereign,resilient_sovereign,0,1,0,0,0,0,0,0,0,0,0,5,5,4,5,5,5,4,5,4.75,,,,,,,,,,,,,,,,,,,,,,,,,,,,,,,,,,,,,,,,,,,,
CHE,Switzerland,2020,Europe & Central Asia,Resilient sovereign,resilient_sovereign,0,1,0,0,0,0,0,0,0,0,0,5,5,4,5,5,5,4,5,4.75,,,,,,,,,,,,,,,,,,,,,,,,,,,,,,,,,,,,,,,,,,,,
CHE,Switzerland,2021,Europe & Central Asia,Resilient sovereign,resilient_sovereign,0,1,0,0,0,0,0,0,0,0,0,5,5,4,5,5,5,4,5,4.75,,,,,,,,,,,,,,,,,,,,,,,,,,,,,,,,,,,,,,,,,,,,
CHE,Switzerland,2022,Europe & Central Asia,Resilient sovereign,resilient_sovereign,0,1,0,0,0,0,0,0,0,0,0,5,5,4,5,5,5,4,5,4.75,,,,,,,,,,,,,,,,,,,,,,,,,,,,,,,,,,,,,,,,,,,,
CHE,Switzerland,2023,Europe & Central Asia,Resilient sovereign,resilient_sovereign,0,1,0,0,0,0,0,0,0,0,0,5,5,4,5,5,5,4,5,4.75,,,,,,,,,,,,,,,,,,,,,,,,,,,,,,,,,,,,,,,,,,,,
CHE,Switzerland,2024,Europe & Central Asia,Resilient sovereign,resilient_sovereign,0,1,0,0,0,0,0,0,0,0,0,5,5,4,5,5,5,4,5,4.75,,,,,,,,,,,,,,,,,,,,,,,,,,,,,,,,,,,,,,,,,,,,
CHE,Switzerland,2025,Europe & Central Asia,Resilient sovereign,resilient_sovereign,0,1,0,0,0,0,0,0,0,0,0,5,5,4,5,5,5,4,5,4.75,,,,,,,,,,,,,,,,,,,,,,,,,,,,,,,,,,,,,,,,,,,,
ARG,Argentina,1980,Latin America & Caribbean,Repeated fiscal-currency stress case,vulnerability_trap,0,0,0,0,0,0,0,1,0,0,0,,,,,,,,,,,,,,,,,,,,,,,,,,,,,,,,,,,,,,,,,,,,,,,,,,,,,
ARG,Argentina,1981,Latin America & Caribbean,Repeated fiscal-currency stress case,vulnerability_trap,0,0,0,0,0,0,0,1,0,0,0,,,,,,,,,,,,,,,,,,,,,,,,,,,,,,,,,,,,,,,,,,,,,,,,,,,,,
ARG,Argentina,1982,Latin America & Caribbean,Repeated fiscal-currency stress case,vulnerability_trap,0,0,0,0,0,0,0,1,0,0,0,,,,,,,,,,,,,,,,,,,,,,,,,,,,,,,,,,,,,,,,,,,,,,,,,,,,,
ARG,Argentina,1983,Latin America & Caribbean,Repeated fiscal-currency stress case,vulnerability_trap,0,0,0,0,0,0,0,1,0,0,0,,,,,,,,,,,,,,,,,,,,,,,,,,,,,,,,,,,,,,,,,,,,,,,,,,,,,
ARG,Argentina,1984,Latin America & Caribbean,Repeated fiscal-currency stress case,vulnerability_trap,0,0,0,0,0,0,0,1,0,0,0,,,,,,,,,,,,,,,,,,,,,,,,,,,,,,,,,,,,,,,,,,,,,,,,,,,,,
ARG,Argentina,1985,Latin America & Caribbean,Repeated fiscal-currency stress case,vulnerability_trap,0,0,0,0,0,0,0,1,0,0,0,,,,,,,,,,,,,,,,,,,,,,,,,,,,,,,,,,,,,,,,,,,,,,,,,,,,,
ARG,Argentina,1986,Latin America & Caribbean,Repeated fiscal-currency stress case,vulnerability_trap,0,0,0,0,0,0,0,1,0,0,0,,,,,,,,,,,,,,,,,,,,,,,,,,,,,,,,,,,,,,,,,,,,,,,,,,,,,
ARG,Argentina,1987,Latin America & Caribbean,Repeated fiscal-currency stress case,vulnerability_trap,0,0,0,0,0,0,0,1,0,0,0,,,,,,,,,,,,,,,,,,,,,,,,,,,,,,,,,,,,,,,,,,,,,,,,,,,,,
ARG,Argentina,1988,Latin America & Caribbean,Repeated fiscal-currency stress case,vulnerability_trap,0,0,0,0,0,0,0,1,0,0,0,,,,,,,,,,,,,,,,,,,,,,,,,,,,,,,,,,,,,,,,,,,,,,,,,,,,,
ARG,Argentina,1989,Latin America & Caribbean,Repeated fiscal-currency stress case,vulnerability_trap,0,0,0,0,0,0,0,1,0,0,0,,,,,,,,,,,,,,,,,,,,,,,,,,,,,,,,,,,,,,,,,,,,,,,,,,,,,
ARG,Argentina,1990,Latin America & Caribbean,Repeated fiscal-currency stress case,vulnerability_trap,0,0,0,0,0,0,0,1,0,0,0,,,,,,,,,,,,,,,,,,,,,,,,,,,,,,,,,,,,,,,,,,,,,,,,,,,,,
ARG,Argentina,1991,Latin America & Caribbean,Repeated fiscal-currency stress case,vulnerability_trap,0,0,0,0,0,0,0,1,0,0,0,,,,,,,,,,,,,,,,,,,,,,,,,,,,,,,,,,,,,,,,,,,,,,,,,,,,,
ARG,Argentina,1992,Latin America & Caribbean,Repeated fiscal-currency stress case,vulnerability_trap,0,0,0,0,0,0,0,1,0,0,0,,,,,,,,,,,,,,,,,,,,,,,,,,,,,,,,,,,,,,,,,,,,,,,,,,,,,
ARG,Argentina,1993,Latin America & Caribbean,Repeated fiscal-currency stress case,vulnerability_trap,0,0,0,0,0,0,0,1,0,0,0,,,,,,,,,,,,,,,,,,,,,,,,,,,,,,,,,,,,,,,,,,,,,,,,,,,,,
ARG,Argentina,1994,Latin America & Caribbean,Repeated fiscal-currency stress case,vulnerability_trap,0,0,0,0,0,0,0,1,0,0,0,,,,,,,,,,,,,,,,,,,,,,,,,,,,,,,,,,,,,,,,,,,,,,,,,,,,,
ARG,Argentina,1995,Latin America & Caribbean,Repeated fiscal-currency stress case,vulnerability_trap,0,0,0,0,0,0,0,1,0,0,0,,,,,,,,,,,,,,,,,,,,,,,,,,,,,,,,,,,,,,,,,,,,,,,,,,,,,
ARG,Argentina,1996,Latin America & Caribbean,Repeated fiscal-currency stress case,vulnerability_trap,0,0,0,0,0,0,0,1,0,0,0,,,,,,,,,,,,,,,,,,,,,,,,,,,,,,,,,,,,,,,,,,,,,,,,,,,,,
ARG,Argentina,1997,Latin America & Caribbean,Repeated fiscal-currency stress case,vulnerability_trap,0,0,0,0,0,0,0,1,0,0,0,,,,,,,,,,,,,,,,,,,,,,,,,,,,,,,,,,,,,,,,,,,,,,,,,,,,,
ARG,Argentina,1998,Latin America & Caribbean,Repeated fiscal-currency stress case,vulnerability_trap,0,0,0,0,0,0,0,1,0,0,0,,,,,,,,,,,,,,,,,,,,,,,,,,,,,,,,,,,,,,,,,,,,,,,,,,,,,
ARG,Argentina,1999,Latin America & Caribbean,Repeated fiscal-currency stress case,vulnerability_trap,0,0,0,0,0,0,0,1,0,0,0,,,,,,,,,,,,,,,,,,,,,,,,,,,,,,,,,,,,,,,,,,,,,,,,,,,,,
ARG,Argentina,2000,Latin America & Caribbean,Repeated fiscal-currency stress case,vulnerability_trap,0,0,0,0,0,0,0,1,0,0,0,,,,,,,,,,,,,,,,,,,,,,,,,,,,,,,,,,,,,,,,,,,,,,,,,,,,,
ARG,Argentina,2001,Latin America & Caribbean,Repeated fiscal-currency stress case,vulnerability_trap,0,0,0,0,0,0,0,1,0,0,0,,,,,,,,,,,,,,,,,,,,,,,,,,,,,,,,,,,,,,,,,,,,,,,,,,,,,
ARG,Argentina,2002,Latin America & Caribbean,Repeated fiscal-currency stress case,vulnerability_trap,0,0,0,0,0,0,0,1,0,0,0,,,,,,,,,,,,,,,,,,,,,,,,,,,,,,,,,,,,,,,,,,,,,,,,,,,,,
ARG,Argentina,2003,Latin America & Caribbean,Repeated fiscal-currency stress case,vulnerability_trap,0,0,0,0,0,0,0,1,0,0,0,,,,,,,,,,,,,,,,,,,,,,,,,,,,,,,,,,,,,,,,,,,,,,,,,,,,,
ARG,Argentina,2004,Latin America & Caribbean,Repeated fiscal-currency stress case,vulnerability_trap,0,0,0,0,0,0,0,1,0,0,0,,,,,,,,,,,,,,,,,,,,,,,,,,,,,,,,,,,,,,,,,,,,,,,,,,,,,
ARG,Argentina,2005,Latin America & Caribbean,Repeated fiscal-currency stress case,vulnerability_trap,0,0,0,0,0,0,0,1,0,0,0,,,,,,,,,,,,,,,,,,,,,,,,,,,,,,,,,,,,,,,,,,,,,,,,,,,,,
ARG,Argentina,2006,Latin America & Caribbean,Repeated fiscal-currency stress case,vulnerability_trap,0,0,0,0,0,0,0,1,0,0,0,,,,,,,,,,,,,,,,,,,,,,,,,,,,,,,,,,,,,,,,,,,,,,,,,,,,,
ARG,Argentina,2007,Latin America & Caribbean,Repeated fiscal-currency stress case,vulnerability_trap,0,0,0,0,0,0,0,1,0,0,0,,,,,,,,,,,,,,,,,,,,,,,,,,,,,,,,,,,,,,,,,,,,,,,,,,,,,
ARG,Argentina,2008,Latin America & Caribbean,Repeated fiscal-currency stress case,vulnerability_trap,0,0,0,0,0,0,0,1,0,0,0,,,,,,,,,,,,,,,,,,,,,,,,,,,,,,,,,,,,,,,,,,,,,,,,,,,,,
ARG,Argentina,2009,Latin America & Caribbean,Repeated fiscal-currency stress case,vulnerability_trap,0,0,0,0,0,0,0,1,0,0,0,,,,,,,,,,,,,,,,,,,,,,,,,,,,,,,,,,,,,,,,,,,,,,,,,,,,,
ARG,Argentina,2010,Latin America & Caribbean,Repeated fiscal-currency stress case,vulnerability_trap,0,0,0,0,0,0,0,1,0,0,0,,,,,,,,,,,,,,,,,,,,,,,,,,,,,,,,,,,,,,,,,,,,,,,,,,,,,
ARG,Argentina,2011,Latin America & Caribbean,Repeated fiscal-currency stress case,vulnerability_trap,0,0,0,0,0,0,0,1,0,0,0,,,,,,,,,,,,,,,,,,,,,,,,,,,,,,,,,,,,,,,,,,,,,,,,,,,,,
ARG,Argentina,2012,Latin America & Caribbean,Repeated fiscal-currency stress case,vulnerability_trap,0,0,0,0,0,0,0,1,0,0,0,,,,,,,,,,,,,,,,,,,,,,,,,,,,,,,,,,,,,,,,,,,,,,,,,,,,,
ARG,Argentina,2013,Latin America & Caribbean,Repeated fiscal-currency stress case,vulnerability_trap,0,0,0,0,0,0,0,1,0,0,0,,,,,,,,,,,,,,,,,,,,,,,,,,,,,,,,,,,,,,,,,,,,,,,,,,,,,
ARG,Argentina,2014,Latin America & Caribbean,Repeated fiscal-currency stress case,vulnerability_trap,0,0,0,0,0,0,0,1,0,0,0,,,,,,,,,,,,,,,,,,,,,,,,,,,,,,,,,,,,,,,,,,,,,,,,,,,,,
ARG,Argentina,2015,Latin America & Caribbean,Repeated fiscal-currency stress case,vulnerability_trap,0,0,0,0,0,0,0,1,0,0,0,,,,,,,,,,,,,,,,,,,,,,,,,,,,,,,,,,,,,,,,,,,,,,,,,,,,,
ARG,Argentina,2016,Latin America & Caribbean,Repeated fiscal-currency stress case,vulnerability_trap,0,0,0,0,0,0,0,1,0,0,0,,,,,,,,,,,,,,,,,,,,,,,,,,,,,,,,,,,,,,,,,,,,,,,,,,,,,
ARG,Argentina,2017,Latin America & Caribbean,Repeated fiscal-currency stress case,vulnerability_trap,0,0,0,0,0,0,0,1,0,0,0,,,,,,,,,,,,,,,,,,,,,,,,,,,,,,,,,,,,,,,,,,,,,,,,,,,,,
ARG,Argentina,2018,Latin America & Caribbean,Repeated fiscal-currency stress case,vulnerability_trap,0,0,0,0,0,0,0,1,0,0,0,,,,,,,,,,,,,,,,,,,,,,,,,,,,,,,,,,,,,,,,,,,,,,,,,,,,,
ARG,Argentina,2019,Latin America & Caribbean,Repeated fiscal-currency stress case,vulnerability_trap,0,0,0,0,0,0,0,1,0,0,0,,,,,,,,,,,,,,,,,,,,,,,,,,,,,,,,,,,,,,,,,,,,,,,,,,,,,
ARG,Argentina,2020,Latin America & Caribbean,Repeated fiscal-currency stress case,vulnerability_trap,0,0,0,0,0,0,0,1,0,0,0,,,,,,,,,,,,,,,,,,,,,,,,,,,,,,,,,,,,,,,,,,,,,,,,,,,,,
ARG,Argentina,2021,Latin America & Caribbean,Repeated fiscal-currency stress case,vulnerability_trap,0,0,0,0,0,0,0,1,0,0,0,,,,,,,,,,,,,,,,,,,,,,,,,,,,,,,,,,,,,,,,,,,,,,,,,,,,,
ARG,Argentina,2022,Latin America & Caribbean,Repeated fiscal-currency stress case,vulnerability_trap,0,0,0,0,0,0,0,1,0,0,0,,,,,,,,,,,,,,,,,,,,,,,,,,,,,,,,,,,,,,,,,,,,,,,,,,,,,
ARG,Argentina,2023,Latin America & Caribbean,Repeated fiscal-currency stress case,vulnerability_trap,0,0,0,0,0,0,0,1,0,0,0,,,,,,,,,,,,,,,,,,,,,,,,,,,,,,,,,,,,,,,,,,,,,,,,,,,,,
ARG,Argentina,2024,Latin America & Caribbean,Repeated fiscal-currency stress case,vulnerability_trap,0,0,0,0,0,0,0,1,0,0,0,,,,,,,,,,,,,,,,,,,,,,,,,,,,,,,,,,,,,,,,,,,,,,,,,,,,,
ARG,Argentina,2025,Latin America & Caribbean,Repeated fiscal-currency stress case,vulnerability_trap,0,0,0,0,0,0,0,1,0,0,0,,,,,,,,,,,,,,,,,,,,,,,,,,,,,,,,,,,,,,,,,,,,,,,,,,,,,
GHA,Ghana,1980,Sub-Saharan Africa,External debt distress case,vulnerability_trap,0,0,0,0,0,0,0,1,0,0,0,,,,,,,,,,,,,,,,,,,,,,,,,,,,,,,,,,,,,,,,,,,,,,,,,,,,,
GHA,Ghana,1981,Sub-Saharan Africa,External debt distress case,vulnerability_trap,0,0,0,0,0,0,0,1,0,0,0,,,,,,,,,,,,,,,,,,,,,,,,,,,,,,,,,,,,,,,,,,,,,,,,,,,,,
GHA,Ghana,1982,Sub-Saharan Africa,External debt distress case,vulnerability_trap,0,0,0,0,0,0,0,1,0,0,0,,,,,,,,,,,,,,,,,,,,,,,,,,,,,,,,,,,,,,,,,,,,,,,,,,,,,
GHA,Ghana,1983,Sub-Saharan Africa,External debt distress case,vulnerability_trap,0,0,0,0,0,0,0,1,0,0,0,,,,,,,,,,,,,,,,,,,,,,,,,,,,,,,,,,,,,,,,,,,,,,,,,,,,,
GHA,Ghana,1984,Sub-Saharan Africa,External debt distress case,vulnerability_trap,0,0,0,0,0,0,0,1,0,0,0,,,,,,,,,,,,,,,,,,,,,,,,,,,,,,,,,,,,,,,,,,,,,,,,,,,,,
GHA,Ghana,1985,Sub-Saharan Africa,External debt distress case,vulnerability_trap,0,0,0,0,0,0,0,1,0,0,0,,,,,,,,,,,,,,,,,,,,,,,,,,,,,,,,,,,,,,,,,,,,,,,,,,,,,
GHA,Ghana,1986,Sub-Saharan Africa,External debt distress case,vulnerability_trap,0,0,0,0,0,0,0,1,0,0,0,,,,,,,,,,,,,,,,,,,,,,,,,,,,,,,,,,,,,,,,,,,,,,,,,,,,,
GHA,Ghana,1987,Sub-Saharan Africa,External debt distress case,vulnerability_trap,0,0,0,0,0,0,0,1,0,0,0,,,,,,,,,,,,,,,,,,,,,,,,,,,,,,,,,,,,,,,,,,,,,,,,,,,,,
GHA,Ghana,1988,Sub-Saharan Africa,External debt distress case,vulnerability_trap,0,0,0,0,0,0,0,1,0,0,0,,,,,,,,,,,,,,,,,,,,,,,,,,,,,,,,,,,,,,,,,,,,,,,,,,,,,
GHA,Ghana,1989,Sub-Saharan Africa,External debt distress case,vulnerability_trap,0,0,0,0,0,0,0,1,0,0,0,,,,,,,,,,,,,,,,,,,,,,,,,,,,,,,,,,,,,,,,,,,,,,,,,,,,,
GHA,Ghana,1990,Sub-Saharan Africa,External debt distress case,vulnerability_trap,0,0,0,0,0,0,0,1,0,0,0,,,,,,,,,,,,,,,,,,,,,,,,,,,,,,,,,,,,,,,,,,,,,,,,,,,,,
GHA,Ghana,1991,Sub-Saharan Africa,External debt distress case,vulnerability_trap,0,0,0,0,0,0,0,1,0,0,0,,,,,,,,,,,,,,,,,,,,,,,,,,,,,,,,,,,,,,,,,,,,,,,,,,,,,
GHA,Ghana,1992,Sub-Saharan Africa,External debt distress case,vulnerability_trap,0,0,0,0,0,0,0,1,0,0,0,,,,,,,,,,,,,,,,,,,,,,,,,,,,,,,,,,,,,,,,,,,,,,,,,,,,,
GHA,Ghana,1993,Sub-Saharan Africa,External debt distress case,vulnerability_trap,0,0,0,0,0,0,0,1,0,0,0,,,,,,,,,,,,,,,,,,,,,,,,,,,,,,,,,,,,,,,,,,,,,,,,,,,,,
GHA,Ghana,1994,Sub-Saharan Africa,External debt distress case,vulnerability_trap,0,0,0,0,0,0,0,1,0,0,0,,,,,,,,,,,,,,,,,,,,,,,,,,,,,,,,,,,,,,,,,,,,,,,,,,,,,
GHA,Ghana,1995,Sub-Saharan Africa,External debt distress case,vulnerability_trap,0,0,0,0,0,0,0,1,0,0,0,,,,,,,,,,,,,,,,,,,,,,,,,,,,,,,,,,,,,,,,,,,,,,,,,,,,,
GHA,Ghana,1996,Sub-Saharan Africa,External debt distress case,vulnerability_trap,0,0,0,0,0,0,0,1,0,0,0,,,,,,,,,,,,,,,,,,,,,,,,,,,,,,,,,,,,,,,,,,,,,,,,,,,,,
GHA,Ghana,1997,Sub-Saharan Africa,External debt distress case,vulnerability_trap,0,0,0,0,0,0,0,1,0,0,0,,,,,,,,,,,,,,,,,,,,,,,,,,,,,,,,,,,,,,,,,,,,,,,,,,,,,
GHA,Ghana,1998,Sub-Saharan Africa,External debt distress case,vulnerability_trap,0,0,0,0,0,0,0,1,0,0,0,,,,,,,,,,,,,,,,,,,,,,,,,,,,,,,,,,,,,,,,,,,,,,,,,,,,,
GHA,Ghana,1999,Sub-Saharan Africa,External debt distress case,vulnerability_trap,0,0,0,0,0,0,0,1,0,0,0,,,,,,,,,,,,,,,,,,,,,,,,,,,,,,,,,,,,,,,,,,,,,,,,,,,,,
GHA,Ghana,2000,Sub-Saharan Africa,External debt distress case,vulnerability_trap,0,0,0,0,0,0,0,1,0,0,0,,,,,,,,,,,,,,,,,,,,,,,,,,,,,,,,,,,,,,,,,,,,,,,,,,,,,
GHA,Ghana,2001,Sub-Saharan Africa,External debt distress case,vulnerability_trap,0,0,0,0,0,0,0,1,0,0,0,,,,,,,,,,,,,,,,,,,,,,,,,,,,,,,,,,,,,,,,,,,,,,,,,,,,,
GHA,Ghana,2002,Sub-Saharan Africa,External debt distress case,vulnerability_trap,0,0,0,0,0,0,0,1,0,0,0,,,,,,,,,,,,,,,,,,,,,,,,,,,,,,,,,,,,,,,,,,,,,,,,,,,,,
GHA,Ghana,2003,Sub-Saharan Africa,External debt distress case,vulnerability_trap,0,0,0,0,0,0,0,1,0,0,0,,,,,,,,,,,,,,,,,,,,,,,,,,,,,,,,,,,,,,,,,,,,,,,,,,,,,
GHA,Ghana,2004,Sub-Saharan Africa,External debt distress case,vulnerability_trap,0,0,0,0,0,0,0,1,0,0,0,,,,,,,,,,,,,,,,,,,,,,,,,,,,,,,,,,,,,,,,,,,,,,,,,,,,,
GHA,Ghana,2005,Sub-Saharan Africa,External debt distress case,vulnerability_trap,0,0,0,0,0,0,0,1,0,0,0,,,,,,,,,,,,,,,,,,,,,,,,,,,,,,,,,,,,,,,,,,,,,,,,,,,,,
GHA,Ghana,2006,Sub-Saharan Africa,External debt distress case,vulnerability_trap,0,0,0,0,0,0,0,1,0,0,0,,,,,,,,,,,,,,,,,,,,,,,,,,,,,,,,,,,,,,,,,,,,,,,,,,,,,
GHA,Ghana,2007,Sub-Saharan Africa,External debt distress case,vulnerability_trap,0,0,0,0,0,0,0,1,0,0,0,,,,,,,,,,,,,,,,,,,,,,,,,,,,,,,,,,,,,,,,,,,,,,,,,,,,,
GHA,Ghana,2008,Sub-Saharan Africa,External debt distress case,vulnerability_trap,0,0,0,0,0,0,0,1,0,0,0,,,,,,,,,,,,,,,,,,,,,,,,,,,,,,,,,,,,,,,,,,,,,,,,,,,,,
GHA,Ghana,2009,Sub-Saharan Africa,External debt distress case,vulnerability_trap,0,0,0,0,0,0,0,1,0,0,0,,,,,,,,,,,,,,,,,,,,,,,,,,,,,,,,,,,,,,,,,,,,,,,,,,,,,
GHA,Ghana,2010,Sub-Saharan Africa,External debt distress case,vulnerability_trap,0,0,0,0,0,0,0,1,0,0,0,,,,,,,,,,,,,,,,,,,,,,,,,,,,,,,,,,,,,,,,,,,,,,,,,,,,,
GHA,Ghana,2011,Sub-Saharan Africa,External debt distress case,vulnerability_trap,0,0,0,0,0,0,0,1,0,0,0,,,,,,,,,,,,,,,,,,,,,,,,,,,,,,,,,,,,,,,,,,,,,,,,,,,,,
GHA,Ghana,2012,Sub-Saharan Africa,External debt distress case,vulnerability_trap,0,0,0,0,0,0,0,1,0,0,0,,,,,,,,,,,,,,,,,,,,,,,,,,,,,,,,,,,,,,,,,,,,,,,,,,,,,
GHA,Ghana,2013,Sub-Saharan Africa,External debt distress case,vulnerability_trap,0,0,0,0,0,0,0,1,0,0,0,,,,,,,,,,,,,,,,,,,,,,,,,,,,,,,,,,,,,,,,,,,,,,,,,,,,,
GHA,Ghana,2014,Sub-Saharan Africa,External debt distress case,vulnerability_trap,0,0,0,0,0,0,0,1,0,0,0,,,,,,,,,,,,,,,,,,,,,,,,,,,,,,,,,,,,,,,,,,,,,,,,,,,,,
GHA,Ghana,2015,Sub-Saharan Africa,External debt distress case,vulnerability_trap,0,0,0,0,0,0,0,1,0,0,0,,,,,,,,,,,,,,,,,,,,,,,,,,,,,,,,,,,,,,,,,,,,,,,,,,,,,
GHA,Ghana,2016,Sub-Saharan Africa,External debt distress case,vulnerability_trap,0,0,0,0,0,0,0,1,0,0,0,,,,,,,,,,,,,,,,,,,,,,,,,,,,,,,,,,,,,,,,,,,,,,,,,,,,,
GHA,Ghana,2017,Sub-Saharan Africa,External debt distress case,vulnerability_trap,0,0,0,0,0,0,0,1,0,0,0,,,,,,,,,,,,,,,,,,,,,,,,,,,,,,,,,,,,,,,,,,,,,,,,,,,,,
GHA,Ghana,2018,Sub-Saharan Africa,External debt distress case,vulnerability_trap,0,0,0,0,0,0,0,1,0,0,0,,,,,,,,,,,,,,,,,,,,,,,,,,,,,,,,,,,,,,,,,,,,,,,,,,,,,
GHA,Ghana,2019,Sub-Saharan Africa,External debt distress case,vulnerability_trap,0,0,0,0,0,0,0,1,0,0,0,,,,,,,,,,,,,,,,,,,,,,,,,,,,,,,,,,,,,,,,,,,,,,,,,,,,,
GHA,Ghana,2020,Sub-Saharan Africa,External debt distress case,vulnerability_trap,0,0,0,0,0,0,0,1,0,0,0,,,,,,,,,,,,,,,,,,,,,,,,,,,,,,,,,,,,,,,,,,,,,,,,,,,,,
GHA,Ghana,2021,Sub-Saharan Africa,External debt distress case,vulnerability_trap,0,0,0,0,0,0,0,1,0,0,0,,,,,,,,,,,,,,,,,,,,,,,,,,,,,,,,,,,,,,,,,,,,,,,,,,,,,
GHA,Ghana,2022,Sub-Saharan Africa,External debt distress case,vulnerability_trap,0,0,0,0,0,0,0,1,0,0,0,,,,,,,,,,,,,,,,,,,,,,,,,,,,,,,,,,,,,,,,,,,,,,,,,,,,,
GHA,Ghana,2023,Sub-Saharan Africa,External debt distress case,vulnerability_trap,0,0,0,0,0,0,0,1,0,0,0,,,,,,,,,,,,,,,,,,,,,,,,,,,,,,,,,,,,,,,,,,,,,,,,,,,,,
GHA,Ghana,2024,Sub-Saharan Africa,External debt distress case,vulnerability_trap,0,0,0,0,0,0,0,1,0,0,0,,,,,,,,,,,,,,,,,,,,,,,,,,,,,,,,,,,,,,,,,,,,,,,,,,,,,
GHA,Ghana,2025,Sub-Saharan Africa,External debt distress case,vulnerability_trap,0,0,0,0,0,0,0,1,0,0,0,,,,,,,,,,,,,,,,,,,,,,,,,,,,,,,,,,,,,,,,,,,,,,,,,,,,,
ZMB,Zambia,1980,Sub-Saharan Africa,Commodity-debt restructuring case,vulnerability_trap,0,0,0,0,0,0,0,1,0,0,0,,,,,,,,,,,,,,,,,,,,,,,,,,,,,,,,,,,,,,,,,,,,,,,,,,,,,
ZMB,Zambia,1981,Sub-Saharan Africa,Commodity-debt restructuring case,vulnerability_trap,0,0,0,0,0,0,0,1,0,0,0,,,,,,,,,,,,,,,,,,,,,,,,,,,,,,,,,,,,,,,,,,,,,,,,,,,,,
ZMB,Zambia,1982,Sub-Saharan Africa,Commodity-debt restructuring case,vulnerability_trap,0,0,0,0,0,0,0,1,0,0,0,,,,,,,,,,,,,,,,,,,,,,,,,,,,,,,,,,,,,,,,,,,,,,,,,,,,,
ZMB,Zambia,1983,Sub-Saharan Africa,Commodity-debt restructuring case,vulnerability_trap,0,0,0,0,0,0,0,1,0,0,0,,,,,,,,,,,,,,,,,,,,,,,,,,,,,,,,,,,,,,,,,,,,,,,,,,,,,
ZMB,Zambia,1984,Sub-Saharan Africa,Commodity-debt restructuring case,vulnerability_trap,0,0,0,0,0,0,0,1,0,0,0,,,,,,,,,,,,,,,,,,,,,,,,,,,,,,,,,,,,,,,,,,,,,,,,,,,,,
ZMB,Zambia,1985,Sub-Saharan Africa,Commodity-debt restructuring case,vulnerability_trap,0,0,0,0,0,0,0,1,0,0,0,,,,,,,,,,,,,,,,,,,,,,,,,,,,,,,,,,,,,,,,,,,,,,,,,,,,,
ZMB,Zambia,1986,Sub-Saharan Africa,Commodity-debt restructuring case,vulnerability_trap,0,0,0,0,0,0,0,1,0,0,0,,,,,,,,,,,,,,,,,,,,,,,,,,,,,,,,,,,,,,,,,,,,,,,,,,,,,
ZMB,Zambia,1987,Sub-Saharan Africa,Commodity-debt restructuring case,vulnerability_trap,0,0,0,0,0,0,0,1,0,0,0,,,,,,,,,,,,,,,,,,,,,,,,,,,,,,,,,,,,,,,,,,,,,,,,,,,,,
ZMB,Zambia,1988,Sub-Saharan Africa,Commodity-debt restructuring case,vulnerability_trap,0,0,0,0,0,0,0,1,0,0,0,,,,,,,,,,,,,,,,,,,,,,,,,,,,,,,,,,,,,,,,,,,,,,,,,,,,,
ZMB,Zambia,1989,Sub-Saharan Africa,Commodity-debt restructuring case,vulnerability_trap,0,0,0,0,0,0,0,1,0,0,0,,,,,,,,,,,,,,,,,,,,,,,,,,,,,,,,,,,,,,,,,,,,,,,,,,,,,
ZMB,Zambia,1990,Sub-Saharan Africa,Commodity-debt restructuring case,vulnerability_trap,0,0,0,0,0,0,0,1,0,0,0,,,,,,,,,,,,,,,,,,,,,,,,,,,,,,,,,,,,,,,,,,,,,,,,,,,,,
ZMB,Zambia,1991,Sub-Saharan Africa,Commodity-debt restructuring case,vulnerability_trap,0,0,0,0,0,0,0,1,0,0,0,,,,,,,,,,,,,,,,,,,,,,,,,,,,,,,,,,,,,,,,,,,,,,,,,,,,,
ZMB,Zambia,1992,Sub-Saharan Africa,Commodity-debt restructuring case,vulnerability_trap,0,0,0,0,0,0,0,1,0,0,0,,,,,,,,,,,,,,,,,,,,,,,,,,,,,,,,,,,,,,,,,,,,,,,,,,,,,
ZMB,Zambia,1993,Sub-Saharan Africa,Commodity-debt restructuring case,vulnerability_trap,0,0,0,0,0,0,0,1,0,0,0,,,,,,,,,,,,,,,,,,,,,,,,,,,,,,,,,,,,,,,,,,,,,,,,,,,,,
ZMB,Zambia,1994,Sub-Saharan Africa,Commodity-debt restructuring case,vulnerability_trap,0,0,0,0,0,0,0,1,0,0,0,,,,,,,,,,,,,,,,,,,,,,,,,,,,,,,,,,,,,,,,,,,,,,,,,,,,,
ZMB,Zambia,1995,Sub-Saharan Africa,Commodity-debt restructuring case,vulnerability_trap,0,0,0,0,0,0,0,1,0,0,0,,,,,,,,,,,,,,,,,,,,,,,,,,,,,,,,,,,,,,,,,,,,,,,,,,,,,
ZMB,Zambia,1996,Sub-Saharan Africa,Commodity-debt restructuring case,vulnerability_trap,0,0,0,0,0,0,0,1,0,0,0,,,,,,,,,,,,,,,,,,,,,,,,,,,,,,,,,,,,,,,,,,,,,,,,,,,,,
ZMB,Zambia,1997,Sub-Saharan Africa,Commodity-debt restructuring case,vulnerability_trap,0,0,0,0,0,0,0,1,0,0,0,,,,,,,,,,,,,,,,,,,,,,,,,,,,,,,,,,,,,,,,,,,,,,,,,,,,,
ZMB,Zambia,1998,Sub-Saharan Africa,Commodity-debt restructuring case,vulnerability_trap,0,0,0,0,0,0,0,1,0,0,0,,,,,,,,,,,,,,,,,,,,,,,,,,,,,,,,,,,,,,,,,,,,,,,,,,,,,
ZMB,Zambia,1999,Sub-Saharan Africa,Commodity-debt restructuring case,vulnerability_trap,0,0,0,0,0,0,0,1,0,0,0,,,,,,,,,,,,,,,,,,,,,,,,,,,,,,,,,,,,,,,,,,,,,,,,,,,,,
ZMB,Zambia,2000,Sub-Saharan Africa,Commodity-debt restructuring case,vulnerability_trap,0,0,0,0,0,0,0,1,0,0,0,,,,,,,,,,,,,,,,,,,,,,,,,,,,,,,,,,,,,,,,,,,,,,,,,,,,,
ZMB,Zambia,2001,Sub-Saharan Africa,Commodity-debt restructuring case,vulnerability_trap,0,0,0,0,0,0,0,1,0,0,0,,,,,,,,,,,,,,,,,,,,,,,,,,,,,,,,,,,,,,,,,,,,,,,,,,,,,
ZMB,Zambia,2002,Sub-Saharan Africa,Commodity-debt restructuring case,vulnerability_trap,0,0,0,0,0,0,0,1,0,0,0,,,,,,,,,,,,,,,,,,,,,,,,,,,,,,,,,,,,,,,,,,,,,,,,,,,,,
ZMB,Zambia,2003,Sub-Saharan Africa,Commodity-debt restructuring case,vulnerability_trap,0,0,0,0,0,0,0,1,0,0,0,,,,,,,,,,,,,,,,,,,,,,,,,,,,,,,,,,,,,,,,,,,,,,,,,,,,,
ZMB,Zambia,2004,Sub-Saharan Africa,Commodity-debt restructuring case,vulnerability_trap,0,0,0,0,0,0,0,1,0,0,0,,,,,,,,,,,,,,,,,,,,,,,,,,,,,,,,,,,,,,,,,,,,,,,,,,,,,
ZMB,Zambia,2005,Sub-Saharan Africa,Commodity-debt restructuring case,vulnerability_trap,0,0,0,0,0,0,0,1,0,0,0,,,,,,,,,,,,,,,,,,,,,,,,,,,,,,,,,,,,,,,,,,,,,,,,,,,,,
ZMB,Zambia,2006,Sub-Saharan Africa,Commodity-debt restructuring case,vulnerability_trap,0,0,0,0,0,0,0,1,0,0,0,,,,,,,,,,,,,,,,,,,,,,,,,,,,,,,,,,,,,,,,,,,,,,,,,,,,,
ZMB,Zambia,2007,Sub-Saharan Africa,Commodity-debt restructuring case,vulnerability_trap,0,0,0,0,0,0,0,1,0,0,0,,,,,,,,,,,,,,,,,,,,,,,,,,,,,,,,,,,,,,,,,,,,,,,,,,,,,
ZMB,Zambia,2008,Sub-Saharan Africa,Commodity-debt restructuring case,vulnerability_trap,0,0,0,0,0,0,0,1,0,0,0,,,,,,,,,,,,,,,,,,,,,,,,,,,,,,,,,,,,,,,,,,,,,,,,,,,,,
ZMB,Zambia,2009,Sub-Saharan Africa,Commodity-debt restructuring case,vulnerability_trap,0,0,0,0,0,0,0,1,0,0,0,,,,,,,,,,,,,,,,,,,,,,,,,,,,,,,,,,,,,,,,,,,,,,,,,,,,,
ZMB,Zambia,2010,Sub-Saharan Africa,Commodity-debt restructuring case,vulnerability_trap,0,0,0,0,0,0,0,1,0,0,0,,,,,,,,,,,,,,,,,,,,,,,,,,,,,,,,,,,,,,,,,,,,,,,,,,,,,
ZMB,Zambia,2011,Sub-Saharan Africa,Commodity-debt restructuring case,vulnerability_trap,0,0,0,0,0,0,0,1,0,0,0,,,,,,,,,,,,,,,,,,,,,,,,,,,,,,,,,,,,,,,,,,,,,,,,,,,,,
ZMB,Zambia,2012,Sub-Saharan Africa,Commodity-debt restructuring case,vulnerability_trap,0,0,0,0,0,0,0,1,0,0,0,,,,,,,,,,,,,,,,,,,,,,,,,,,,,,,,,,,,,,,,,,,,,,,,,,,,,
ZMB,Zambia,2013,Sub-Saharan Africa,Commodity-debt restructuring case,vulnerability_trap,0,0,0,0,0,0,0,1,0,0,0,,,,,,,,,,,,,,,,,,,,,,,,,,,,,,,,,,,,,,,,,,,,,,,,,,,,,
ZMB,Zambia,2014,Sub-Saharan Africa,Commodity-debt restructuring case,vulnerability_trap,0,0,0,0,0,0,0,1,0,0,0,,,,,,,,,,,,,,,,,,,,,,,,,,,,,,,,,,,,,,,,,,,,,,,,,,,,,
ZMB,Zambia,2015,Sub-Saharan Africa,Commodity-debt restructuring case,vulnerability_trap,0,0,0,0,0,0,0,1,0,0,0,,,,,,,,,,,,,,,,,,,,,,,,,,,,,,,,,,,,,,,,,,,,,,,,,,,,,
ZMB,Zambia,2016,Sub-Saharan Africa,Commodity-debt restructuring case,vulnerability_trap,0,0,0,0,0,0,0,1,0,0,0,,,,,,,,,,,,,,,,,,,,,,,,,,,,,,,,,,,,,,,,,,,,,,,,,,,,,
ZMB,Zambia,2017,Sub-Saharan Africa,Commodity-debt restructuring case,vulnerability_trap,0,0,0,0,0,0,0,1,0,0,0,,,,,,,,,,,,,,,,,,,,,,,,,,,,,,,,,,,,,,,,,,,,,,,,,,,,,
ZMB,Zambia,2018,Sub-Saharan Africa,Commodity-debt restructuring case,vulnerability_trap,0,0,0,0,0,0,0,1,0,0,0,,,,,,,,,,,,,,,,,,,,,,,,,,,,,,,,,,,,,,,,,,,,,,,,,,,,,
ZMB,Zambia,2019,Sub-Saharan Africa,Commodity-debt restructuring case,vulnerability_trap,0,0,0,0,0,0,0,1,0,0,0,,,,,,,,,,,,,,,,,,,,,,,,,,,,,,,,,,,,,,,,,,,,,,,,,,,,,
ZMB,Zambia,2020,Sub-Saharan Africa,Commodity-debt restructuring case,vulnerability_trap,0,0,0,0,0,0,0,1,0,0,0,,,,,,,,,,,,,,,,,,,,,,,,,,,,,,,,,,,,,,,,,,,,,,,,,,,,,
ZMB,Zambia,2021,Sub-Saharan Africa,Commodity-debt restructuring case,vulnerability_trap,0,0,0,0,0,0,0,1,0,0,0,,,,,,,,,,,,,,,,,,,,,,,,,,,,,,,,,,,,,,,,,,,,,,,,,,,,,
ZMB,Zambia,2022,Sub-Saharan Africa,Commodity-debt restructuring case,vulnerability_trap,0,0,0,0,0,0,0,1,0,0,0,,,,,,,,,,,,,,,,,,,,,,,,,,,,,,,,,,,,,,,,,,,,,,,,,,,,,
ZMB,Zambia,2023,Sub-Saharan Africa,Commodity-debt restructuring case,vulnerability_trap,0,0,0,0,0,0,0,1,0,0,0,,,,,,,,,,,,,,,,,,,,,,,,,,,,,,,,,,,,,,,,,,,,,,,,,,,,,
ZMB,Zambia,2024,Sub-Saharan Africa,Commodity-debt restructuring case,vulnerability_trap,0,0,0,0,0,0,0,1,0,0,0,,,,,,,,,,,,,,,,,,,,,,,,,,,,,,,,,,,,,,,,,,,,,,,,,,,,,
ZMB,Zambia,2025,Sub-Saharan Africa,Commodity-debt restructuring case,vulnerability_trap,0,0,0,0,0,0,0,1,0,0,0,,,,,,,,,,,,,,,,,,,,,,,,,,,,,,,,,,,,,,,,,,,,,,,,,,,,,
PAK,Pakistan,1980,South Asia,Recurring balance-of-payments case,vulnerability_trap,0,0,0,0,0,0,0,1,0,0,0,,,,,,,,,,,,,,,,,,,,,,,,,,,,,,,,,,,,,,,,,,,,,,,,,,,,,
PAK,Pakistan,1981,South Asia,Recurring balance-of-payments case,vulnerability_trap,0,0,0,0,0,0,0,1,0,0,0,,,,,,,,,,,,,,,,,,,,,,,,,,,,,,,,,,,,,,,,,,,,,,,,,,,,,
PAK,Pakistan,1982,South Asia,Recurring balance-of-payments case,vulnerability_trap,0,0,0,0,0,0,0,1,0,0,0,,,,,,,,,,,,,,,,,,,,,,,,,,,,,,,,,,,,,,,,,,,,,,,,,,,,,
PAK,Pakistan,1983,South Asia,Recurring balance-of-payments case,vulnerability_trap,0,0,0,0,0,0,0,1,0,0,0,,,,,,,,,,,,,,,,,,,,,,,,,,,,,,,,,,,,,,,,,,,,,,,,,,,,,
PAK,Pakistan,1984,South Asia,Recurring balance-of-payments case,vulnerability_trap,0,0,0,0,0,0,0,1,0,0,0,,,,,,,,,,,,,,,,,,,,,,,,,,,,,,,,,,,,,,,,,,,,,,,,,,,,,
PAK,Pakistan,1985,South Asia,Recurring balance-of-payments case,vulnerability_trap,0,0,0,0,0,0,0,1,0,0,0,,,,,,,,,,,,,,,,,,,,,,,,,,,,,,,,,,,,,,,,,,,,,,,,,,,,,
PAK,Pakistan,1986,South Asia,Recurring balance-of-payments case,vulnerability_trap,0,0,0,0,0,0,0,1,0,0,0,,,,,,,,,,,,,,,,,,,,,,,,,,,,,,,,,,,,,,,,,,,,,,,,,,,,,
PAK,Pakistan,1987,South Asia,Recurring balance-of-payments case,vulnerability_trap,0,0,0,0,0,0,0,1,0,0,0,,,,,,,,,,,,,,,,,,,,,,,,,,,,,,,,,,,,,,,,,,,,,,,,,,,,,
PAK,Pakistan,1988,South Asia,Recurring balance-of-payments case,vulnerability_trap,0,0,0,0,0,0,0,1,0,0,0,,,,,,,,,,,,,,,,,,,,,,,,,,,,,,,,,,,,,,,,,,,,,,,,,,,,,
PAK,Pakistan,1989,South Asia,Recurring balance-of-payments case,vulnerability_trap,0,0,0,0,0,0,0,1,0,0,0,,,,,,,,,,,,,,,,,,,,,,,,,,,,,,,,,,,,,,,,,,,,,,,,,,,,,
PAK,Pakistan,1990,South Asia,Recurring balance-of-payments case,vulnerability_trap,0,0,0,0,0,0,0,1,0,0,0,,,,,,,,,,,,,,,,,,,,,,,,,,,,,,,,,,,,,,,,,,,,,,,,,,,,,
PAK,Pakistan,1991,South Asia,Recurring balance-of-payments case,vulnerability_trap,0,0,0,0,0,0,0,1,0,0,0,,,,,,,,,,,,,,,,,,,,,,,,,,,,,,,,,,,,,,,,,,,,,,,,,,,,,
PAK,Pakistan,1992,South Asia,Recurring balance-of-payments case,vulnerability_trap,0,0,0,0,0,0,0,1,0,0,0,,,,,,,,,,,,,,,,,,,,,,,,,,,,,,,,,,,,,,,,,,,,,,,,,,,,,
PAK,Pakistan,1993,South Asia,Recurring balance-of-payments case,vulnerability_trap,0,0,0,0,0,0,0,1,0,0,0,,,,,,,,,,,,,,,,,,,,,,,,,,,,,,,,,,,,,,,,,,,,,,,,,,,,,
PAK,Pakistan,1994,South Asia,Recurring balance-of-payments case,vulnerability_trap,0,0,0,0,0,0,0,1,0,0,0,,,,,,,,,,,,,,,,,,,,,,,,,,,,,,,,,,,,,,,,,,,,,,,,,,,,,
PAK,Pakistan,1995,South Asia,Recurring balance-of-payments case,vulnerability_trap,0,0,0,0,0,0,0,1,0,0,0,,,,,,,,,,,,,,,,,,,,,,,,,,,,,,,,,,,,,,,,,,,,,,,,,,,,,
PAK,Pakistan,1996,South Asia,Recurring balance-of-payments case,vulnerability_trap,0,0,0,0,0,0,0,1,0,0,0,,,,,,,,,,,,,,,,,,,,,,,,,,,,,,,,,,,,,,,,,,,,,,,,,,,,,
PAK,Pakistan,1997,South Asia,Recurring balance-of-payments case,vulnerability_trap,0,0,0,0,0,0,0,1,0,0,0,,,,,,,,,,,,,,,,,,,,,,,,,,,,,,,,,,,,,,,,,,,,,,,,,,,,,
PAK,Pakistan,1998,South Asia,Recurring balance-of-payments case,vulnerability_trap,0,0,0,0,0,0,0,1,0,0,0,,,,,,,,,,,,,,,,,,,,,,,,,,,,,,,,,,,,,,,,,,,,,,,,,,,,,
PAK,Pakistan,1999,South Asia,Recurring balance-of-payments case,vulnerability_trap,0,0,0,0,0,0,0,1,0,0,0,,,,,,,,,,,,,,,,,,,,,,,,,,,,,,,,,,,,,,,,,,,,,,,,,,,,,
PAK,Pakistan,2000,South Asia,Recurring balance-of-payments case,vulnerability_trap,0,0,0,0,0,0,0,1,0,0,0,,,,,,,,,,,,,,,,,,,,,,,,,,,,,,,,,,,,,,,,,,,,,,,,,,,,,
PAK,Pakistan,2001,South Asia,Recurring balance-of-payments case,vulnerability_trap,0,0,0,0,0,0,0,1,0,0,0,,,,,,,,,,,,,,,,,,,,,,,,,,,,,,,,,,,,,,,,,,,,,,,,,,,,,
PAK,Pakistan,2002,South Asia,Recurring balance-of-payments case,vulnerability_trap,0,0,0,0,0,0,0,1,0,0,0,,,,,,,,,,,,,,,,,,,,,,,,,,,,,,,,,,,,,,,,,,,,,,,,,,,,,
PAK,Pakistan,2003,South Asia,Recurring balance-of-payments case,vulnerability_trap,0,0,0,0,0,0,0,1,0,0,0,,,,,,,,,,,,,,,,,,,,,,,,,,,,,,,,,,,,,,,,,,,,,,,,,,,,,
PAK,Pakistan,2004,South Asia,Recurring balance-of-payments case,vulnerability_trap,0,0,0,0,0,0,0,1,0,0,0,,,,,,,,,,,,,,,,,,,,,,,,,,,,,,,,,,,,,,,,,,,,,,,,,,,,,
PAK,Pakistan,2005,South Asia,Recurring balance-of-payments case,vulnerability_trap,0,0,0,0,0,0,0,1,0,0,0,,,,,,,,,,,,,,,,,,,,,,,,,,,,,,,,,,,,,,,,,,,,,,,,,,,,,
PAK,Pakistan,2006,South Asia,Recurring balance-of-payments case,vulnerability_trap,0,0,0,0,0,0,0,1,0,0,0,,,,,,,,,,,,,,,,,,,,,,,,,,,,,,,,,,,,,,,,,,,,,,,,,,,,,
PAK,Pakistan,2007,South Asia,Recurring balance-of-payments case,vulnerability_trap,0,0,0,0,0,0,0,1,0,0,0,,,,,,,,,,,,,,,,,,,,,,,,,,,,,,,,,,,,,,,,,,,,,,,,,,,,,
PAK,Pakistan,2008,South Asia,Recurring balance-of-payments case,vulnerability_trap,0,0,0,0,0,0,0,1,0,0,0,,,,,,,,,,,,,,,,,,,,,,,,,,,,,,,,,,,,,,,,,,,,,,,,,,,,,
PAK,Pakistan,2009,South Asia,Recurring balance-of-payments case,vulnerability_trap,0,0,0,0,0,0,0,1,0,0,0,,,,,,,,,,,,,,,,,,,,,,,,,,,,,,,,,,,,,,,,,,,,,,,,,,,,,
PAK,Pakistan,2010,South Asia,Recurring balance-of-payments case,vulnerability_trap,0,0,0,0,0,0,0,1,0,0,0,,,,,,,,,,,,,,,,,,,,,,,,,,,,,,,,,,,,,,,,,,,,,,,,,,,,,
PAK,Pakistan,2011,South Asia,Recurring balance-of-payments case,vulnerability_trap,0,0,0,0,0,0,0,1,0,0,0,,,,,,,,,,,,,,,,,,,,,,,,,,,,,,,,,,,,,,,,,,,,,,,,,,,,,
PAK,Pakistan,2012,South Asia,Recurring balance-of-payments case,vulnerability_trap,0,0,0,0,0,0,0,1,0,0,0,,,,,,,,,,,,,,,,,,,,,,,,,,,,,,,,,,,,,,,,,,,,,,,,,,,,,
PAK,Pakistan,2013,South Asia,Recurring balance-of-payments case,vulnerability_trap,0,0,0,0,0,0,0,1,0,0,0,,,,,,,,,,,,,,,,,,,,,,,,,,,,,,,,,,,,,,,,,,,,,,,,,,,,,
PAK,Pakistan,2014,South Asia,Recurring balance-of-payments case,vulnerability_trap,0,0,0,0,0,0,0,1,0,0,0,,,,,,,,,,,,,,,,,,,,,,,,,,,,,,,,,,,,,,,,,,,,,,,,,,,,,
PAK,Pakistan,2015,South Asia,Recurring balance-of-payments case,vulnerability_trap,0,0,0,0,0,0,0,1,0,0,0,,,,,,,,,,,,,,,,,,,,,,,,,,,,,,,,,,,,,,,,,,,,,,,,,,,,,
PAK,Pakistan,2016,South Asia,Recurring balance-of-payments case,vulnerability_trap,0,0,0,0,0,0,0,1,0,0,0,,,,,,,,,,,,,,,,,,,,,,,,,,,,,,,,,,,,,,,,,,,,,,,,,,,,,
PAK,Pakistan,2017,South Asia,Recurring balance-of-payments case,vulnerability_trap,0,0,0,0,0,0,0,1,0,0,0,,,,,,,,,,,,,,,,,,,,,,,,,,,,,,,,,,,,,,,,,,,,,,,,,,,,,
PAK,Pakistan,2018,South Asia,Recurring balance-of-payments case,vulnerability_trap,0,0,0,0,0,0,0,1,0,0,0,,,,,,,,,,,,,,,,,,,,,,,,,,,,,,,,,,,,,,,,,,,,,,,,,,,,,
PAK,Pakistan,2019,South Asia,Recurring balance-of-payments case,vulnerability_trap,0,0,0,0,0,0,0,1,0,0,0,,,,,,,,,,,,,,,,,,,,,,,,,,,,,,,,,,,,,,,,,,,,,,,,,,,,,
PAK,Pakistan,2020,South Asia,Recurring balance-of-payments case,vulnerability_trap,0,0,0,0,0,0,0,1,0,0,0,,,,,,,,,,,,,,,,,,,,,,,,,,,,,,,,,,,,,,,,,,,,,,,,,,,,,
PAK,Pakistan,2021,South Asia,Recurring balance-of-payments case,vulnerability_trap,0,0,0,0,0,0,0,1,0,0,0,,,,,,,,,,,,,,,,,,,,,,,,,,,,,,,,,,,,,,,,,,,,,,,,,,,,,
PAK,Pakistan,2022,South Asia,Recurring balance-of-payments case,vulnerability_trap,0,0,0,0,0,0,0,1,0,0,0,,,,,,,,,,,,,,,,,,,,,,,,,,,,,,,,,,,,,,,,,,,,,,,,,,,,,
PAK,Pakistan,2023,South Asia,Recurring balance-of-payments case,vulnerability_trap,0,0,0,0,0,0,0,1,0,0,0,,,,,,,,,,,,,,,,,,,,,,,,,,,,,,,,,,,,,,,,,,,,,,,,,,,,,
PAK,Pakistan,2024,South Asia,Recurring balance-of-payments case,vulnerability_trap,0,0,0,0,0,0,0,1,0,0,0,,,,,,,,,,,,,,,,,,,,,,,,,,,,,,,,,,,,,,,,,,,,,,,,,,,,,
PAK,Pakistan,2025,South Asia,Recurring balance-of-payments case,vulnerability_trap,0,0,0,0,0,0,0,1,0,0,0,,,,,,,,,,,,,,,,,,,,,,,,,,,,,,,,,,,,,,,,,,,,,,,,,,,,,
LBN,Lebanon,1980,Middle East & North Africa,Institutional/banking collapse case,vulnerability_trap_extreme,0,0,0,0,0,0,0,1,0,0,0,,,,,,,,,,,,,,,,,,,,,,,,,,,,,,,,,,,,,,,,,,,,,,,,,,,,,
LBN,Lebanon,1981,Middle East & North Africa,Institutional/banking collapse case,vulnerability_trap_extreme,0,0,0,0,0,0,0,1,0,0,0,,,,,,,,,,,,,,,,,,,,,,,,,,,,,,,,,,,,,,,,,,,,,,,,,,,,,
LBN,Lebanon,1982,Middle East & North Africa,Institutional/banking collapse case,vulnerability_trap_extreme,0,0,0,0,0,0,0,1,0,0,0,,,,,,,,,,,,,,,,,,,,,,,,,,,,,,,,,,,,,,,,,,,,,,,,,,,,,
LBN,Lebanon,1983,Middle East & North Africa,Institutional/banking collapse case,vulnerability_trap_extreme,0,0,0,0,0,0,0,1,0,0,0,,,,,,,,,,,,,,,,,,,,,,,,,,,,,,,,,,,,,,,,,,,,,,,,,,,,,
LBN,Lebanon,1984,Middle East & North Africa,Institutional/banking collapse case,vulnerability_trap_extreme,0,0,0,0,0,0,0,1,0,0,0,,,,,,,,,,,,,,,,,,,,,,,,,,,,,,,,,,,,,,,,,,,,,,,,,,,,,
LBN,Lebanon,1985,Middle East & North Africa,Institutional/banking collapse case,vulnerability_trap_extreme,0,0,0,0,0,0,0,1,0,0,0,,,,,,,,,,,,,,,,,,,,,,,,,,,,,,,,,,,,,,,,,,,,,,,,,,,,,
LBN,Lebanon,1986,Middle East & North Africa,Institutional/banking collapse case,vulnerability_trap_extreme,0,0,0,0,0,0,0,1,0,0,0,,,,,,,,,,,,,,,,,,,,,,,,,,,,,,,,,,,,,,,,,,,,,,,,,,,,,
LBN,Lebanon,1987,Middle East & North Africa,Institutional/banking collapse case,vulnerability_trap_extreme,0,0,0,0,0,0,0,1,0,0,0,,,,,,,,,,,,,,,,,,,,,,,,,,,,,,,,,,,,,,,,,,,,,,,,,,,,,
LBN,Lebanon,1988,Middle East & North Africa,Institutional/banking collapse case,vulnerability_trap_extreme,0,0,0,0,0,0,0,1,0,0,0,,,,,,,,,,,,,,,,,,,,,,,,,,,,,,,,,,,,,,,,,,,,,,,,,,,,,
LBN,Lebanon,1989,Middle East & North Africa,Institutional/banking collapse case,vulnerability_trap_extreme,0,0,0,0,0,0,0,1,0,0,0,,,,,,,,,,,,,,,,,,,,,,,,,,,,,,,,,,,,,,,,,,,,,,,,,,,,,
LBN,Lebanon,1990,Middle East & North Africa,Institutional/banking collapse case,vulnerability_trap_extreme,0,0,0,0,0,0,0,1,0,0,0,,,,,,,,,,,,,,,,,,,,,,,,,,,,,,,,,,,,,,,,,,,,,,,,,,,,,
LBN,Lebanon,1991,Middle East & North Africa,Institutional/banking collapse case,vulnerability_trap_extreme,0,0,0,0,0,0,0,1,0,0,0,,,,,,,,,,,,,,,,,,,,,,,,,,,,,,,,,,,,,,,,,,,,,,,,,,,,,
LBN,Lebanon,1992,Middle East & North Africa,Institutional/banking collapse case,vulnerability_trap_extreme,0,0,0,0,0,0,0,1,0,0,0,,,,,,,,,,,,,,,,,,,,,,,,,,,,,,,,,,,,,,,,,,,,,,,,,,,,,
LBN,Lebanon,1993,Middle East & North Africa,Institutional/banking collapse case,vulnerability_trap_extreme,0,0,0,0,0,0,0,1,0,0,0,,,,,,,,,,,,,,,,,,,,,,,,,,,,,,,,,,,,,,,,,,,,,,,,,,,,,
LBN,Lebanon,1994,Middle East & North Africa,Institutional/banking collapse case,vulnerability_trap_extreme,0,0,0,0,0,0,0,1,0,0,0,,,,,,,,,,,,,,,,,,,,,,,,,,,,,,,,,,,,,,,,,,,,,,,,,,,,,
LBN,Lebanon,1995,Middle East & North Africa,Institutional/banking collapse case,vulnerability_trap_extreme,0,0,0,0,0,0,0,1,0,0,0,,,,,,,,,,,,,,,,,,,,,,,,,,,,,,,,,,,,,,,,,,,,,,,,,,,,,
LBN,Lebanon,1996,Middle East & North Africa,Institutional/banking collapse case,vulnerability_trap_extreme,0,0,0,0,0,0,0,1,0,0,0,,,,,,,,,,,,,,,,,,,,,,,,,,,,,,,,,,,,,,,,,,,,,,,,,,,,,
LBN,Lebanon,1997,Middle East & North Africa,Institutional/banking collapse case,vulnerability_trap_extreme,0,0,0,0,0,0,0,1,0,0,0,,,,,,,,,,,,,,,,,,,,,,,,,,,,,,,,,,,,,,,,,,,,,,,,,,,,,
LBN,Lebanon,1998,Middle East & North Africa,Institutional/banking collapse case,vulnerability_trap_extreme,0,0,0,0,0,0,0,1,0,0,0,,,,,,,,,,,,,,,,,,,,,,,,,,,,,,,,,,,,,,,,,,,,,,,,,,,,,
LBN,Lebanon,1999,Middle East & North Africa,Institutional/banking collapse case,vulnerability_trap_extreme,0,0,0,0,0,0,0,1,0,0,0,,,,,,,,,,,,,,,,,,,,,,,,,,,,,,,,,,,,,,,,,,,,,,,,,,,,,
LBN,Lebanon,2000,Middle East & North Africa,Institutional/banking collapse case,vulnerability_trap_extreme,0,0,0,0,0,0,0,1,0,0,0,,,,,,,,,,,,,,,,,,,,,,,,,,,,,,,,,,,,,,,,,,,,,,,,,,,,,
LBN,Lebanon,2001,Middle East & North Africa,Institutional/banking collapse case,vulnerability_trap_extreme,0,0,0,0,0,0,0,1,0,0,0,,,,,,,,,,,,,,,,,,,,,,,,,,,,,,,,,,,,,,,,,,,,,,,,,,,,,
LBN,Lebanon,2002,Middle East & North Africa,Institutional/banking collapse case,vulnerability_trap_extreme,0,0,0,0,0,0,0,1,0,0,0,,,,,,,,,,,,,,,,,,,,,,,,,,,,,,,,,,,,,,,,,,,,,,,,,,,,,
LBN,Lebanon,2003,Middle East & North Africa,Institutional/banking collapse case,vulnerability_trap_extreme,0,0,0,0,0,0,0,1,0,0,0,,,,,,,,,,,,,,,,,,,,,,,,,,,,,,,,,,,,,,,,,,,,,,,,,,,,,
LBN,Lebanon,2004,Middle East & North Africa,Institutional/banking collapse case,vulnerability_trap_extreme,0,0,0,0,0,0,0,1,0,0,0,,,,,,,,,,,,,,,,,,,,,,,,,,,,,,,,,,,,,,,,,,,,,,,,,,,,,
LBN,Lebanon,2005,Middle East & North Africa,Institutional/banking collapse case,vulnerability_trap_extreme,0,0,0,0,0,0,0,1,0,0,0,,,,,,,,,,,,,,,,,,,,,,,,,,,,,,,,,,,,,,,,,,,,,,,,,,,,,
LBN,Lebanon,2006,Middle East & North Africa,Institutional/banking collapse case,vulnerability_trap_extreme,0,0,0,0,0,0,0,1,0,0,0,,,,,,,,,,,,,,,,,,,,,,,,,,,,,,,,,,,,,,,,,,,,,,,,,,,,,
LBN,Lebanon,2007,Middle East & North Africa,Institutional/banking collapse case,vulnerability_trap_extreme,0,0,0,0,0,0,0,1,0,0,0,,,,,,,,,,,,,,,,,,,,,,,,,,,,,,,,,,,,,,,,,,,,,,,,,,,,,
LBN,Lebanon,2008,Middle East & North Africa,Institutional/banking collapse case,vulnerability_trap_extreme,0,0,0,0,0,0,0,1,0,0,0,,,,,,,,,,,,,,,,,,,,,,,,,,,,,,,,,,,,,,,,,,,,,,,,,,,,,
LBN,Lebanon,2009,Middle East & North Africa,Institutional/banking collapse case,vulnerability_trap_extreme,0,0,0,0,0,0,0,1,0,0,0,,,,,,,,,,,,,,,,,,,,,,,,,,,,,,,,,,,,,,,,,,,,,,,,,,,,,
LBN,Lebanon,2010,Middle East & North Africa,Institutional/banking collapse case,vulnerability_trap_extreme,0,0,0,0,0,0,0,1,0,0,0,,,,,,,,,,,,,,,,,,,,,,,,,,,,,,,,,,,,,,,,,,,,,,,,,,,,,
LBN,Lebanon,2011,Middle East & North Africa,Institutional/banking collapse case,vulnerability_trap_extreme,0,0,0,0,0,0,0,1,0,0,0,,,,,,,,,,,,,,,,,,,,,,,,,,,,,,,,,,,,,,,,,,,,,,,,,,,,,
LBN,Lebanon,2012,Middle East & North Africa,Institutional/banking collapse case,vulnerability_trap_extreme,0,0,0,0,0,0,0,1,0,0,0,,,,,,,,,,,,,,,,,,,,,,,,,,,,,,,,,,,,,,,,,,,,,,,,,,,,,
LBN,Lebanon,2013,Middle East & North Africa,Institutional/banking collapse case,vulnerability_trap_extreme,0,0,0,0,0,0,0,1,0,0,0,,,,,,,,,,,,,,,,,,,,,,,,,,,,,,,,,,,,,,,,,,,,,,,,,,,,,
LBN,Lebanon,2014,Middle East & North Africa,Institutional/banking collapse case,vulnerability_trap_extreme,0,0,0,0,0,0,0,1,0,0,0,,,,,,,,,,,,,,,,,,,,,,,,,,,,,,,,,,,,,,,,,,,,,,,,,,,,,
LBN,Lebanon,2015,Middle East & North Africa,Institutional/banking collapse case,vulnerability_trap_extreme,0,0,0,0,0,0,0,1,0,0,0,,,,,,,,,,,,,,,,,,,,,,,,,,,,,,,,,,,,,,,,,,,,,,,,,,,,,
LBN,Lebanon,2016,Middle East & North Africa,Institutional/banking collapse case,vulnerability_trap_extreme,0,0,0,0,0,0,0,1,0,0,0,,,,,,,,,,,,,,,,,,,,,,,,,,,,,,,,,,,,,,,,,,,,,,,,,,,,,
LBN,Lebanon,2017,Middle East & North Africa,Institutional/banking collapse case,vulnerability_trap_extreme,0,0,0,0,0,0,0,1,0,0,0,,,,,,,,,,,,,,,,,,,,,,,,,,,,,,,,,,,,,,,,,,,,,,,,,,,,,
LBN,Lebanon,2018,Middle East & North Africa,Institutional/banking collapse case,vulnerability_trap_extreme,0,0,0,0,0,0,0,1,0,0,0,,,,,,,,,,,,,,,,,,,,,,,,,,,,,,,,,,,,,,,,,,,,,,,,,,,,,
LBN,Lebanon,2019,Middle East & North Africa,Institutional/banking collapse case,vulnerability_trap_extreme,0,0,0,0,0,0,0,1,0,0,0,,,,,,,,,,,,,,,,,,,,,,,,,,,,,,,,,,,,,,,,,,,,,,,,,,,,,
LBN,Lebanon,2020,Middle East & North Africa,Institutional/banking collapse case,vulnerability_trap_extreme,0,0,0,0,0,0,0,1,0,0,0,,,,,,,,,,,,,,,,,,,,,,,,,,,,,,,,,,,,,,,,,,,,,,,,,,,,,
LBN,Lebanon,2021,Middle East & North Africa,Institutional/banking collapse case,vulnerability_trap_extreme,0,0,0,0,0,0,0,1,0,0,0,,,,,,,,,,,,,,,,,,,,,,,,,,,,,,,,,,,,,,,,,,,,,,,,,,,,,
LBN,Lebanon,2022,Middle East & North Africa,Institutional/banking collapse case,vulnerability_trap_extreme,0,0,0,0,0,0,0,1,0,0,0,,,,,,,,,,,,,,,,,,,,,,,,,,,,,,,,,,,,,,,,,,,,,,,,,,,,,
LBN,Lebanon,2023,Middle East & North Africa,Institutional/banking collapse case,vulnerability_trap_extreme,0,0,0,0,0,0,0,1,0,0,0,,,,,,,,,,,,,,,,,,,,,,,,,,,,,,,,,,,,,,,,,,,,,,,,,,,,,
LBN,Lebanon,2024,Middle East & North Africa,Institutional/banking collapse case,vulnerability_trap_extreme,0,0,0,0,0,0,0,1,0,0,0,,,,,,,,,,,,,,,,,,,,,,,,,,,,,,,,,,,,,,,,,,,,,,,,,,,,,
LBN,Lebanon,2025,Middle East & North Africa,Institutional/banking collapse case,vulnerability_trap_extreme,0,0,0,0,0,0,0,1,0,0,0,,,,,,,,,,,,,,,,,,,,,,,,,,,,,,,,,,,,,,,,,,,,,,,,,,,,,
GRC,Greece,1980,Europe & Central Asia,Monetary-union debt-overhang case,vulnerability_trap,0,0,0,0,0,0,0,1,0,0,0,,,,,,,,,,,,,,,,,,,,,,,,,,,,,,,,,,,,,,,,,,,,,,,,,,,,,
GRC,Greece,1981,Europe & Central Asia,Monetary-union debt-overhang case,vulnerability_trap,0,0,0,0,0,0,0,1,0,0,0,,,,,,,,,,,,,,,,,,,,,,,,,,,,,,,,,,,,,,,,,,,,,,,,,,,,,
GRC,Greece,1982,Europe & Central Asia,Monetary-union debt-overhang case,vulnerability_trap,0,0,0,0,0,0,0,1,0,0,0,,,,,,,,,,,,,,,,,,,,,,,,,,,,,,,,,,,,,,,,,,,,,,,,,,,,,
GRC,Greece,1983,Europe & Central Asia,Monetary-union debt-overhang case,vulnerability_trap,0,0,0,0,0,0,0,1,0,0,0,,,,,,,,,,,,,,,,,,,,,,,,,,,,,,,,,,,,,,,,,,,,,,,,,,,,,
GRC,Greece,1984,Europe & Central Asia,Monetary-union debt-overhang case,vulnerability_trap,0,0,0,0,0,0,0,1,0,0,0,,,,,,,,,,,,,,,,,,,,,,,,,,,,,,,,,,,,,,,,,,,,,,,,,,,,,
GRC,Greece,1985,Europe & Central Asia,Monetary-union debt-overhang case,vulnerability_trap,0,0,0,0,0,0,0,1,0,0,0,,,,,,,,,,,,,,,,,,,,,,,,,,,,,,,,,,,,,,,,,,,,,,,,,,,,,
GRC,Greece,1986,Europe & Central Asia,Monetary-union debt-overhang case,vulnerability_trap,0,0,0,0,0,0,0,1,0,0,0,,,,,,,,,,,,,,,,,,,,,,,,,,,,,,,,,,,,,,,,,,,,,,,,,,,,,
GRC,Greece,1987,Europe & Central Asia,Monetary-union debt-overhang case,vulnerability_trap,0,0,0,0,0,0,0,1,0,0,0,,,,,,,,,,,,,,,,,,,,,,,,,,,,,,,,,,,,,,,,,,,,,,,,,,,,,
GRC,Greece,1988,Europe & Central Asia,Monetary-union debt-overhang case,vulnerability_trap,0,0,0,0,0,0,0,1,0,0,0,,,,,,,,,,,,,,,,,,,,,,,,,,,,,,,,,,,,,,,,,,,,,,,,,,,,,
GRC,Greece,1989,Europe & Central Asia,Monetary-union debt-overhang case,vulnerability_trap,0,0,0,0,0,0,0,1,0,0,0,,,,,,,,,,,,,,,,,,,,,,,,,,,,,,,,,,,,,,,,,,,,,,,,,,,,,
GRC,Greece,1990,Europe & Central Asia,Monetary-union debt-overhang case,vulnerability_trap,0,0,0,0,0,0,0,1,0,0,0,,,,,,,,,,,,,,,,,,,,,,,,,,,,,,,,,,,,,,,,,,,,,,,,,,,,,
GRC,Greece,1991,Europe & Central Asia,Monetary-union debt-overhang case,vulnerability_trap,0,0,0,0,0,0,0,1,0,0,0,,,,,,,,,,,,,,,,,,,,,,,,,,,,,,,,,,,,,,,,,,,,,,,,,,,,,
GRC,Greece,1992,Europe & Central Asia,Monetary-union debt-overhang case,vulnerability_trap,0,0,0,0,0,0,0,1,0,0,0,,,,,,,,,,,,,,,,,,,,,,,,,,,,,,,,,,,,,,,,,,,,,,,,,,,,,
GRC,Greece,1993,Europe & Central Asia,Monetary-union debt-overhang case,vulnerability_trap,0,0,0,0,0,0,0,1,0,0,0,,,,,,,,,,,,,,,,,,,,,,,,,,,,,,,,,,,,,,,,,,,,,,,,,,,,,
GRC,Greece,1994,Europe & Central Asia,Monetary-union debt-overhang case,vulnerability_trap,0,0,0,0,0,0,0,1,0,0,0,,,,,,,,,,,,,,,,,,,,,,,,,,,,,,,,,,,,,,,,,,,,,,,,,,,,,
GRC,Greece,1995,Europe & Central Asia,Monetary-union debt-overhang case,vulnerability_trap,0,0,0,0,0,0,0,1,0,0,0,,,,,,,,,,,,,,,,,,,,,,,,,,,,,,,,,,,,,,,,,,,,,,,,,,,,,
GRC,Greece,1996,Europe & Central Asia,Monetary-union debt-overhang case,vulnerability_trap,0,0,0,0,0,0,0,1,0,0,0,,,,,,,,,,,,,,,,,,,,,,,,,,,,,,,,,,,,,,,,,,,,,,,,,,,,,
GRC,Greece,1997,Europe & Central Asia,Monetary-union debt-overhang case,vulnerability_trap,0,0,0,0,0,0,0,1,0,0,0,,,,,,,,,,,,,,,,,,,,,,,,,,,,,,,,,,,,,,,,,,,,,,,,,,,,,
GRC,Greece,1998,Europe & Central Asia,Monetary-union debt-overhang case,vulnerability_trap,0,0,0,0,0,0,0,1,0,0,0,,,,,,,,,,,,,,,,,,,,,,,,,,,,,,,,,,,,,,,,,,,,,,,,,,,,,
GRC,Greece,1999,Europe & Central Asia,Monetary-union debt-overhang case,vulnerability_trap,0,0,0,0,0,0,0,1,0,0,0,,,,,,,,,,,,,,,,,,,,,,,,,,,,,,,,,,,,,,,,,,,,,,,,,,,,,
GRC,Greece,2000,Europe & Central Asia,Monetary-union debt-overhang case,vulnerability_trap,0,0,0,0,0,0,0,1,0,0,0,,,,,,,,,,,,,,,,,,,,,,,,,,,,,,,,,,,,,,,,,,,,,,,,,,,,,
GRC,Greece,2001,Europe & Central Asia,Monetary-union debt-overhang case,vulnerability_trap,0,0,0,0,0,0,0,1,0,0,0,,,,,,,,,,,,,,,,,,,,,,,,,,,,,,,,,,,,,,,,,,,,,,,,,,,,,
GRC,Greece,2002,Europe & Central Asia,Monetary-union debt-overhang case,vulnerability_trap,0,0,0,0,0,0,0,1,0,0,0,,,,,,,,,,,,,,,,,,,,,,,,,,,,,,,,,,,,,,,,,,,,,,,,,,,,,
GRC,Greece,2003,Europe & Central Asia,Monetary-union debt-overhang case,vulnerability_trap,0,0,0,0,0,0,0,1,0,0,0,,,,,,,,,,,,,,,,,,,,,,,,,,,,,,,,,,,,,,,,,,,,,,,,,,,,,
GRC,Greece,2004,Europe & Central Asia,Monetary-union debt-overhang case,vulnerability_trap,0,0,0,0,0,0,0,1,0,0,0,,,,,,,,,,,,,,,,,,,,,,,,,,,,,,,,,,,,,,,,,,,,,,,,,,,,,
GRC,Greece,2005,Europe & Central Asia,Monetary-union debt-overhang case,vulnerability_trap,0,0,0,0,0,0,0,1,0,0,0,,,,,,,,,,,,,,,,,,,,,,,,,,,,,,,,,,,,,,,,,,,,,,,,,,,,,
GRC,Greece,2006,Europe & Central Asia,Monetary-union debt-overhang case,vulnerability_trap,0,0,0,0,0,0,0,1,0,0,0,,,,,,,,,,,,,,,,,,,,,,,,,,,,,,,,,,,,,,,,,,,,,,,,,,,,,
GRC,Greece,2007,Europe & Central Asia,Monetary-union debt-overhang case,vulnerability_trap,0,0,0,0,0,0,0,1,0,0,0,,,,,,,,,,,,,,,,,,,,,,,,,,,,,,,,,,,,,,,,,,,,,,,,,,,,,
GRC,Greece,2008,Europe & Central Asia,Monetary-union debt-overhang case,vulnerability_trap,0,0,0,0,0,0,0,1,0,0,0,,,,,,,,,,,,,,,,,,,,,,,,,,,,,,,,,,,,,,,,,,,,,,,,,,,,,
GRC,Greece,2009,Europe & Central Asia,Monetary-union debt-overhang case,vulnerability_trap,0,0,0,0,0,0,0,1,0,0,0,,,,,,,,,,,,,,,,,,,,,,,,,,,,,,,,,,,,,,,,,,,,,,,,,,,,,
GRC,Greece,2010,Europe & Central Asia,Monetary-union debt-overhang case,vulnerability_trap,0,0,0,0,0,0,0,1,0,0,0,,,,,,,,,,,,,,,,,,,,,,,,,,,,,,,,,,,,,,,,,,,,,,,,,,,,,
GRC,Greece,2011,Europe & Central Asia,Monetary-union debt-overhang case,vulnerability_trap,0,0,0,0,0,0,0,1,0,0,0,,,,,,,,,,,,,,,,,,,,,,,,,,,,,,,,,,,,,,,,,,,,,,,,,,,,,
GRC,Greece,2012,Europe & Central Asia,Monetary-union debt-overhang case,vulnerability_trap,0,0,0,0,0,0,0,1,0,0,0,,,,,,,,,,,,,,,,,,,,,,,,,,,,,,,,,,,,,,,,,,,,,,,,,,,,,
GRC,Greece,2013,Europe & Central Asia,Monetary-union debt-overhang case,vulnerability_trap,0,0,0,0,0,0,0,1,0,0,0,,,,,,,,,,,,,,,,,,,,,,,,,,,,,,,,,,,,,,,,,,,,,,,,,,,,,
GRC,Greece,2014,Europe & Central Asia,Monetary-union debt-overhang case,vulnerability_trap,0,0,0,0,0,0,0,1,0,0,0,,,,,,,,,,,,,,,,,,,,,,,,,,,,,,,,,,,,,,,,,,,,,,,,,,,,,
GRC,Greece,2015,Europe & Central Asia,Monetary-union debt-overhang case,vulnerability_trap,0,0,0,0,0,0,0,1,0,0,0,,,,,,,,,,,,,,,,,,,,,,,,,,,,,,,,,,,,,,,,,,,,,,,,,,,,,
GRC,Greece,2016,Europe & Central Asia,Monetary-union debt-overhang case,vulnerability_trap,0,0,0,0,0,0,0,1,0,0,0,,,,,,,,,,,,,,,,,,,,,,,,,,,,,,,,,,,,,,,,,,,,,,,,,,,,,
GRC,Greece,2017,Europe & Central Asia,Monetary-union debt-overhang case,vulnerability_trap,0,0,0,0,0,0,0,1,0,0,0,,,,,,,,,,,,,,,,,,,,,,,,,,,,,,,,,,,,,,,,,,,,,,,,,,,,,
GRC,Greece,2018,Europe & Central Asia,Monetary-union debt-overhang case,vulnerability_trap,0,0,0,0,0,0,0,1,0,0,0,,,,,,,,,,,,,,,,,,,,,,,,,,,,,,,,,,,,,,,,,,,,,,,,,,,,,
GRC,Greece,2019,Europe & Central Asia,Monetary-union debt-overhang case,vulnerability_trap,0,0,0,0,0,0,0,1,0,0,0,,,,,,,,,,,,,,,,,,,,,,,,,,,,,,,,,,,,,,,,,,,,,,,,,,,,,
GRC,Greece,2020,Europe & Central Asia,Monetary-union debt-overhang case,vulnerability_trap,0,0,0,0,0,0,0,1,0,0,0,,,,,,,,,,,,,,,,,,,,,,,,,,,,,,,,,,,,,,,,,,,,,,,,,,,,,
GRC,Greece,2021,Europe & Central Asia,Monetary-union debt-overhang case,vulnerability_trap,0,0,0,0,0,0,0,1,0,0,0,,,,,,,,,,,,,,,,,,,,,,,,,,,,,,,,,,,,,,,,,,,,,,,,,,,,,
GRC,Greece,2022,Europe & Central Asia,Monetary-union debt-overhang case,vulnerability_trap,0,0,0,0,0,0,0,1,0,0,0,,,,,,,,,,,,,,,,,,,,,,,,,,,,,,,,,,,,,,,,,,,,,,,,,,,,,
GRC,Greece,2023,Europe & Central Asia,Monetary-union debt-overhang case,vulnerability_trap,0,0,0,0,0,0,0,1,0,0,0,,,,,,,,,,,,,,,,,,,,,,,,,,,,,,,,,,,,,,,,,,,,,,,,,,,,,
GRC,Greece,2024,Europe & Central Asia,Monetary-union debt-overhang case,vulnerability_trap,0,0,0,0,0,0,0,1,0,0,0,,,,,,,,,,,,,,,,,,,,,,,,,,,,,,,,,,,,,,,,,,,,,,,,,,,,,
GRC,Greece,2025,Europe & Central Asia,Monetary-union debt-overhang case,vulnerability_trap,0,0,0,0,0,0,0,1,0,0,0,,,,,,,,,,,,,,,,,,,,,,,,,,,,,,,,,,,,,,,,,,,,,,,,,,,,,
BLZ,Belize,1980,Latin America & Caribbean,Debt-for-nature conversion case,creditor_conversion,0,0,0,0,0,0,0,0,0,1,0,,,,,,,,,,,,,,,,,,,,,,,,,,,,,,,,,,,,,,,,,,,,,,,,,,,,,
BLZ,Belize,1981,Latin America & Caribbean,Debt-for-nature conversion case,creditor_conversion,0,0,0,0,0,0,0,0,0,1,0,,,,,,,,,,,,,,,,,,,,,,,,,,,,,,,,,,,,,,,,,,,,,,,,,,,,,
BLZ,Belize,1982,Latin America & Caribbean,Debt-for-nature conversion case,creditor_conversion,0,0,0,0,0,0,0,0,0,1,0,,,,,,,,,,,,,,,,,,,,,,,,,,,,,,,,,,,,,,,,,,,,,,,,,,,,,
BLZ,Belize,1983,Latin America & Caribbean,Debt-for-nature conversion case,creditor_conversion,0,0,0,0,0,0,0,0,0,1,0,,,,,,,,,,,,,,,,,,,,,,,,,,,,,,,,,,,,,,,,,,,,,,,,,,,,,
BLZ,Belize,1984,Latin America & Caribbean,Debt-for-nature conversion case,creditor_conversion,0,0,0,0,0,0,0,0,0,1,0,,,,,,,,,,,,,,,,,,,,,,,,,,,,,,,,,,,,,,,,,,,,,,,,,,,,,
BLZ,Belize,1985,Latin America & Caribbean,Debt-for-nature conversion case,creditor_conversion,0,0,0,0,0,0,0,0,0,1,0,,,,,,,,,,,,,,,,,,,,,,,,,,,,,,,,,,,,,,,,,,,,,,,,,,,,,
BLZ,Belize,1986,Latin America & Caribbean,Debt-for-nature conversion case,creditor_conversion,0,0,0,0,0,0,0,0,0,1,0,,,,,,,,,,,,,,,,,,,,,,,,,,,,,,,,,,,,,,,,,,,,,,,,,,,,,
BLZ,Belize,1987,Latin America & Caribbean,Debt-for-nature conversion case,creditor_conversion,0,0,0,0,0,0,0,0,0,1,0,,,,,,,,,,,,,,,,,,,,,,,,,,,,,,,,,,,,,,,,,,,,,,,,,,,,,
BLZ,Belize,1988,Latin America & Caribbean,Debt-for-nature conversion case,creditor_conversion,0,0,0,0,0,0,0,0,0,1,0,,,,,,,,,,,,,,,,,,,,,,,,,,,,,,,,,,,,,,,,,,,,,,,,,,,,,
BLZ,Belize,1989,Latin America & Caribbean,Debt-for-nature conversion case,creditor_conversion,0,0,0,0,0,0,0,0,0,1,0,,,,,,,,,,,,,,,,,,,,,,,,,,,,,,,,,,,,,,,,,,,,,,,,,,,,,
BLZ,Belize,1990,Latin America & Caribbean,Debt-for-nature conversion case,creditor_conversion,0,0,0,0,0,0,0,0,0,1,0,,,,,,,,,,,,,,,,,,,,,,,,,,,,,,,,,,,,,,,,,,,,,,,,,,,,,
BLZ,Belize,1991,Latin America & Caribbean,Debt-for-nature conversion case,creditor_conversion,0,0,0,0,0,0,0,0,0,1,0,,,,,,,,,,,,,,,,,,,,,,,,,,,,,,,,,,,,,,,,,,,,,,,,,,,,,
BLZ,Belize,1992,Latin America & Caribbean,Debt-for-nature conversion case,creditor_conversion,0,0,0,0,0,0,0,0,0,1,0,,,,,,,,,,,,,,,,,,,,,,,,,,,,,,,,,,,,,,,,,,,,,,,,,,,,,
BLZ,Belize,1993,Latin America & Caribbean,Debt-for-nature conversion case,creditor_conversion,0,0,0,0,0,0,0,0,0,1,0,,,,,,,,,,,,,,,,,,,,,,,,,,,,,,,,,,,,,,,,,,,,,,,,,,,,,
BLZ,Belize,1994,Latin America & Caribbean,Debt-for-nature conversion case,creditor_conversion,0,0,0,0,0,0,0,0,0,1,0,,,,,,,,,,,,,,,,,,,,,,,,,,,,,,,,,,,,,,,,,,,,,,,,,,,,,
BLZ,Belize,1995,Latin America & Caribbean,Debt-for-nature conversion case,creditor_conversion,0,0,0,0,0,0,0,0,0,1,0,,,,,,,,,,,,,,,,,,,,,,,,,,,,,,,,,,,,,,,,,,,,,,,,,,,,,
BLZ,Belize,1996,Latin America & Caribbean,Debt-for-nature conversion case,creditor_conversion,0,0,0,0,0,0,0,0,0,1,0,,,,,,,,,,,,,,,,,,,,,,,,,,,,,,,,,,,,,,,,,,,,,,,,,,,,,
BLZ,Belize,1997,Latin America & Caribbean,Debt-for-nature conversion case,creditor_conversion,0,0,0,0,0,0,0,0,0,1,0,,,,,,,,,,,,,,,,,,,,,,,,,,,,,,,,,,,,,,,,,,,,,,,,,,,,,
BLZ,Belize,1998,Latin America & Caribbean,Debt-for-nature conversion case,creditor_conversion,0,0,0,0,0,0,0,0,0,1,0,,,,,,,,,,,,,,,,,,,,,,,,,,,,,,,,,,,,,,,,,,,,,,,,,,,,,
BLZ,Belize,1999,Latin America & Caribbean,Debt-for-nature conversion case,creditor_conversion,0,0,0,0,0,0,0,0,0,1,0,,,,,,,,,,,,,,,,,,,,,,,,,,,,,,,,,,,,,,,,,,,,,,,,,,,,,
BLZ,Belize,2000,Latin America & Caribbean,Debt-for-nature conversion case,creditor_conversion,0,0,0,0,0,0,0,0,0,1,0,,,,,,,,,,,,,,,,,,,,,,,,,,,,,,,,,,,,,,,,,,,,,,,,,,,,,
BLZ,Belize,2001,Latin America & Caribbean,Debt-for-nature conversion case,creditor_conversion,0,0,0,0,0,0,0,0,0,1,0,,,,,,,,,,,,,,,,,,,,,,,,,,,,,,,,,,,,,,,,,,,,,,,,,,,,,
BLZ,Belize,2002,Latin America & Caribbean,Debt-for-nature conversion case,creditor_conversion,0,0,0,0,0,0,0,0,0,1,0,,,,,,,,,,,,,,,,,,,,,,,,,,,,,,,,,,,,,,,,,,,,,,,,,,,,,
BLZ,Belize,2003,Latin America & Caribbean,Debt-for-nature conversion case,creditor_conversion,0,0,0,0,0,0,0,0,0,1,0,,,,,,,,,,,,,,,,,,,,,,,,,,,,,,,,,,,,,,,,,,,,,,,,,,,,,
BLZ,Belize,2004,Latin America & Caribbean,Debt-for-nature conversion case,creditor_conversion,0,0,0,0,0,0,0,0,0,1,0,,,,,,,,,,,,,,,,,,,,,,,,,,,,,,,,,,,,,,,,,,,,,,,,,,,,,
BLZ,Belize,2005,Latin America & Caribbean,Debt-for-nature conversion case,creditor_conversion,0,0,0,0,0,0,0,0,0,1,0,,,,,,,,,,,,,,,,,,,,,,,,,,,,,,,,,,,,,,,,,,,,,,,,,,,,,
BLZ,Belize,2006,Latin America & Caribbean,Debt-for-nature conversion case,creditor_conversion,0,0,0,0,0,0,0,0,0,1,0,,,,,,,,,,,,,,,,,,,,,,,,,,,,,,,,,,,,,,,,,,,,,,,,,,,,,
BLZ,Belize,2007,Latin America & Caribbean,Debt-for-nature conversion case,creditor_conversion,0,0,0,0,0,0,0,0,0,1,0,,,,,,,,,,,,,,,,,,,,,,,,,,,,,,,,,,,,,,,,,,,,,,,,,,,,,
BLZ,Belize,2008,Latin America & Caribbean,Debt-for-nature conversion case,creditor_conversion,0,0,0,0,0,0,0,0,0,1,0,,,,,,,,,,,,,,,,,,,,,,,,,,,,,,,,,,,,,,,,,,,,,,,,,,,,,
BLZ,Belize,2009,Latin America & Caribbean,Debt-for-nature conversion case,creditor_conversion,0,0,0,0,0,0,0,0,0,1,0,,,,,,,,,,,,,,,,,,,,,,,,,,,,,,,,,,,,,,,,,,,,,,,,,,,,,
BLZ,Belize,2010,Latin America & Caribbean,Debt-for-nature conversion case,creditor_conversion,0,0,0,0,0,0,0,0,0,1,0,,,,,,,,,,,,,,,,,,,,,,,,,,,,,,,,,,,,,,,,,,,,,,,,,,,,,
BLZ,Belize,2011,Latin America & Caribbean,Debt-for-nature conversion case,creditor_conversion,0,0,0,0,0,0,0,0,0,1,0,,,,,,,,,,,,,,,,,,,,,,,,,,,,,,,,,,,,,,,,,,,,,,,,,,,,,
BLZ,Belize,2012,Latin America & Caribbean,Debt-for-nature conversion case,creditor_conversion,0,0,0,0,0,0,0,0,0,1,0,,,,,,,,,,,,,,,,,,,,,,,,,,,,,,,,,,,,,,,,,,,,,,,,,,,,,
BLZ,Belize,2013,Latin America & Caribbean,Debt-for-nature conversion case,creditor_conversion,0,0,0,0,0,0,0,0,0,1,0,,,,,,,,,,,,,,,,,,,,,,,,,,,,,,,,,,,,,,,,,,,,,,,,,,,,,
BLZ,Belize,2014,Latin America & Caribbean,Debt-for-nature conversion case,creditor_conversion,0,0,0,0,0,0,0,0,0,1,0,,,,,,,,,,,,,,,,,,,,,,,,,,,,,,,,,,,,,,,,,,,,,,,,,,,,,
BLZ,Belize,2015,Latin America & Caribbean,Debt-for-nature conversion case,creditor_conversion,0,0,0,0,0,0,0,0,0,1,0,,,,,,,,,,,,,,,,,,,,,,,,,,,,,,,,,,,,,,,,,,,,,,,,,,,,,
BLZ,Belize,2016,Latin America & Caribbean,Debt-for-nature conversion case,creditor_conversion,0,0,0,0,0,0,0,0,0,1,0,,,,,,,,,,,,,,,,,,,,,,,,,,,,,,,,,,,,,,,,,,,,,,,,,,,,,
BLZ,Belize,2017,Latin America & Caribbean,Debt-for-nature conversion case,creditor_conversion,0,0,0,0,0,0,0,0,0,1,0,,,,,,,,,,,,,,,,,,,,,,,,,,,,,,,,,,,,,,,,,,,,,,,,,,,,,
BLZ,Belize,2018,Latin America & Caribbean,Debt-for-nature conversion case,creditor_conversion,0,0,0,0,0,0,0,0,0,1,0,,,,,,,,,,,,,,,,,,,,,,,,,,,,,,,,,,,,,,,,,,,,,,,,,,,,,
BLZ,Belize,2019,Latin America & Caribbean,Debt-for-nature conversion case,creditor_conversion,0,0,0,0,0,0,0,0,0,1,0,,,,,,,,,,,,,,,,,,,,,,,,,,,,,,,,,,,,,,,,,,,,,,,,,,,,,
BLZ,Belize,2020,Latin America & Caribbean,Debt-for-nature conversion case,creditor_conversion,0,0,0,0,0,0,0,0,0,1,0,,,,,,,,,,,,,,,,,,,,,,,,,,,,,,,,,,,,,,,,,,,,,,,,,,,,,
BLZ,Belize,2021,Latin America & Caribbean,Debt-for-nature conversion case,creditor_conversion,0,0,0,0,0,0,0,0,0,1,0,,,,,,,,,,,,,,,,,,,,,,,,,,,,,,,,,,,,,,,,,,,,,,,,,,,,,
BLZ,Belize,2022,Latin America & Caribbean,Debt-for-nature conversion case,creditor_conversion,0,0,0,0,0,0,0,0,0,1,0,,,,,,,,,,,,,,,,,,,,,,,,,,,,,,,,,,,,,,,,,,,,,,,,,,,,,
BLZ,Belize,2023,Latin America & Caribbean,Debt-for-nature conversion case,creditor_conversion,0,0,0,0,0,0,0,0,0,1,0,,,,,,,,,,,,,,,,,,,,,,,,,,,,,,,,,,,,,,,,,,,,,,,,,,,,,
BLZ,Belize,2024,Latin America & Caribbean,Debt-for-nature conversion case,creditor_conversion,0,0,0,0,0,0,0,0,0,1,0,,,,,,,,,,,,,,,,,,,,,,,,,,,,,,,,,,,,,,,,,,,,,,,,,,,,,
BLZ,Belize,2025,Latin America & Caribbean,Debt-for-nature conversion case,creditor_conversion,0,0,0,0,0,0,0,0,0,1,0,,,,,,,,,,,,,,,,,,,,,,,,,,,,,,,,,,,,,,,,,,,,,,,,,,,,,
BRB,Barbados,1980,Latin America & Caribbean,Blue-bond/debt conversion case,creditor_conversion,0,0,0,0,0,0,0,0,0,1,0,,,,,,,,,,,,,,,,,,,,,,,,,,,,,,,,,,,,,,,,,,,,,,,,,,,,,
BRB,Barbados,1981,Latin America & Caribbean,Blue-bond/debt conversion case,creditor_conversion,0,0,0,0,0,0,0,0,0,1,0,,,,,,,,,,,,,,,,,,,,,,,,,,,,,,,,,,,,,,,,,,,,,,,,,,,,,
BRB,Barbados,1982,Latin America & Caribbean,Blue-bond/debt conversion case,creditor_conversion,0,0,0,0,0,0,0,0,0,1,0,,,,,,,,,,,,,,,,,,,,,,,,,,,,,,,,,,,,,,,,,,,,,,,,,,,,,
BRB,Barbados,1983,Latin America & Caribbean,Blue-bond/debt conversion case,creditor_conversion,0,0,0,0,0,0,0,0,0,1,0,,,,,,,,,,,,,,,,,,,,,,,,,,,,,,,,,,,,,,,,,,,,,,,,,,,,,
BRB,Barbados,1984,Latin America & Caribbean,Blue-bond/debt conversion case,creditor_conversion,0,0,0,0,0,0,0,0,0,1,0,,,,,,,,,,,,,,,,,,,,,,,,,,,,,,,,,,,,,,,,,,,,,,,,,,,,,
BRB,Barbados,1985,Latin America & Caribbean,Blue-bond/debt conversion case,creditor_conversion,0,0,0,0,0,0,0,0,0,1,0,,,,,,,,,,,,,,,,,,,,,,,,,,,,,,,,,,,,,,,,,,,,,,,,,,,,,
BRB,Barbados,1986,Latin America & Caribbean,Blue-bond/debt conversion case,creditor_conversion,0,0,0,0,0,0,0,0,0,1,0,,,,,,,,,,,,,,,,,,,,,,,,,,,,,,,,,,,,,,,,,,,,,,,,,,,,,
BRB,Barbados,1987,Latin America & Caribbean,Blue-bond/debt conversion case,creditor_conversion,0,0,0,0,0,0,0,0,0,1,0,,,,,,,,,,,,,,,,,,,,,,,,,,,,,,,,,,,,,,,,,,,,,,,,,,,,,
BRB,Barbados,1988,Latin America & Caribbean,Blue-bond/debt conversion case,creditor_conversion,0,0,0,0,0,0,0,0,0,1,0,,,,,,,,,,,,,,,,,,,,,,,,,,,,,,,,,,,,,,,,,,,,,,,,,,,,,
BRB,Barbados,1989,Latin America & Caribbean,Blue-bond/debt conversion case,creditor_conversion,0,0,0,0,0,0,0,0,0,1,0,,,,,,,,,,,,,,,,,,,,,,,,,,,,,,,,,,,,,,,,,,,,,,,,,,,,,
BRB,Barbados,1990,Latin America & Caribbean,Blue-bond/debt conversion case,creditor_conversion,0,0,0,0,0,0,0,0,0,1,0,,,,,,,,,,,,,,,,,,,,,,,,,,,,,,,,,,,,,,,,,,,,,,,,,,,,,
BRB,Barbados,1991,Latin America & Caribbean,Blue-bond/debt conversion case,creditor_conversion,0,0,0,0,0,0,0,0,0,1,0,,,,,,,,,,,,,,,,,,,,,,,,,,,,,,,,,,,,,,,,,,,,,,,,,,,,,
BRB,Barbados,1992,Latin America & Caribbean,Blue-bond/debt conversion case,creditor_conversion,0,0,0,0,0,0,0,0,0,1,0,,,,,,,,,,,,,,,,,,,,,,,,,,,,,,,,,,,,,,,,,,,,,,,,,,,,,
BRB,Barbados,1993,Latin America & Caribbean,Blue-bond/debt conversion case,creditor_conversion,0,0,0,0,0,0,0,0,0,1,0,,,,,,,,,,,,,,,,,,,,,,,,,,,,,,,,,,,,,,,,,,,,,,,,,,,,,
BRB,Barbados,1994,Latin America & Caribbean,Blue-bond/debt conversion case,creditor_conversion,0,0,0,0,0,0,0,0,0,1,0,,,,,,,,,,,,,,,,,,,,,,,,,,,,,,,,,,,,,,,,,,,,,,,,,,,,,
BRB,Barbados,1995,Latin America & Caribbean,Blue-bond/debt conversion case,creditor_conversion,0,0,0,0,0,0,0,0,0,1,0,,,,,,,,,,,,,,,,,,,,,,,,,,,,,,,,,,,,,,,,,,,,,,,,,,,,,
BRB,Barbados,1996,Latin America & Caribbean,Blue-bond/debt conversion case,creditor_conversion,0,0,0,0,0,0,0,0,0,1,0,,,,,,,,,,,,,,,,,,,,,,,,,,,,,,,,,,,,,,,,,,,,,,,,,,,,,
BRB,Barbados,1997,Latin America & Caribbean,Blue-bond/debt conversion case,creditor_conversion,0,0,0,0,0,0,0,0,0,1,0,,,,,,,,,,,,,,,,,,,,,,,,,,,,,,,,,,,,,,,,,,,,,,,,,,,,,
BRB,Barbados,1998,Latin America & Caribbean,Blue-bond/debt conversion case,creditor_conversion,0,0,0,0,0,0,0,0,0,1,0,,,,,,,,,,,,,,,,,,,,,,,,,,,,,,,,,,,,,,,,,,,,,,,,,,,,,
BRB,Barbados,1999,Latin America & Caribbean,Blue-bond/debt conversion case,creditor_conversion,0,0,0,0,0,0,0,0,0,1,0,,,,,,,,,,,,,,,,,,,,,,,,,,,,,,,,,,,,,,,,,,,,,,,,,,,,,
BRB,Barbados,2000,Latin America & Caribbean,Blue-bond/debt conversion case,creditor_conversion,0,0,0,0,0,0,0,0,0,1,0,,,,,,,,,,,,,,,,,,,,,,,,,,,,,,,,,,,,,,,,,,,,,,,,,,,,,
BRB,Barbados,2001,Latin America & Caribbean,Blue-bond/debt conversion case,creditor_conversion,0,0,0,0,0,0,0,0,0,1,0,,,,,,,,,,,,,,,,,,,,,,,,,,,,,,,,,,,,,,,,,,,,,,,,,,,,,
BRB,Barbados,2002,Latin America & Caribbean,Blue-bond/debt conversion case,creditor_conversion,0,0,0,0,0,0,0,0,0,1,0,,,,,,,,,,,,,,,,,,,,,,,,,,,,,,,,,,,,,,,,,,,,,,,,,,,,,
BRB,Barbados,2003,Latin America & Caribbean,Blue-bond/debt conversion case,creditor_conversion,0,0,0,0,0,0,0,0,0,1,0,,,,,,,,,,,,,,,,,,,,,,,,,,,,,,,,,,,,,,,,,,,,,,,,,,,,,
BRB,Barbados,2004,Latin America & Caribbean,Blue-bond/debt conversion case,creditor_conversion,0,0,0,0,0,0,0,0,0,1,0,,,,,,,,,,,,,,,,,,,,,,,,,,,,,,,,,,,,,,,,,,,,,,,,,,,,,
BRB,Barbados,2005,Latin America & Caribbean,Blue-bond/debt conversion case,creditor_conversion,0,0,0,0,0,0,0,0,0,1,0,,,,,,,,,,,,,,,,,,,,,,,,,,,,,,,,,,,,,,,,,,,,,,,,,,,,,
BRB,Barbados,2006,Latin America & Caribbean,Blue-bond/debt conversion case,creditor_conversion,0,0,0,0,0,0,0,0,0,1,0,,,,,,,,,,,,,,,,,,,,,,,,,,,,,,,,,,,,,,,,,,,,,,,,,,,,,
BRB,Barbados,2007,Latin America & Caribbean,Blue-bond/debt conversion case,creditor_conversion,0,0,0,0,0,0,0,0,0,1,0,,,,,,,,,,,,,,,,,,,,,,,,,,,,,,,,,,,,,,,,,,,,,,,,,,,,,
BRB,Barbados,2008,Latin America & Caribbean,Blue-bond/debt conversion case,creditor_conversion,0,0,0,0,0,0,0,0,0,1,0,,,,,,,,,,,,,,,,,,,,,,,,,,,,,,,,,,,,,,,,,,,,,,,,,,,,,
BRB,Barbados,2009,Latin America & Caribbean,Blue-bond/debt conversion case,creditor_conversion,0,0,0,0,0,0,0,0,0,1,0,,,,,,,,,,,,,,,,,,,,,,,,,,,,,,,,,,,,,,,,,,,,,,,,,,,,,
BRB,Barbados,2010,Latin America & Caribbean,Blue-bond/debt conversion case,creditor_conversion,0,0,0,0,0,0,0,0,0,1,0,,,,,,,,,,,,,,,,,,,,,,,,,,,,,,,,,,,,,,,,,,,,,,,,,,,,,
BRB,Barbados,2011,Latin America & Caribbean,Blue-bond/debt conversion case,creditor_conversion,0,0,0,0,0,0,0,0,0,1,0,,,,,,,,,,,,,,,,,,,,,,,,,,,,,,,,,,,,,,,,,,,,,,,,,,,,,
BRB,Barbados,2012,Latin America & Caribbean,Blue-bond/debt conversion case,creditor_conversion,0,0,0,0,0,0,0,0,0,1,0,,,,,,,,,,,,,,,,,,,,,,,,,,,,,,,,,,,,,,,,,,,,,,,,,,,,,
BRB,Barbados,2013,Latin America & Caribbean,Blue-bond/debt conversion case,creditor_conversion,0,0,0,0,0,0,0,0,0,1,0,,,,,,,,,,,,,,,,,,,,,,,,,,,,,,,,,,,,,,,,,,,,,,,,,,,,,
BRB,Barbados,2014,Latin America & Caribbean,Blue-bond/debt conversion case,creditor_conversion,0,0,0,0,0,0,0,0,0,1,0,,,,,,,,,,,,,,,,,,,,,,,,,,,,,,,,,,,,,,,,,,,,,,,,,,,,,
BRB,Barbados,2015,Latin America & Caribbean,Blue-bond/debt conversion case,creditor_conversion,0,0,0,0,0,0,0,0,0,1,0,,,,,,,,,,,,,,,,,,,,,,,,,,,,,,,,,,,,,,,,,,,,,,,,,,,,,
BRB,Barbados,2016,Latin America & Caribbean,Blue-bond/debt conversion case,creditor_conversion,0,0,0,0,0,0,0,0,0,1,0,,,,,,,,,,,,,,,,,,,,,,,,,,,,,,,,,,,,,,,,,,,,,,,,,,,,,
BRB,Barbados,2017,Latin America & Caribbean,Blue-bond/debt conversion case,creditor_conversion,0,0,0,0,0,0,0,0,0,1,0,,,,,,,,,,,,,,,,,,,,,,,,,,,,,,,,,,,,,,,,,,,,,,,,,,,,,
BRB,Barbados,2018,Latin America & Caribbean,Blue-bond/debt conversion case,creditor_conversion,0,0,0,0,0,0,0,0,0,1,0,,,,,,,,,,,,,,,,,,,,,,,,,,,,,,,,,,,,,,,,,,,,,,,,,,,,,
BRB,Barbados,2019,Latin America & Caribbean,Blue-bond/debt conversion case,creditor_conversion,0,0,0,0,0,0,0,0,0,1,0,,,,,,,,,,,,,,,,,,,,,,,,,,,,,,,,,,,,,,,,,,,,,,,,,,,,,
BRB,Barbados,2020,Latin America & Caribbean,Blue-bond/debt conversion case,creditor_conversion,0,0,0,0,0,0,0,0,0,1,0,,,,,,,,,,,,,,,,,,,,,,,,,,,,,,,,,,,,,,,,,,,,,,,,,,,,,
BRB,Barbados,2021,Latin America & Caribbean,Blue-bond/debt conversion case,creditor_conversion,0,0,0,0,0,0,0,0,0,1,0,,,,,,,,,,,,,,,,,,,,,,,,,,,,,,,,,,,,,,,,,,,,,,,,,,,,,
BRB,Barbados,2022,Latin America & Caribbean,Blue-bond/debt conversion case,creditor_conversion,0,0,0,0,0,0,0,0,0,1,0,,,,,,,,,,,,,,,,,,,,,,,,,,,,,,,,,,,,,,,,,,,,,,,,,,,,,
BRB,Barbados,2023,Latin America & Caribbean,Blue-bond/debt conversion case,creditor_conversion,0,0,0,0,0,0,0,0,0,1,0,,,,,,,,,,,,,,,,,,,,,,,,,,,,,,,,,,,,,,,,,,,,,,,,,,,,,
BRB,Barbados,2024,Latin America & Caribbean,Blue-bond/debt conversion case,creditor_conversion,0,0,0,0,0,0,0,0,0,1,0,,,,,,,,,,,,,,,,,,,,,,,,,,,,,,,,,,,,,,,,,,,,,,,,,,,,,
BRB,Barbados,2025,Latin America & Caribbean,Blue-bond/debt conversion case,creditor_conversion,0,0,0,0,0,0,0,0,0,1,0,,,,,,,,,,,,,,,,,,,,,,,,,,,,,,,,,,,,,,,,,,,,,,,,,,,,,
ECU,Ecuador,1980,Latin America & Caribbean,Debt-for-nature conversion case,creditor_conversion,0,0,0,0,0,0,0,0,0,1,0,,,,,,,,,,,,,,,,,,,,,,,,,,,,,,,,,,,,,,,,,,,,,,,,,,,,,
ECU,Ecuador,1981,Latin America & Caribbean,Debt-for-nature conversion case,creditor_conversion,0,0,0,0,0,0,0,0,0,1,0,,,,,,,,,,,,,,,,,,,,,,,,,,,,,,,,,,,,,,,,,,,,,,,,,,,,,
ECU,Ecuador,1982,Latin America & Caribbean,Debt-for-nature conversion case,creditor_conversion,0,0,0,0,0,0,0,0,0,1,0,,,,,,,,,,,,,,,,,,,,,,,,,,,,,,,,,,,,,,,,,,,,,,,,,,,,,
ECU,Ecuador,1983,Latin America & Caribbean,Debt-for-nature conversion case,creditor_conversion,0,0,0,0,0,0,0,0,0,1,0,,,,,,,,,,,,,,,,,,,,,,,,,,,,,,,,,,,,,,,,,,,,,,,,,,,,,
ECU,Ecuador,1984,Latin America & Caribbean,Debt-for-nature conversion case,creditor_conversion,0,0,0,0,0,0,0,0,0,1,0,,,,,,,,,,,,,,,,,,,,,,,,,,,,,,,,,,,,,,,,,,,,,,,,,,,,,
ECU,Ecuador,1985,Latin America & Caribbean,Debt-for-nature conversion case,creditor_conversion,0,0,0,0,0,0,0,0,0,1,0,,,,,,,,,,,,,,,,,,,,,,,,,,,,,,,,,,,,,,,,,,,,,,,,,,,,,
ECU,Ecuador,1986,Latin America & Caribbean,Debt-for-nature conversion case,creditor_conversion,0,0,0,0,0,0,0,0,0,1,0,,,,,,,,,,,,,,,,,,,,,,,,,,,,,,,,,,,,,,,,,,,,,,,,,,,,,
ECU,Ecuador,1987,Latin America & Caribbean,Debt-for-nature conversion case,creditor_conversion,0,0,0,0,0,0,0,0,0,1,0,,,,,,,,,,,,,,,,,,,,,,,,,,,,,,,,,,,,,,,,,,,,,,,,,,,,,
ECU,Ecuador,1988,Latin America & Caribbean,Debt-for-nature conversion case,creditor_conversion,0,0,0,0,0,0,0,0,0,1,0,,,,,,,,,,,,,,,,,,,,,,,,,,,,,,,,,,,,,,,,,,,,,,,,,,,,,
ECU,Ecuador,1989,Latin America & Caribbean,Debt-for-nature conversion case,creditor_conversion,0,0,0,0,0,0,0,0,0,1,0,,,,,,,,,,,,,,,,,,,,,,,,,,,,,,,,,,,,,,,,,,,,,,,,,,,,,
ECU,Ecuador,1990,Latin America & Caribbean,Debt-for-nature conversion case,creditor_conversion,0,0,0,0,0,0,0,0,0,1,0,,,,,,,,,,,,,,,,,,,,,,,,,,,,,,,,,,,,,,,,,,,,,,,,,,,,,
ECU,Ecuador,1991,Latin America & Caribbean,Debt-for-nature conversion case,creditor_conversion,0,0,0,0,0,0,0,0,0,1,0,,,,,,,,,,,,,,,,,,,,,,,,,,,,,,,,,,,,,,,,,,,,,,,,,,,,,
ECU,Ecuador,1992,Latin America & Caribbean,Debt-for-nature conversion case,creditor_conversion,0,0,0,0,0,0,0,0,0,1,0,,,,,,,,,,,,,,,,,,,,,,,,,,,,,,,,,,,,,,,,,,,,,,,,,,,,,
ECU,Ecuador,1993,Latin America & Caribbean,Debt-for-nature conversion case,creditor_conversion,0,0,0,0,0,0,0,0,0,1,0,,,,,,,,,,,,,,,,,,,,,,,,,,,,,,,,,,,,,,,,,,,,,,,,,,,,,
ECU,Ecuador,1994,Latin America & Caribbean,Debt-for-nature conversion case,creditor_conversion,0,0,0,0,0,0,0,0,0,1,0,,,,,,,,,,,,,,,,,,,,,,,,,,,,,,,,,,,,,,,,,,,,,,,,,,,,,
ECU,Ecuador,1995,Latin America & Caribbean,Debt-for-nature conversion case,creditor_conversion,0,0,0,0,0,0,0,0,0,1,0,,,,,,,,,,,,,,,,,,,,,,,,,,,,,,,,,,,,,,,,,,,,,,,,,,,,,
ECU,Ecuador,1996,Latin America & Caribbean,Debt-for-nature conversion case,creditor_conversion,0,0,0,0,0,0,0,0,0,1,0,,,,,,,,,,,,,,,,,,,,,,,,,,,,,,,,,,,,,,,,,,,,,,,,,,,,,
ECU,Ecuador,1997,Latin America & Caribbean,Debt-for-nature conversion case,creditor_conversion,0,0,0,0,0,0,0,0,0,1,0,,,,,,,,,,,,,,,,,,,,,,,,,,,,,,,,,,,,,,,,,,,,,,,,,,,,,
ECU,Ecuador,1998,Latin America & Caribbean,Debt-for-nature conversion case,creditor_conversion,0,0,0,0,0,0,0,0,0,1,0,,,,,,,,,,,,,,,,,,,,,,,,,,,,,,,,,,,,,,,,,,,,,,,,,,,,,
ECU,Ecuador,1999,Latin America & Caribbean,Debt-for-nature conversion case,creditor_conversion,0,0,0,0,0,0,0,0,0,1,0,,,,,,,,,,,,,,,,,,,,,,,,,,,,,,,,,,,,,,,,,,,,,,,,,,,,,
ECU,Ecuador,2000,Latin America & Caribbean,Debt-for-nature conversion case,creditor_conversion,0,0,0,0,0,0,0,0,0,1,0,,,,,,,,,,,,,,,,,,,,,,,,,,,,,,,,,,,,,,,,,,,,,,,,,,,,,
ECU,Ecuador,2001,Latin America & Caribbean,Debt-for-nature conversion case,creditor_conversion,0,0,0,0,0,0,0,0,0,1,0,,,,,,,,,,,,,,,,,,,,,,,,,,,,,,,,,,,,,,,,,,,,,,,,,,,,,
ECU,Ecuador,2002,Latin America & Caribbean,Debt-for-nature conversion case,creditor_conversion,0,0,0,0,0,0,0,0,0,1,0,,,,,,,,,,,,,,,,,,,,,,,,,,,,,,,,,,,,,,,,,,,,,,,,,,,,,
ECU,Ecuador,2003,Latin America & Caribbean,Debt-for-nature conversion case,creditor_conversion,0,0,0,0,0,0,0,0,0,1,0,,,,,,,,,,,,,,,,,,,,,,,,,,,,,,,,,,,,,,,,,,,,,,,,,,,,,
ECU,Ecuador,2004,Latin America & Caribbean,Debt-for-nature conversion case,creditor_conversion,0,0,0,0,0,0,0,0,0,1,0,,,,,,,,,,,,,,,,,,,,,,,,,,,,,,,,,,,,,,,,,,,,,,,,,,,,,
ECU,Ecuador,2005,Latin America & Caribbean,Debt-for-nature conversion case,creditor_conversion,0,0,0,0,0,0,0,0,0,1,0,,,,,,,,,,,,,,,,,,,,,,,,,,,,,,,,,,,,,,,,,,,,,,,,,,,,,
ECU,Ecuador,2006,Latin America & Caribbean,Debt-for-nature conversion case,creditor_conversion,0,0,0,0,0,0,0,0,0,1,0,,,,,,,,,,,,,,,,,,,,,,,,,,,,,,,,,,,,,,,,,,,,,,,,,,,,,
ECU,Ecuador,2007,Latin America & Caribbean,Debt-for-nature conversion case,creditor_conversion,0,0,0,0,0,0,0,0,0,1,0,,,,,,,,,,,,,,,,,,,,,,,,,,,,,,,,,,,,,,,,,,,,,,,,,,,,,
ECU,Ecuador,2008,Latin America & Caribbean,Debt-for-nature conversion case,creditor_conversion,0,0,0,0,0,0,0,0,0,1,0,,,,,,,,,,,,,,,,,,,,,,,,,,,,,,,,,,,,,,,,,,,,,,,,,,,,,
ECU,Ecuador,2009,Latin America & Caribbean,Debt-for-nature conversion case,creditor_conversion,0,0,0,0,0,0,0,0,0,1,0,,,,,,,,,,,,,,,,,,,,,,,,,,,,,,,,,,,,,,,,,,,,,,,,,,,,,
ECU,Ecuador,2010,Latin America & Caribbean,Debt-for-nature conversion case,creditor_conversion,0,0,0,0,0,0,0,0,0,1,0,,,,,,,,,,,,,,,,,,,,,,,,,,,,,,,,,,,,,,,,,,,,,,,,,,,,,
ECU,Ecuador,2011,Latin America & Caribbean,Debt-for-nature conversion case,creditor_conversion,0,0,0,0,0,0,0,0,0,1,0,,,,,,,,,,,,,,,,,,,,,,,,,,,,,,,,,,,,,,,,,,,,,,,,,,,,,
ECU,Ecuador,2012,Latin America & Caribbean,Debt-for-nature conversion case,creditor_conversion,0,0,0,0,0,0,0,0,0,1,0,,,,,,,,,,,,,,,,,,,,,,,,,,,,,,,,,,,,,,,,,,,,,,,,,,,,,
ECU,Ecuador,2013,Latin America & Caribbean,Debt-for-nature conversion case,creditor_conversion,0,0,0,0,0,0,0,0,0,1,0,,,,,,,,,,,,,,,,,,,,,,,,,,,,,,,,,,,,,,,,,,,,,,,,,,,,,
ECU,Ecuador,2014,Latin America & Caribbean,Debt-for-nature conversion case,creditor_conversion,0,0,0,0,0,0,0,0,0,1,0,,,,,,,,,,,,,,,,,,,,,,,,,,,,,,,,,,,,,,,,,,,,,,,,,,,,,
ECU,Ecuador,2015,Latin America & Caribbean,Debt-for-nature conversion case,creditor_conversion,0,0,0,0,0,0,0,0,0,1,0,,,,,,,,,,,,,,,,,,,,,,,,,,,,,,,,,,,,,,,,,,,,,,,,,,,,,
ECU,Ecuador,2016,Latin America & Caribbean,Debt-for-nature conversion case,creditor_conversion,0,0,0,0,0,0,0,0,0,1,0,,,,,,,,,,,,,,,,,,,,,,,,,,,,,,,,,,,,,,,,,,,,,,,,,,,,,
ECU,Ecuador,2017,Latin America & Caribbean,Debt-for-nature conversion case,creditor_conversion,0,0,0,0,0,0,0,0,0,1,0,,,,,,,,,,,,,,,,,,,,,,,,,,,,,,,,,,,,,,,,,,,,,,,,,,,,,
ECU,Ecuador,2018,Latin America & Caribbean,Debt-for-nature conversion case,creditor_conversion,0,0,0,0,0,0,0,0,0,1,0,,,,,,,,,,,,,,,,,,,,,,,,,,,,,,,,,,,,,,,,,,,,,,,,,,,,,
ECU,Ecuador,2019,Latin America & Caribbean,Debt-for-nature conversion case,creditor_conversion,0,0,0,0,0,0,0,0,0,1,0,,,,,,,,,,,,,,,,,,,,,,,,,,,,,,,,,,,,,,,,,,,,,,,,,,,,,
ECU,Ecuador,2020,Latin America & Caribbean,Debt-for-nature conversion case,creditor_conversion,0,0,0,0,0,0,0,0,0,1,0,,,,,,,,,,,,,,,,,,,,,,,,,,,,,,,,,,,,,,,,,,,,,,,,,,,,,
ECU,Ecuador,2021,Latin America & Caribbean,Debt-for-nature conversion case,creditor_conversion,0,0,0,0,0,0,0,0,0,1,0,,,,,,,,,,,,,,,,,,,,,,,,,,,,,,,,,,,,,,,,,,,,,,,,,,,,,
ECU,Ecuador,2022,Latin America & Caribbean,Debt-for-nature conversion case,creditor_conversion,0,0,0,0,0,0,0,0,0,1,0,,,,,,,,,,,,,,,,,,,,,,,,,,,,,,,,,,,,,,,,,,,,,,,,,,,,,
ECU,Ecuador,2023,Latin America & Caribbean,Debt-for-nature conversion case,creditor_conversion,0,0,0,0,0,0,0,0,0,1,0,,,,,,,,,,,,,,,,,,,,,,,,,,,,,,,,,,,,,,,,,,,,,,,,,,,,,
ECU,Ecuador,2024,Latin America & Caribbean,Debt-for-nature conversion case,creditor_conversion,0,0,0,0,0,0,0,0,0,1,0,,,,,,,,,,,,,,,,,,,,,,,,,,,,,,,,,,,,,,,,,,,,,,,,,,,,,
ECU,Ecuador,2025,Latin America & Caribbean,Debt-for-nature conversion case,creditor_conversion,0,0,0,0,0,0,0,0,0,1,0,,,,,,,,,,,,,,,,,,,,,,,,,,,,,,,,,,,,,,,,,,,,,,,,,,,,,
SGP,Singapore,1980,East Asia & Pacific,Small-state strategic reserves/capacity benchmark,strategic_conversion,0,0,0,0,0,1,0,0,0,0,0,,,,,,,,,,,,,,,,,,,,,,,,,,,,,,,,,,,,,,,,,,,,,,,,,,,,,
SGP,Singapore,1981,East Asia & Pacific,Small-state strategic reserves/capacity benchmark,strategic_conversion,0,0,0,0,0,1,0,0,0,0,0,,,,,,,,,,,,,,,,,,,,,,,,,,,,,,,,,,,,,,,,,,,,,,,,,,,,,
SGP,Singapore,1982,East Asia & Pacific,Small-state strategic reserves/capacity benchmark,strategic_conversion,0,0,0,0,0,1,0,0,0,0,0,,,,,,,,,,,,,,,,,,,,,,,,,,,,,,,,,,,,,,,,,,,,,,,,,,,,,
SGP,Singapore,1983,East Asia & Pacific,Small-state strategic reserves/capacity benchmark,strategic_conversion,0,0,0,0,0,1,0,0,0,0,0,,,,,,,,,,,,,,,,,,,,,,,,,,,,,,,,,,,,,,,,,,,,,,,,,,,,,
SGP,Singapore,1984,East Asia & Pacific,Small-state strategic reserves/capacity benchmark,strategic_conversion,0,0,0,0,0,1,0,0,0,0,0,,,,,,,,,,,,,,,,,,,,,,,,,,,,,,,,,,,,,,,,,,,,,,,,,,,,,
SGP,Singapore,1985,East Asia & Pacific,Small-state strategic reserves/capacity benchmark,strategic_conversion,0,0,0,0,0,1,0,0,0,0,0,,,,,,,,,,,,,,,,,,,,,,,,,,,,,,,,,,,,,,,,,,,,,,,,,,,,,
SGP,Singapore,1986,East Asia & Pacific,Small-state strategic reserves/capacity benchmark,strategic_conversion,0,0,0,0,0,1,0,0,0,0,0,,,,,,,,,,,,,,,,,,,,,,,,,,,,,,,,,,,,,,,,,,,,,,,,,,,,,
SGP,Singapore,1987,East Asia & Pacific,Small-state strategic reserves/capacity benchmark,strategic_conversion,0,0,0,0,0,1,0,0,0,0,0,,,,,,,,,,,,,,,,,,,,,,,,,,,,,,,,,,,,,,,,,,,,,,,,,,,,,
SGP,Singapore,1988,East Asia & Pacific,Small-state strategic reserves/capacity benchmark,strategic_conversion,0,0,0,0,0,1,0,0,0,0,0,,,,,,,,,,,,,,,,,,,,,,,,,,,,,,,,,,,,,,,,,,,,,,,,,,,,,
SGP,Singapore,1989,East Asia & Pacific,Small-state strategic reserves/capacity benchmark,strategic_conversion,0,0,0,0,0,1,0,0,0,0,0,,,,,,,,,,,,,,,,,,,,,,,,,,,,,,,,,,,,,,,,,,,,,,,,,,,,,
SGP,Singapore,1990,East Asia & Pacific,Small-state strategic reserves/capacity benchmark,strategic_conversion,0,0,0,0,0,1,0,0,0,0,0,,,,,,,,,,,,,,,,,,,,,,,,,,,,,,,,,,,,,,,,,,,,,,,,,,,,,
SGP,Singapore,1991,East Asia & Pacific,Small-state strategic reserves/capacity benchmark,strategic_conversion,0,0,0,0,0,1,0,0,0,0,0,,,,,,,,,,,,,,,,,,,,,,,,,,,,,,,,,,,,,,,,,,,,,,,,,,,,,
SGP,Singapore,1992,East Asia & Pacific,Small-state strategic reserves/capacity benchmark,strategic_conversion,0,0,0,0,0,1,0,0,0,0,0,,,,,,,,,,,,,,,,,,,,,,,,,,,,,,,,,,,,,,,,,,,,,,,,,,,,,
SGP,Singapore,1993,East Asia & Pacific,Small-state strategic reserves/capacity benchmark,strategic_conversion,0,0,0,0,0,1,0,0,0,0,0,,,,,,,,,,,,,,,,,,,,,,,,,,,,,,,,,,,,,,,,,,,,,,,,,,,,,
SGP,Singapore,1994,East Asia & Pacific,Small-state strategic reserves/capacity benchmark,strategic_conversion,0,0,0,0,0,1,0,0,0,0,0,,,,,,,,,,,,,,,,,,,,,,,,,,,,,,,,,,,,,,,,,,,,,,,,,,,,,
SGP,Singapore,1995,East Asia & Pacific,Small-state strategic reserves/capacity benchmark,strategic_conversion,0,0,0,0,0,1,0,0,0,0,0,,,,,,,,,,,,,,,,,,,,,,,,,,,,,,,,,,,,,,,,,,,,,,,,,,,,,
SGP,Singapore,1996,East Asia & Pacific,Small-state strategic reserves/capacity benchmark,strategic_conversion,0,0,0,0,0,1,0,0,0,0,0,,,,,,,,,,,,,,,,,,,,,,,,,,,,,,,,,,,,,,,,,,,,,,,,,,,,,
SGP,Singapore,1997,East Asia & Pacific,Small-state strategic reserves/capacity benchmark,strategic_conversion,0,0,0,0,0,1,0,0,0,0,0,,,,,,,,,,,,,,,,,,,,,,,,,,,,,,,,,,,,,,,,,,,,,,,,,,,,,
SGP,Singapore,1998,East Asia & Pacific,Small-state strategic reserves/capacity benchmark,strategic_conversion,0,0,0,0,0,1,0,0,0,0,0,,,,,,,,,,,,,,,,,,,,,,,,,,,,,,,,,,,,,,,,,,,,,,,,,,,,,
SGP,Singapore,1999,East Asia & Pacific,Small-state strategic reserves/capacity benchmark,strategic_conversion,0,0,0,0,0,1,0,0,0,0,0,,,,,,,,,,,,,,,,,,,,,,,,,,,,,,,,,,,,,,,,,,,,,,,,,,,,,
SGP,Singapore,2000,East Asia & Pacific,Small-state strategic reserves/capacity benchmark,strategic_conversion,0,0,0,0,0,1,0,0,0,0,0,,,,,,,,,,,,,,,,,,,,,,,,,,,,,,,,,,,,,,,,,,,,,,,,,,,,,
SGP,Singapore,2001,East Asia & Pacific,Small-state strategic reserves/capacity benchmark,strategic_conversion,0,0,0,0,0,1,0,0,0,0,0,,,,,,,,,,,,,,,,,,,,,,,,,,,,,,,,,,,,,,,,,,,,,,,,,,,,,
SGP,Singapore,2002,East Asia & Pacific,Small-state strategic reserves/capacity benchmark,strategic_conversion,0,0,0,0,0,1,0,0,0,0,0,,,,,,,,,,,,,,,,,,,,,,,,,,,,,,,,,,,,,,,,,,,,,,,,,,,,,
SGP,Singapore,2003,East Asia & Pacific,Small-state strategic reserves/capacity benchmark,strategic_conversion,0,0,0,0,0,1,0,0,0,0,0,,,,,,,,,,,,,,,,,,,,,,,,,,,,,,,,,,,,,,,,,,,,,,,,,,,,,
SGP,Singapore,2004,East Asia & Pacific,Small-state strategic reserves/capacity benchmark,strategic_conversion,0,0,0,0,0,1,0,0,0,0,0,,,,,,,,,,,,,,,,,,,,,,,,,,,,,,,,,,,,,,,,,,,,,,,,,,,,,
SGP,Singapore,2005,East Asia & Pacific,Small-state strategic reserves/capacity benchmark,strategic_conversion,0,0,0,0,0,1,0,0,0,0,0,,,,,,,,,,,,,,,,,,,,,,,,,,,,,,,,,,,,,,,,,,,,,,,,,,,,,
SGP,Singapore,2006,East Asia & Pacific,Small-state strategic reserves/capacity benchmark,strategic_conversion,0,0,0,0,0,1,0,0,0,0,0,,,,,,,,,,,,,,,,,,,,,,,,,,,,,,,,,,,,,,,,,,,,,,,,,,,,,
SGP,Singapore,2007,East Asia & Pacific,Small-state strategic reserves/capacity benchmark,strategic_conversion,0,0,0,0,0,1,0,0,0,0,0,,,,,,,,,,,,,,,,,,,,,,,,,,,,,,,,,,,,,,,,,,,,,,,,,,,,,
SGP,Singapore,2008,East Asia & Pacific,Small-state strategic reserves/capacity benchmark,strategic_conversion,0,0,0,0,0,1,0,0,0,0,0,,,,,,,,,,,,,,,,,,,,,,,,,,,,,,,,,,,,,,,,,,,,,,,,,,,,,
SGP,Singapore,2009,East Asia & Pacific,Small-state strategic reserves/capacity benchmark,strategic_conversion,0,0,0,0,0,1,0,0,0,0,0,,,,,,,,,,,,,,,,,,,,,,,,,,,,,,,,,,,,,,,,,,,,,,,,,,,,,
SGP,Singapore,2010,East Asia & Pacific,Small-state strategic reserves/capacity benchmark,strategic_conversion,0,0,0,0,0,1,0,0,0,0,0,,,,,,,,,,,,,,,,,,,,,,,,,,,,,,,,,,,,,,,,,,,,,,,,,,,,,
SGP,Singapore,2011,East Asia & Pacific,Small-state strategic reserves/capacity benchmark,strategic_conversion,0,0,0,0,0,1,0,0,0,0,0,,,,,,,,,,,,,,,,,,,,,,,,,,,,,,,,,,,,,,,,,,,,,,,,,,,,,
SGP,Singapore,2012,East Asia & Pacific,Small-state strategic reserves/capacity benchmark,strategic_conversion,0,0,0,0,0,1,0,0,0,0,0,,,,,,,,,,,,,,,,,,,,,,,,,,,,,,,,,,,,,,,,,,,,,,,,,,,,,
SGP,Singapore,2013,East Asia & Pacific,Small-state strategic reserves/capacity benchmark,strategic_conversion,0,0,0,0,0,1,0,0,0,0,0,,,,,,,,,,,,,,,,,,,,,,,,,,,,,,,,,,,,,,,,,,,,,,,,,,,,,
SGP,Singapore,2014,East Asia & Pacific,Small-state strategic reserves/capacity benchmark,strategic_conversion,0,0,0,0,0,1,0,0,0,0,0,,,,,,,,,,,,,,,,,,,,,,,,,,,,,,,,,,,,,,,,,,,,,,,,,,,,,
SGP,Singapore,2015,East Asia & Pacific,Small-state strategic reserves/capacity benchmark,strategic_conversion,0,0,0,0,0,1,0,0,0,0,0,,,,,,,,,,,,,,,,,,,,,,,,,,,,,,,,,,,,,,,,,,,,,,,,,,,,,
SGP,Singapore,2016,East Asia & Pacific,Small-state strategic reserves/capacity benchmark,strategic_conversion,0,0,0,0,0,1,0,0,0,0,0,,,,,,,,,,,,,,,,,,,,,,,,,,,,,,,,,,,,,,,,,,,,,,,,,,,,,
SGP,Singapore,2017,East Asia & Pacific,Small-state strategic reserves/capacity benchmark,strategic_conversion,0,0,0,0,0,1,0,0,0,0,0,,,,,,,,,,,,,,,,,,,,,,,,,,,,,,,,,,,,,,,,,,,,,,,,,,,,,
SGP,Singapore,2018,East Asia & Pacific,Small-state strategic reserves/capacity benchmark,strategic_conversion,0,0,0,0,0,1,0,0,0,0,0,,,,,,,,,,,,,,,,,,,,,,,,,,,,,,,,,,,,,,,,,,,,,,,,,,,,,
SGP,Singapore,2019,East Asia & Pacific,Small-state strategic reserves/capacity benchmark,strategic_conversion,0,0,0,0,0,1,0,0,0,0,0,,,,,,,,,,,,,,,,,,,,,,,,,,,,,,,,,,,,,,,,,,,,,,,,,,,,,
SGP,Singapore,2020,East Asia & Pacific,Small-state strategic reserves/capacity benchmark,strategic_conversion,0,0,0,0,0,1,0,0,0,0,0,,,,,,,,,,,,,,,,,,,,,,,,,,,,,,,,,,,,,,,,,,,,,,,,,,,,,
SGP,Singapore,2021,East Asia & Pacific,Small-state strategic reserves/capacity benchmark,strategic_conversion,0,0,0,0,0,1,0,0,0,0,0,,,,,,,,,,,,,,,,,,,,,,,,,,,,,,,,,,,,,,,,,,,,,,,,,,,,,
SGP,Singapore,2022,East Asia & Pacific,Small-state strategic reserves/capacity benchmark,strategic_conversion,0,0,0,0,0,1,0,0,0,0,0,,,,,,,,,,,,,,,,,,,,,,,,,,,,,,,,,,,,,,,,,,,,,,,,,,,,,
SGP,Singapore,2023,East Asia & Pacific,Small-state strategic reserves/capacity benchmark,strategic_conversion,0,0,0,0,0,1,0,0,0,0,0,,,,,,,,,,,,,,,,,,,,,,,,,,,,,,,,,,,,,,,,,,,,,,,,,,,,,
SGP,Singapore,2024,East Asia & Pacific,Small-state strategic reserves/capacity benchmark,strategic_conversion,0,0,0,0,0,1,0,0,0,0,0,,,,,,,,,,,,,,,,,,,,,,,,,,,,,,,,,,,,,,,,,,,,,,,,,,,,,
SGP,Singapore,2025,East Asia & Pacific,Small-state strategic reserves/capacity benchmark,strategic_conversion,0,0,0,0,0,1,0,0,0,0,0,,,,,,,,,,,,,,,,,,,,,,,,,,,,,,,,,,,,,,,,,,,,,,,,,,,,,
KOR,South Korea,1980,East Asia & Pacific,Developmental-state conversion case,strategic_conversion,0,0,0,0,0,1,0,0,0,0,0,,,,,,,,,,,,,,,,,,,,,,,,,,,,,,,,,,,,,,,,,,,,,,,,,,,,,
KOR,South Korea,1981,East Asia & Pacific,Developmental-state conversion case,strategic_conversion,0,0,0,0,0,1,0,0,0,0,0,,,,,,,,,,,,,,,,,,,,,,,,,,,,,,,,,,,,,,,,,,,,,,,,,,,,,
KOR,South Korea,1982,East Asia & Pacific,Developmental-state conversion case,strategic_conversion,0,0,0,0,0,1,0,0,0,0,0,,,,,,,,,,,,,,,,,,,,,,,,,,,,,,,,,,,,,,,,,,,,,,,,,,,,,
KOR,South Korea,1983,East Asia & Pacific,Developmental-state conversion case,strategic_conversion,0,0,0,0,0,1,0,0,0,0,0,,,,,,,,,,,,,,,,,,,,,,,,,,,,,,,,,,,,,,,,,,,,,,,,,,,,,
KOR,South Korea,1984,East Asia & Pacific,Developmental-state conversion case,strategic_conversion,0,0,0,0,0,1,0,0,0,0,0,,,,,,,,,,,,,,,,,,,,,,,,,,,,,,,,,,,,,,,,,,,,,,,,,,,,,
KOR,South Korea,1985,East Asia & Pacific,Developmental-state conversion case,strategic_conversion,0,0,0,0,0,1,0,0,0,0,0,,,,,,,,,,,,,,,,,,,,,,,,,,,,,,,,,,,,,,,,,,,,,,,,,,,,,
KOR,South Korea,1986,East Asia & Pacific,Developmental-state conversion case,strategic_conversion,0,0,0,0,0,1,0,0,0,0,0,,,,,,,,,,,,,,,,,,,,,,,,,,,,,,,,,,,,,,,,,,,,,,,,,,,,,
KOR,South Korea,1987,East Asia & Pacific,Developmental-state conversion case,strategic_conversion,0,0,0,0,0,1,0,0,0,0,0,,,,,,,,,,,,,,,,,,,,,,,,,,,,,,,,,,,,,,,,,,,,,,,,,,,,,
KOR,South Korea,1988,East Asia & Pacific,Developmental-state conversion case,strategic_conversion,0,0,0,0,0,1,0,0,0,0,0,,,,,,,,,,,,,,,,,,,,,,,,,,,,,,,,,,,,,,,,,,,,,,,,,,,,,
KOR,South Korea,1989,East Asia & Pacific,Developmental-state conversion case,strategic_conversion,0,0,0,0,0,1,0,0,0,0,0,,,,,,,,,,,,,,,,,,,,,,,,,,,,,,,,,,,,,,,,,,,,,,,,,,,,,
KOR,South Korea,1990,East Asia & Pacific,Developmental-state conversion case,strategic_conversion,0,0,0,0,0,1,0,0,0,0,0,,,,,,,,,,,,,,,,,,,,,,,,,,,,,,,,,,,,,,,,,,,,,,,,,,,,,
KOR,South Korea,1991,East Asia & Pacific,Developmental-state conversion case,strategic_conversion,0,0,0,0,0,1,0,0,0,0,0,,,,,,,,,,,,,,,,,,,,,,,,,,,,,,,,,,,,,,,,,,,,,,,,,,,,,
KOR,South Korea,1992,East Asia & Pacific,Developmental-state conversion case,strategic_conversion,0,0,0,0,0,1,0,0,0,0,0,,,,,,,,,,,,,,,,,,,,,,,,,,,,,,,,,,,,,,,,,,,,,,,,,,,,,
KOR,South Korea,1993,East Asia & Pacific,Developmental-state conversion case,strategic_conversion,0,0,0,0,0,1,0,0,0,0,0,,,,,,,,,,,,,,,,,,,,,,,,,,,,,,,,,,,,,,,,,,,,,,,,,,,,,
KOR,South Korea,1994,East Asia & Pacific,Developmental-state conversion case,strategic_conversion,0,0,0,0,0,1,0,0,0,0,0,,,,,,,,,,,,,,,,,,,,,,,,,,,,,,,,,,,,,,,,,,,,,,,,,,,,,
KOR,South Korea,1995,East Asia & Pacific,Developmental-state conversion case,strategic_conversion,0,0,0,0,0,1,0,0,0,0,0,,,,,,,,,,,,,,,,,,,,,,,,,,,,,,,,,,,,,,,,,,,,,,,,,,,,,
KOR,South Korea,1996,East Asia & Pacific,Developmental-state conversion case,strategic_conversion,0,0,0,0,0,1,0,0,0,0,0,,,,,,,,,,,,,,,,,,,,,,,,,,,,,,,,,,,,,,,,,,,,,,,,,,,,,
KOR,South Korea,1997,East Asia & Pacific,Developmental-state conversion case,strategic_conversion,0,0,0,0,0,1,0,0,0,0,0,,,,,,,,,,,,,,,,,,,,,,,,,,,,,,,,,,,,,,,,,,,,,,,,,,,,,
KOR,South Korea,1998,East Asia & Pacific,Developmental-state conversion case,strategic_conversion,0,0,0,0,0,1,0,0,0,0,0,,,,,,,,,,,,,,,,,,,,,,,,,,,,,,,,,,,,,,,,,,,,,,,,,,,,,
KOR,South Korea,1999,East Asia & Pacific,Developmental-state conversion case,strategic_conversion,0,0,0,0,0,1,0,0,0,0,0,,,,,,,,,,,,,,,,,,,,,,,,,,,,,,,,,,,,,,,,,,,,,,,,,,,,,
KOR,South Korea,2000,East Asia & Pacific,Developmental-state conversion case,strategic_conversion,0,0,0,0,0,1,0,0,0,0,0,,,,,,,,,,,,,,,,,,,,,,,,,,,,,,,,,,,,,,,,,,,,,,,,,,,,,
KOR,South Korea,2001,East Asia & Pacific,Developmental-state conversion case,strategic_conversion,0,0,0,0,0,1,0,0,0,0,0,,,,,,,,,,,,,,,,,,,,,,,,,,,,,,,,,,,,,,,,,,,,,,,,,,,,,
KOR,South Korea,2002,East Asia & Pacific,Developmental-state conversion case,strategic_conversion,0,0,0,0,0,1,0,0,0,0,0,,,,,,,,,,,,,,,,,,,,,,,,,,,,,,,,,,,,,,,,,,,,,,,,,,,,,
KOR,South Korea,2003,East Asia & Pacific,Developmental-state conversion case,strategic_conversion,0,0,0,0,0,1,0,0,0,0,0,,,,,,,,,,,,,,,,,,,,,,,,,,,,,,,,,,,,,,,,,,,,,,,,,,,,,
KOR,South Korea,2004,East Asia & Pacific,Developmental-state conversion case,strategic_conversion,0,0,0,0,0,1,0,0,0,0,0,,,,,,,,,,,,,,,,,,,,,,,,,,,,,,,,,,,,,,,,,,,,,,,,,,,,,
KOR,South Korea,2005,East Asia & Pacific,Developmental-state conversion case,strategic_conversion,0,0,0,0,0,1,0,0,0,0,0,,,,,,,,,,,,,,,,,,,,,,,,,,,,,,,,,,,,,,,,,,,,,,,,,,,,,
KOR,South Korea,2006,East Asia & Pacific,Developmental-state conversion case,strategic_conversion,0,0,0,0,0,1,0,0,0,0,0,,,,,,,,,,,,,,,,,,,,,,,,,,,,,,,,,,,,,,,,,,,,,,,,,,,,,
KOR,South Korea,2007,East Asia & Pacific,Developmental-state conversion case,strategic_conversion,0,0,0,0,0,1,0,0,0,0,0,,,,,,,,,,,,,,,,,,,,,,,,,,,,,,,,,,,,,,,,,,,,,,,,,,,,,
KOR,South Korea,2008,East Asia & Pacific,Developmental-state conversion case,strategic_conversion,0,0,0,0,0,1,0,0,0,0,0,,,,,,,,,,,,,,,,,,,,,,,,,,,,,,,,,,,,,,,,,,,,,,,,,,,,,
KOR,South Korea,2009,East Asia & Pacific,Developmental-state conversion case,strategic_conversion,0,0,0,0,0,1,0,0,0,0,0,,,,,,,,,,,,,,,,,,,,,,,,,,,,,,,,,,,,,,,,,,,,,,,,,,,,,
KOR,South Korea,2010,East Asia & Pacific,Developmental-state conversion case,strategic_conversion,0,0,0,0,0,1,0,0,0,0,0,,,,,,,,,,,,,,,,,,,,,,,,,,,,,,,,,,,,,,,,,,,,,,,,,,,,,
KOR,South Korea,2011,East Asia & Pacific,Developmental-state conversion case,strategic_conversion,0,0,0,0,0,1,0,0,0,0,0,,,,,,,,,,,,,,,,,,,,,,,,,,,,,,,,,,,,,,,,,,,,,,,,,,,,,
KOR,South Korea,2012,East Asia & Pacific,Developmental-state conversion case,strategic_conversion,0,0,0,0,0,1,0,0,0,0,0,,,,,,,,,,,,,,,,,,,,,,,,,,,,,,,,,,,,,,,,,,,,,,,,,,,,,
KOR,South Korea,2013,East Asia & Pacific,Developmental-state conversion case,strategic_conversion,0,0,0,0,0,1,0,0,0,0,0,,,,,,,,,,,,,,,,,,,,,,,,,,,,,,,,,,,,,,,,,,,,,,,,,,,,,
KOR,South Korea,2014,East Asia & Pacific,Developmental-state conversion case,strategic_conversion,0,0,0,0,0,1,0,0,0,0,0,,,,,,,,,,,,,,,,,,,,,,,,,,,,,,,,,,,,,,,,,,,,,,,,,,,,,
KOR,South Korea,2015,East Asia & Pacific,Developmental-state conversion case,strategic_conversion,0,0,0,0,0,1,0,0,0,0,0,,,,,,,,,,,,,,,,,,,,,,,,,,,,,,,,,,,,,,,,,,,,,,,,,,,,,
KOR,South Korea,2016,East Asia & Pacific,Developmental-state conversion case,strategic_conversion,0,0,0,0,0,1,0,0,0,0,0,,,,,,,,,,,,,,,,,,,,,,,,,,,,,,,,,,,,,,,,,,,,,,,,,,,,,
KOR,South Korea,2017,East Asia & Pacific,Developmental-state conversion case,strategic_conversion,0,0,0,0,0,1,0,0,0,0,0,,,,,,,,,,,,,,,,,,,,,,,,,,,,,,,,,,,,,,,,,,,,,,,,,,,,,
KOR,South Korea,2018,East Asia & Pacific,Developmental-state conversion case,strategic_conversion,0,0,0,0,0,1,0,0,0,0,0,,,,,,,,,,,,,,,,,,,,,,,,,,,,,,,,,,,,,,,,,,,,,,,,,,,,,
KOR,South Korea,2019,East Asia & Pacific,Developmental-state conversion case,strategic_conversion,0,0,0,0,0,1,0,0,0,0,0,,,,,,,,,,,,,,,,,,,,,,,,,,,,,,,,,,,,,,,,,,,,,,,,,,,,,
KOR,South Korea,2020,East Asia & Pacific,Developmental-state conversion case,strategic_conversion,0,0,0,0,0,1,0,0,0,0,0,,,,,,,,,,,,,,,,,,,,,,,,,,,,,,,,,,,,,,,,,,,,,,,,,,,,,
KOR,South Korea,2021,East Asia & Pacific,Developmental-state conversion case,strategic_conversion,0,0,0,0,0,1,0,0,0,0,0,,,,,,,,,,,,,,,,,,,,,,,,,,,,,,,,,,,,,,,,,,,,,,,,,,,,,
KOR,South Korea,2022,East Asia & Pacific,Developmental-state conversion case,strategic_conversion,0,0,0,0,0,1,0,0,0,0,0,,,,,,,,,,,,,,,,,,,,,,,,,,,,,,,,,,,,,,,,,,,,,,,,,,,,,
KOR,South Korea,2023,East Asia & Pacific,Developmental-state conversion case,strategic_conversion,0,0,0,0,0,1,0,0,0,0,0,,,,,,,,,,,,,,,,,,,,,,,,,,,,,,,,,,,,,,,,,,,,,,,,,,,,,
KOR,South Korea,2024,East Asia & Pacific,Developmental-state conversion case,strategic_conversion,0,0,0,0,0,1,0,0,0,0,0,,,,,,,,,,,,,,,,,,,,,,,,,,,,,,,,,,,,,,,,,,,,,,,,,,,,,
KOR,South Korea,2025,East Asia & Pacific,Developmental-state conversion case,strategic_conversion,0,0,0,0,0,1,0,0,0,0,0,,,,,,,,,,,,,,,,,,,,,,,,,,,,,,,,,,,,,,,,,,,,,,,,,,,,,
QAT,Qatar,1980,Middle East & North Africa,Small-state energy/geoeconomic positioning,resource_conversion,0,0,0,0,1,0,0,0,0,0,0,,,,,,,,,,,,,,,,,,,,,,,,,,,,,,,,,,,,,,,,,,,,,,,,,,,,,
QAT,Qatar,1981,Middle East & North Africa,Small-state energy/geoeconomic positioning,resource_conversion,0,0,0,0,1,0,0,0,0,0,0,,,,,,,,,,,,,,,,,,,,,,,,,,,,,,,,,,,,,,,,,,,,,,,,,,,,,
QAT,Qatar,1982,Middle East & North Africa,Small-state energy/geoeconomic positioning,resource_conversion,0,0,0,0,1,0,0,0,0,0,0,,,,,,,,,,,,,,,,,,,,,,,,,,,,,,,,,,,,,,,,,,,,,,,,,,,,,
QAT,Qatar,1983,Middle East & North Africa,Small-state energy/geoeconomic positioning,resource_conversion,0,0,0,0,1,0,0,0,0,0,0,,,,,,,,,,,,,,,,,,,,,,,,,,,,,,,,,,,,,,,,,,,,,,,,,,,,,
QAT,Qatar,1984,Middle East & North Africa,Small-state energy/geoeconomic positioning,resource_conversion,0,0,0,0,1,0,0,0,0,0,0,,,,,,,,,,,,,,,,,,,,,,,,,,,,,,,,,,,,,,,,,,,,,,,,,,,,,
QAT,Qatar,1985,Middle East & North Africa,Small-state energy/geoeconomic positioning,resource_conversion,0,0,0,0,1,0,0,0,0,0,0,,,,,,,,,,,,,,,,,,,,,,,,,,,,,,,,,,,,,,,,,,,,,,,,,,,,,
QAT,Qatar,1986,Middle East & North Africa,Small-state energy/geoeconomic positioning,resource_conversion,0,0,0,0,1,0,0,0,0,0,0,,,,,,,,,,,,,,,,,,,,,,,,,,,,,,,,,,,,,,,,,,,,,,,,,,,,,
QAT,Qatar,1987,Middle East & North Africa,Small-state energy/geoeconomic positioning,resource_conversion,0,0,0,0,1,0,0,0,0,0,0,,,,,,,,,,,,,,,,,,,,,,,,,,,,,,,,,,,,,,,,,,,,,,,,,,,,,
QAT,Qatar,1988,Middle East & North Africa,Small-state energy/geoeconomic positioning,resource_conversion,0,0,0,0,1,0,0,0,0,0,0,,,,,,,,,,,,,,,,,,,,,,,,,,,,,,,,,,,,,,,,,,,,,,,,,,,,,
QAT,Qatar,1989,Middle East & North Africa,Small-state energy/geoeconomic positioning,resource_conversion,0,0,0,0,1,0,0,0,0,0,0,,,,,,,,,,,,,,,,,,,,,,,,,,,,,,,,,,,,,,,,,,,,,,,,,,,,,
QAT,Qatar,1990,Middle East & North Africa,Small-state energy/geoeconomic positioning,resource_conversion,0,0,0,0,1,0,0,0,0,0,0,,,,,,,,,,,,,,,,,,,,,,,,,,,,,,,,,,,,,,,,,,,,,,,,,,,,,
QAT,Qatar,1991,Middle East & North Africa,Small-state energy/geoeconomic positioning,resource_conversion,0,0,0,0,1,0,0,0,0,0,0,,,,,,,,,,,,,,,,,,,,,,,,,,,,,,,,,,,,,,,,,,,,,,,,,,,,,
QAT,Qatar,1992,Middle East & North Africa,Small-state energy/geoeconomic positioning,resource_conversion,0,0,0,0,1,0,0,0,0,0,0,,,,,,,,,,,,,,,,,,,,,,,,,,,,,,,,,,,,,,,,,,,,,,,,,,,,,
QAT,Qatar,1993,Middle East & North Africa,Small-state energy/geoeconomic positioning,resource_conversion,0,0,0,0,1,0,0,0,0,0,0,,,,,,,,,,,,,,,,,,,,,,,,,,,,,,,,,,,,,,,,,,,,,,,,,,,,,
QAT,Qatar,1994,Middle East & North Africa,Small-state energy/geoeconomic positioning,resource_conversion,0,0,0,0,1,0,0,0,0,0,0,,,,,,,,,,,,,,,,,,,,,,,,,,,,,,,,,,,,,,,,,,,,,,,,,,,,,
QAT,Qatar,1995,Middle East & North Africa,Small-state energy/geoeconomic positioning,resource_conversion,0,0,0,0,1,0,0,0,0,0,0,,,,,,,,,,,,,,,,,,,,,,,,,,,,,,,,,,,,,,,,,,,,,,,,,,,,,
QAT,Qatar,1996,Middle East & North Africa,Small-state energy/geoeconomic positioning,resource_conversion,0,0,0,0,1,0,0,0,0,0,0,,,,,,,,,,,,,,,,,,,,,,,,,,,,,,,,,,,,,,,,,,,,,,,,,,,,,
QAT,Qatar,1997,Middle East & North Africa,Small-state energy/geoeconomic positioning,resource_conversion,0,0,0,0,1,0,0,0,0,0,0,,,,,,,,,,,,,,,,,,,,,,,,,,,,,,,,,,,,,,,,,,,,,,,,,,,,,
QAT,Qatar,1998,Middle East & North Africa,Small-state energy/geoeconomic positioning,resource_conversion,0,0,0,0,1,0,0,0,0,0,0,,,,,,,,,,,,,,,,,,,,,,,,,,,,,,,,,,,,,,,,,,,,,,,,,,,,,
QAT,Qatar,1999,Middle East & North Africa,Small-state energy/geoeconomic positioning,resource_conversion,0,0,0,0,1,0,0,0,0,0,0,,,,,,,,,,,,,,,,,,,,,,,,,,,,,,,,,,,,,,,,,,,,,,,,,,,,,
QAT,Qatar,2000,Middle East & North Africa,Small-state energy/geoeconomic positioning,resource_conversion,0,0,0,0,1,0,0,0,0,0,0,,,,,,,,,,,,,,,,,,,,,,,,,,,,,,,,,,,,,,,,,,,,,,,,,,,,,
QAT,Qatar,2001,Middle East & North Africa,Small-state energy/geoeconomic positioning,resource_conversion,0,0,0,0,1,0,0,0,0,0,0,,,,,,,,,,,,,,,,,,,,,,,,,,,,,,,,,,,,,,,,,,,,,,,,,,,,,
QAT,Qatar,2002,Middle East & North Africa,Small-state energy/geoeconomic positioning,resource_conversion,0,0,0,0,1,0,0,0,0,0,0,,,,,,,,,,,,,,,,,,,,,,,,,,,,,,,,,,,,,,,,,,,,,,,,,,,,,
QAT,Qatar,2003,Middle East & North Africa,Small-state energy/geoeconomic positioning,resource_conversion,0,0,0,0,1,0,0,0,0,0,0,,,,,,,,,,,,,,,,,,,,,,,,,,,,,,,,,,,,,,,,,,,,,,,,,,,,,
QAT,Qatar,2004,Middle East & North Africa,Small-state energy/geoeconomic positioning,resource_conversion,0,0,0,0,1,0,0,0,0,0,0,,,,,,,,,,,,,,,,,,,,,,,,,,,,,,,,,,,,,,,,,,,,,,,,,,,,,
QAT,Qatar,2005,Middle East & North Africa,Small-state energy/geoeconomic positioning,resource_conversion,0,0,0,0,1,0,0,0,0,0,0,,,,,,,,,,,,,,,,,,,,,,,,,,,,,,,,,,,,,,,,,,,,,,,,,,,,,
QAT,Qatar,2006,Middle East & North Africa,Small-state energy/geoeconomic positioning,resource_conversion,0,0,0,0,1,0,0,0,0,0,0,,,,,,,,,,,,,,,,,,,,,,,,,,,,,,,,,,,,,,,,,,,,,,,,,,,,,
QAT,Qatar,2007,Middle East & North Africa,Small-state energy/geoeconomic positioning,resource_conversion,0,0,0,0,1,0,0,0,0,0,0,,,,,,,,,,,,,,,,,,,,,,,,,,,,,,,,,,,,,,,,,,,,,,,,,,,,,
QAT,Qatar,2008,Middle East & North Africa,Small-state energy/geoeconomic positioning,resource_conversion,0,0,0,0,1,0,0,0,0,0,0,,,,,,,,,,,,,,,,,,,,,,,,,,,,,,,,,,,,,,,,,,,,,,,,,,,,,
QAT,Qatar,2009,Middle East & North Africa,Small-state energy/geoeconomic positioning,resource_conversion,0,0,0,0,1,0,0,0,0,0,0,,,,,,,,,,,,,,,,,,,,,,,,,,,,,,,,,,,,,,,,,,,,,,,,,,,,,
QAT,Qatar,2010,Middle East & North Africa,Small-state energy/geoeconomic positioning,resource_conversion,0,0,0,0,1,0,0,0,0,0,0,,,,,,,,,,,,,,,,,,,,,,,,,,,,,,,,,,,,,,,,,,,,,,,,,,,,,
QAT,Qatar,2011,Middle East & North Africa,Small-state energy/geoeconomic positioning,resource_conversion,0,0,0,0,1,0,0,0,0,0,0,,,,,,,,,,,,,,,,,,,,,,,,,,,,,,,,,,,,,,,,,,,,,,,,,,,,,
QAT,Qatar,2012,Middle East & North Africa,Small-state energy/geoeconomic positioning,resource_conversion,0,0,0,0,1,0,0,0,0,0,0,,,,,,,,,,,,,,,,,,,,,,,,,,,,,,,,,,,,,,,,,,,,,,,,,,,,,
QAT,Qatar,2013,Middle East & North Africa,Small-state energy/geoeconomic positioning,resource_conversion,0,0,0,0,1,0,0,0,0,0,0,,,,,,,,,,,,,,,,,,,,,,,,,,,,,,,,,,,,,,,,,,,,,,,,,,,,,
QAT,Qatar,2014,Middle East & North Africa,Small-state energy/geoeconomic positioning,resource_conversion,0,0,0,0,1,0,0,0,0,0,0,,,,,,,,,,,,,,,,,,,,,,,,,,,,,,,,,,,,,,,,,,,,,,,,,,,,,
QAT,Qatar,2015,Middle East & North Africa,Small-state energy/geoeconomic positioning,resource_conversion,0,0,0,0,1,0,0,0,0,0,0,,,,,,,,,,,,,,,,,,,,,,,,,,,,,,,,,,,,,,,,,,,,,,,,,,,,,
QAT,Qatar,2016,Middle East & North Africa,Small-state energy/geoeconomic positioning,resource_conversion,0,0,0,0,1,0,0,0,0,0,0,,,,,,,,,,,,,,,,,,,,,,,,,,,,,,,,,,,,,,,,,,,,,,,,,,,,,
QAT,Qatar,2017,Middle East & North Africa,Small-state energy/geoeconomic positioning,resource_conversion,0,0,0,0,1,0,0,0,0,0,0,,,,,,,,,,,,,,,,,,,,,,,,,,,,,,,,,,,,,,,,,,,,,,,,,,,,,
QAT,Qatar,2018,Middle East & North Africa,Small-state energy/geoeconomic positioning,resource_conversion,0,0,0,0,1,0,0,0,0,0,0,,,,,,,,,,,,,,,,,,,,,,,,,,,,,,,,,,,,,,,,,,,,,,,,,,,,,
QAT,Qatar,2019,Middle East & North Africa,Small-state energy/geoeconomic positioning,resource_conversion,0,0,0,0,1,0,0,0,0,0,0,,,,,,,,,,,,,,,,,,,,,,,,,,,,,,,,,,,,,,,,,,,,,,,,,,,,,
QAT,Qatar,2020,Middle East & North Africa,Small-state energy/geoeconomic positioning,resource_conversion,0,0,0,0,1,0,0,0,0,0,0,,,,,,,,,,,,,,,,,,,,,,,,,,,,,,,,,,,,,,,,,,,,,,,,,,,,,
QAT,Qatar,2021,Middle East & North Africa,Small-state energy/geoeconomic positioning,resource_conversion,0,0,0,0,1,0,0,0,0,0,0,,,,,,,,,,,,,,,,,,,,,,,,,,,,,,,,,,,,,,,,,,,,,,,,,,,,,
QAT,Qatar,2022,Middle East & North Africa,Small-state energy/geoeconomic positioning,resource_conversion,0,0,0,0,1,0,0,0,0,0,0,,,,,,,,,,,,,,,,,,,,,,,,,,,,,,,,,,,,,,,,,,,,,,,,,,,,,
QAT,Qatar,2023,Middle East & North Africa,Small-state energy/geoeconomic positioning,resource_conversion,0,0,0,0,1,0,0,0,0,0,0,,,,,,,,,,,,,,,,,,,,,,,,,,,,,,,,,,,,,,,,,,,,,,,,,,,,,
QAT,Qatar,2024,Middle East & North Africa,Small-state energy/geoeconomic positioning,resource_conversion,0,0,0,0,1,0,0,0,0,0,0,,,,,,,,,,,,,,,,,,,,,,,,,,,,,,,,,,,,,,,,,,,,,,,,,,,,,
QAT,Qatar,2025,Middle East & North Africa,Small-state energy/geoeconomic positioning,resource_conversion,0,0,0,0,1,0,0,0,0,0,0,,,,,,,,,,,,,,,,,,,,,,,,,,,,,,,,,,,,,,,,,,,,,,,,,,,,,
MDV,Maldives,1980,South Asia,Small-island tourism/debt vulnerability case,vulnerability_trap_partial,0,0,0,0,0,0,0,1,0,0,0,,,,,,,,,,,,,,,,,,,,,,,,,,,,,,,,,,,,,,,,,,,,,,,,,,,,,
MDV,Maldives,1981,South Asia,Small-island tourism/debt vulnerability case,vulnerability_trap_partial,0,0,0,0,0,0,0,1,0,0,0,,,,,,,,,,,,,,,,,,,,,,,,,,,,,,,,,,,,,,,,,,,,,,,,,,,,,
MDV,Maldives,1982,South Asia,Small-island tourism/debt vulnerability case,vulnerability_trap_partial,0,0,0,0,0,0,0,1,0,0,0,,,,,,,,,,,,,,,,,,,,,,,,,,,,,,,,,,,,,,,,,,,,,,,,,,,,,
MDV,Maldives,1983,South Asia,Small-island tourism/debt vulnerability case,vulnerability_trap_partial,0,0,0,0,0,0,0,1,0,0,0,,,,,,,,,,,,,,,,,,,,,,,,,,,,,,,,,,,,,,,,,,,,,,,,,,,,,
MDV,Maldives,1984,South Asia,Small-island tourism/debt vulnerability case,vulnerability_trap_partial,0,0,0,0,0,0,0,1,0,0,0,,,,,,,,,,,,,,,,,,,,,,,,,,,,,,,,,,,,,,,,,,,,,,,,,,,,,
MDV,Maldives,1985,South Asia,Small-island tourism/debt vulnerability case,vulnerability_trap_partial,0,0,0,0,0,0,0,1,0,0,0,,,,,,,,,,,,,,,,,,,,,,,,,,,,,,,,,,,,,,,,,,,,,,,,,,,,,
MDV,Maldives,1986,South Asia,Small-island tourism/debt vulnerability case,vulnerability_trap_partial,0,0,0,0,0,0,0,1,0,0,0,,,,,,,,,,,,,,,,,,,,,,,,,,,,,,,,,,,,,,,,,,,,,,,,,,,,,
MDV,Maldives,1987,South Asia,Small-island tourism/debt vulnerability case,vulnerability_trap_partial,0,0,0,0,0,0,0,1,0,0,0,,,,,,,,,,,,,,,,,,,,,,,,,,,,,,,,,,,,,,,,,,,,,,,,,,,,,
MDV,Maldives,1988,South Asia,Small-island tourism/debt vulnerability case,vulnerability_trap_partial,0,0,0,0,0,0,0,1,0,0,0,,,,,,,,,,,,,,,,,,,,,,,,,,,,,,,,,,,,,,,,,,,,,,,,,,,,,
MDV,Maldives,1989,South Asia,Small-island tourism/debt vulnerability case,vulnerability_trap_partial,0,0,0,0,0,0,0,1,0,0,0,,,,,,,,,,,,,,,,,,,,,,,,,,,,,,,,,,,,,,,,,,,,,,,,,,,,,
MDV,Maldives,1990,South Asia,Small-island tourism/debt vulnerability case,vulnerability_trap_partial,0,0,0,0,0,0,0,1,0,0,0,,,,,,,,,,,,,,,,,,,,,,,,,,,,,,,,,,,,,,,,,,,,,,,,,,,,,
MDV,Maldives,1991,South Asia,Small-island tourism/debt vulnerability case,vulnerability_trap_partial,0,0,0,0,0,0,0,1,0,0,0,,,,,,,,,,,,,,,,,,,,,,,,,,,,,,,,,,,,,,,,,,,,,,,,,,,,,
MDV,Maldives,1992,South Asia,Small-island tourism/debt vulnerability case,vulnerability_trap_partial,0,0,0,0,0,0,0,1,0,0,0,,,,,,,,,,,,,,,,,,,,,,,,,,,,,,,,,,,,,,,,,,,,,,,,,,,,,
MDV,Maldives,1993,South Asia,Small-island tourism/debt vulnerability case,vulnerability_trap_partial,0,0,0,0,0,0,0,1,0,0,0,,,,,,,,,,,,,,,,,,,,,,,,,,,,,,,,,,,,,,,,,,,,,,,,,,,,,
MDV,Maldives,1994,South Asia,Small-island tourism/debt vulnerability case,vulnerability_trap_partial,0,0,0,0,0,0,0,1,0,0,0,,,,,,,,,,,,,,,,,,,,,,,,,,,,,,,,,,,,,,,,,,,,,,,,,,,,,
MDV,Maldives,1995,South Asia,Small-island tourism/debt vulnerability case,vulnerability_trap_partial,0,0,0,0,0,0,0,1,0,0,0,,,,,,,,,,,,,,,,,,,,,,,,,,,,,,,,,,,,,,,,,,,,,,,,,,,,,
MDV,Maldives,1996,South Asia,Small-island tourism/debt vulnerability case,vulnerability_trap_partial,0,0,0,0,0,0,0,1,0,0,0,,,,,,,,,,,,,,,,,,,,,,,,,,,,,,,,,,,,,,,,,,,,,,,,,,,,,
MDV,Maldives,1997,South Asia,Small-island tourism/debt vulnerability case,vulnerability_trap_partial,0,0,0,0,0,0,0,1,0,0,0,,,,,,,,,,,,,,,,,,,,,,,,,,,,,,,,,,,,,,,,,,,,,,,,,,,,,
MDV,Maldives,1998,South Asia,Small-island tourism/debt vulnerability case,vulnerability_trap_partial,0,0,0,0,0,0,0,1,0,0,0,,,,,,,,,,,,,,,,,,,,,,,,,,,,,,,,,,,,,,,,,,,,,,,,,,,,,
MDV,Maldives,1999,South Asia,Small-island tourism/debt vulnerability case,vulnerability_trap_partial,0,0,0,0,0,0,0,1,0,0,0,,,,,,,,,,,,,,,,,,,,,,,,,,,,,,,,,,,,,,,,,,,,,,,,,,,,,
MDV,Maldives,2000,South Asia,Small-island tourism/debt vulnerability case,vulnerability_trap_partial,0,0,0,0,0,0,0,1,0,0,0,,,,,,,,,,,,,,,,,,,,,,,,,,,,,,,,,,,,,,,,,,,,,,,,,,,,,
MDV,Maldives,2001,South Asia,Small-island tourism/debt vulnerability case,vulnerability_trap_partial,0,0,0,0,0,0,0,1,0,0,0,,,,,,,,,,,,,,,,,,,,,,,,,,,,,,,,,,,,,,,,,,,,,,,,,,,,,
MDV,Maldives,2002,South Asia,Small-island tourism/debt vulnerability case,vulnerability_trap_partial,0,0,0,0,0,0,0,1,0,0,0,,,,,,,,,,,,,,,,,,,,,,,,,,,,,,,,,,,,,,,,,,,,,,,,,,,,,
MDV,Maldives,2003,South Asia,Small-island tourism/debt vulnerability case,vulnerability_trap_partial,0,0,0,0,0,0,0,1,0,0,0,,,,,,,,,,,,,,,,,,,,,,,,,,,,,,,,,,,,,,,,,,,,,,,,,,,,,
MDV,Maldives,2004,South Asia,Small-island tourism/debt vulnerability case,vulnerability_trap_partial,0,0,0,0,0,0,0,1,0,0,0,,,,,,,,,,,,,,,,,,,,,,,,,,,,,,,,,,,,,,,,,,,,,,,,,,,,,
MDV,Maldives,2005,South Asia,Small-island tourism/debt vulnerability case,vulnerability_trap_partial,0,0,0,0,0,0,0,1,0,0,0,,,,,,,,,,,,,,,,,,,,,,,,,,,,,,,,,,,,,,,,,,,,,,,,,,,,,
MDV,Maldives,2006,South Asia,Small-island tourism/debt vulnerability case,vulnerability_trap_partial,0,0,0,0,0,0,0,1,0,0,0,,,,,,,,,,,,,,,,,,,,,,,,,,,,,,,,,,,,,,,,,,,,,,,,,,,,,
MDV,Maldives,2007,South Asia,Small-island tourism/debt vulnerability case,vulnerability_trap_partial,0,0,0,0,0,0,0,1,0,0,0,,,,,,,,,,,,,,,,,,,,,,,,,,,,,,,,,,,,,,,,,,,,,,,,,,,,,
MDV,Maldives,2008,South Asia,Small-island tourism/debt vulnerability case,vulnerability_trap_partial,0,0,0,0,0,0,0,1,0,0,0,,,,,,,,,,,,,,,,,,,,,,,,,,,,,,,,,,,,,,,,,,,,,,,,,,,,,
MDV,Maldives,2009,South Asia,Small-island tourism/debt vulnerability case,vulnerability_trap_partial,0,0,0,0,0,0,0,1,0,0,0,,,,,,,,,,,,,,,,,,,,,,,,,,,,,,,,,,,,,,,,,,,,,,,,,,,,,
MDV,Maldives,2010,South Asia,Small-island tourism/debt vulnerability case,vulnerability_trap_partial,0,0,0,0,0,0,0,1,0,0,0,,,,,,,,,,,,,,,,,,,,,,,,,,,,,,,,,,,,,,,,,,,,,,,,,,,,,
MDV,Maldives,2011,South Asia,Small-island tourism/debt vulnerability case,vulnerability_trap_partial,0,0,0,0,0,0,0,1,0,0,0,,,,,,,,,,,,,,,,,,,,,,,,,,,,,,,,,,,,,,,,,,,,,,,,,,,,,
MDV,Maldives,2012,South Asia,Small-island tourism/debt vulnerability case,vulnerability_trap_partial,0,0,0,0,0,0,0,1,0,0,0,,,,,,,,,,,,,,,,,,,,,,,,,,,,,,,,,,,,,,,,,,,,,,,,,,,,,
MDV,Maldives,2013,South Asia,Small-island tourism/debt vulnerability case,vulnerability_trap_partial,0,0,0,0,0,0,0,1,0,0,0,,,,,,,,,,,,,,,,,,,,,,,,,,,,,,,,,,,,,,,,,,,,,,,,,,,,,
MDV,Maldives,2014,South Asia,Small-island tourism/debt vulnerability case,vulnerability_trap_partial,0,0,0,0,0,0,0,1,0,0,0,,,,,,,,,,,,,,,,,,,,,,,,,,,,,,,,,,,,,,,,,,,,,,,,,,,,,
MDV,Maldives,2015,South Asia,Small-island tourism/debt vulnerability case,vulnerability_trap_partial,0,0,0,0,0,0,0,1,0,0,0,,,,,,,,,,,,,,,,,,,,,,,,,,,,,,,,,,,,,,,,,,,,,,,,,,,,,
MDV,Maldives,2016,South Asia,Small-island tourism/debt vulnerability case,vulnerability_trap_partial,0,0,0,0,0,0,0,1,0,0,0,,,,,,,,,,,,,,,,,,,,,,,,,,,,,,,,,,,,,,,,,,,,,,,,,,,,,
MDV,Maldives,2017,South Asia,Small-island tourism/debt vulnerability case,vulnerability_trap_partial,0,0,0,0,0,0,0,1,0,0,0,,,,,,,,,,,,,,,,,,,,,,,,,,,,,,,,,,,,,,,,,,,,,,,,,,,,,
MDV,Maldives,2018,South Asia,Small-island tourism/debt vulnerability case,vulnerability_trap_partial,0,0,0,0,0,0,0,1,0,0,0,,,,,,,,,,,,,,,,,,,,,,,,,,,,,,,,,,,,,,,,,,,,,,,,,,,,,
MDV,Maldives,2019,South Asia,Small-island tourism/debt vulnerability case,vulnerability_trap_partial,0,0,0,0,0,0,0,1,0,0,0,,,,,,,,,,,,,,,,,,,,,,,,,,,,,,,,,,,,,,,,,,,,,,,,,,,,,
MDV,Maldives,2020,South Asia,Small-island tourism/debt vulnerability case,vulnerability_trap_partial,0,0,0,0,0,0,0,1,0,0,0,,,,,,,,,,,,,,,,,,,,,,,,,,,,,,,,,,,,,,,,,,,,,,,,,,,,,
MDV,Maldives,2021,South Asia,Small-island tourism/debt vulnerability case,vulnerability_trap_partial,0,0,0,0,0,0,0,1,0,0,0,,,,,,,,,,,,,,,,,,,,,,,,,,,,,,,,,,,,,,,,,,,,,,,,,,,,,
MDV,Maldives,2022,South Asia,Small-island tourism/debt vulnerability case,vulnerability_trap_partial,0,0,0,0,0,0,0,1,0,0,0,,,,,,,,,,,,,,,,,,,,,,,,,,,,,,,,,,,,,,,,,,,,,,,,,,,,,
MDV,Maldives,2023,South Asia,Small-island tourism/debt vulnerability case,vulnerability_trap_partial,0,0,0,0,0,0,0,1,0,0,0,,,,,,,,,,,,,,,,,,,,,,,,,,,,,,,,,,,,,,,,,,,,,,,,,,,,,
MDV,Maldives,2024,South Asia,Small-island tourism/debt vulnerability case,vulnerability_trap_partial,0,0,0,0,0,0,0,1,0,0,0,,,,,,,,,,,,,,,,,,,,,,,,,,,,,,,,,,,,,,,,,,,,,,,,,,,,,
MDV,Maldives,2025,South Asia,Small-island tourism/debt vulnerability case,vulnerability_trap_partial,0,0,0,0,0,0,0,1,0,0,0,,,,,,,,,,,,,,,,,,,,,,,,,,,,,,,,,,,,,,,,,,,,,,,,,,,,,
JAM,Jamaica,1980,Latin America & Caribbean,Debt reform and fiscal rule case,reform_case,0,0,0,0,0,0,0,0,0,0,1,,,,,,,,,,,,,,,,,,,,,,,,,,,,,,,,,,,,,,,,,,,,,,,,,,,,,
JAM,Jamaica,1981,Latin America & Caribbean,Debt reform and fiscal rule case,reform_case,0,0,0,0,0,0,0,0,0,0,1,,,,,,,,,,,,,,,,,,,,,,,,,,,,,,,,,,,,,,,,,,,,,,,,,,,,,
JAM,Jamaica,1982,Latin America & Caribbean,Debt reform and fiscal rule case,reform_case,0,0,0,0,0,0,0,0,0,0,1,,,,,,,,,,,,,,,,,,,,,,,,,,,,,,,,,,,,,,,,,,,,,,,,,,,,,
JAM,Jamaica,1983,Latin America & Caribbean,Debt reform and fiscal rule case,reform_case,0,0,0,0,0,0,0,0,0,0,1,,,,,,,,,,,,,,,,,,,,,,,,,,,,,,,,,,,,,,,,,,,,,,,,,,,,,
JAM,Jamaica,1984,Latin America & Caribbean,Debt reform and fiscal rule case,reform_case,0,0,0,0,0,0,0,0,0,0,1,,,,,,,,,,,,,,,,,,,,,,,,,,,,,,,,,,,,,,,,,,,,,,,,,,,,,
JAM,Jamaica,1985,Latin America & Caribbean,Debt reform and fiscal rule case,reform_case,0,0,0,0,0,0,0,0,0,0,1,,,,,,,,,,,,,,,,,,,,,,,,,,,,,,,,,,,,,,,,,,,,,,,,,,,,,
JAM,Jamaica,1986,Latin America & Caribbean,Debt reform and fiscal rule case,reform_case,0,0,0,0,0,0,0,0,0,0,1,,,,,,,,,,,,,,,,,,,,,,,,,,,,,,,,,,,,,,,,,,,,,,,,,,,,,
JAM,Jamaica,1987,Latin America & Caribbean,Debt reform and fiscal rule case,reform_case,0,0,0,0,0,0,0,0,0,0,1,,,,,,,,,,,,,,,,,,,,,,,,,,,,,,,,,,,,,,,,,,,,,,,,,,,,,
JAM,Jamaica,1988,Latin America & Caribbean,Debt reform and fiscal rule case,reform_case,0,0,0,0,0,0,0,0,0,0,1,,,,,,,,,,,,,,,,,,,,,,,,,,,,,,,,,,,,,,,,,,,,,,,,,,,,,
JAM,Jamaica,1989,Latin America & Caribbean,Debt reform and fiscal rule case,reform_case,0,0,0,0,0,0,0,0,0,0,1,,,,,,,,,,,,,,,,,,,,,,,,,,,,,,,,,,,,,,,,,,,,,,,,,,,,,
JAM,Jamaica,1990,Latin America & Caribbean,Debt reform and fiscal rule case,reform_case,0,0,0,0,0,0,0,0,0,0,1,,,,,,,,,,,,,,,,,,,,,,,,,,,,,,,,,,,,,,,,,,,,,,,,,,,,,
JAM,Jamaica,1991,Latin America & Caribbean,Debt reform and fiscal rule case,reform_case,0,0,0,0,0,0,0,0,0,0,1,,,,,,,,,,,,,,,,,,,,,,,,,,,,,,,,,,,,,,,,,,,,,,,,,,,,,
JAM,Jamaica,1992,Latin America & Caribbean,Debt reform and fiscal rule case,reform_case,0,0,0,0,0,0,0,0,0,0,1,,,,,,,,,,,,,,,,,,,,,,,,,,,,,,,,,,,,,,,,,,,,,,,,,,,,,
JAM,Jamaica,1993,Latin America & Caribbean,Debt reform and fiscal rule case,reform_case,0,0,0,0,0,0,0,0,0,0,1,,,,,,,,,,,,,,,,,,,,,,,,,,,,,,,,,,,,,,,,,,,,,,,,,,,,,
JAM,Jamaica,1994,Latin America & Caribbean,Debt reform and fiscal rule case,reform_case,0,0,0,0,0,0,0,0,0,0,1,,,,,,,,,,,,,,,,,,,,,,,,,,,,,,,,,,,,,,,,,,,,,,,,,,,,,
JAM,Jamaica,1995,Latin America & Caribbean,Debt reform and fiscal rule case,reform_case,0,0,0,0,0,0,0,0,0,0,1,,,,,,,,,,,,,,,,,,,,,,,,,,,,,,,,,,,,,,,,,,,,,,,,,,,,,
JAM,Jamaica,1996,Latin America & Caribbean,Debt reform and fiscal rule case,reform_case,0,0,0,0,0,0,0,0,0,0,1,,,,,,,,,,,,,,,,,,,,,,,,,,,,,,,,,,,,,,,,,,,,,,,,,,,,,
JAM,Jamaica,1997,Latin America & Caribbean,Debt reform and fiscal rule case,reform_case,0,0,0,0,0,0,0,0,0,0,1,,,,,,,,,,,,,,,,,,,,,,,,,,,,,,,,,,,,,,,,,,,,,,,,,,,,,
JAM,Jamaica,1998,Latin America & Caribbean,Debt reform and fiscal rule case,reform_case,0,0,0,0,0,0,0,0,0,0,1,,,,,,,,,,,,,,,,,,,,,,,,,,,,,,,,,,,,,,,,,,,,,,,,,,,,,
JAM,Jamaica,1999,Latin America & Caribbean,Debt reform and fiscal rule case,reform_case,0,0,0,0,0,0,0,0,0,0,1,,,,,,,,,,,,,,,,,,,,,,,,,,,,,,,,,,,,,,,,,,,,,,,,,,,,,
JAM,Jamaica,2000,Latin America & Caribbean,Debt reform and fiscal rule case,reform_case,0,0,0,0,0,0,0,0,0,0,1,,,,,,,,,,,,,,,,,,,,,,,,,,,,,,,,,,,,,,,,,,,,,,,,,,,,,
JAM,Jamaica,2001,Latin America & Caribbean,Debt reform and fiscal rule case,reform_case,0,0,0,0,0,0,0,0,0,0,1,,,,,,,,,,,,,,,,,,,,,,,,,,,,,,,,,,,,,,,,,,,,,,,,,,,,,
JAM,Jamaica,2002,Latin America & Caribbean,Debt reform and fiscal rule case,reform_case,0,0,0,0,0,0,0,0,0,0,1,,,,,,,,,,,,,,,,,,,,,,,,,,,,,,,,,,,,,,,,,,,,,,,,,,,,,
JAM,Jamaica,2003,Latin America & Caribbean,Debt reform and fiscal rule case,reform_case,0,0,0,0,0,0,0,0,0,0,1,,,,,,,,,,,,,,,,,,,,,,,,,,,,,,,,,,,,,,,,,,,,,,,,,,,,,
JAM,Jamaica,2004,Latin America & Caribbean,Debt reform and fiscal rule case,reform_case,0,0,0,0,0,0,0,0,0,0,1,,,,,,,,,,,,,,,,,,,,,,,,,,,,,,,,,,,,,,,,,,,,,,,,,,,,,
JAM,Jamaica,2005,Latin America & Caribbean,Debt reform and fiscal rule case,reform_case,0,0,0,0,0,0,0,0,0,0,1,,,,,,,,,,,,,,,,,,,,,,,,,,,,,,,,,,,,,,,,,,,,,,,,,,,,,
JAM,Jamaica,2006,Latin America & Caribbean,Debt reform and fiscal rule case,reform_case,0,0,0,0,0,0,0,0,0,0,1,,,,,,,,,,,,,,,,,,,,,,,,,,,,,,,,,,,,,,,,,,,,,,,,,,,,,
JAM,Jamaica,2007,Latin America & Caribbean,Debt reform and fiscal rule case,reform_case,0,0,0,0,0,0,0,0,0,0,1,,,,,,,,,,,,,,,,,,,,,,,,,,,,,,,,,,,,,,,,,,,,,,,,,,,,,
JAM,Jamaica,2008,Latin America & Caribbean,Debt reform and fiscal rule case,reform_case,0,0,0,0,0,0,0,0,0,0,1,,,,,,,,,,,,,,,,,,,,,,,,,,,,,,,,,,,,,,,,,,,,,,,,,,,,,
JAM,Jamaica,2009,Latin America & Caribbean,Debt reform and fiscal rule case,reform_case,0,0,0,0,0,0,0,0,0,0,1,,,,,,,,,,,,,,,,,,,,,,,,,,,,,,,,,,,,,,,,,,,,,,,,,,,,,
JAM,Jamaica,2010,Latin America & Caribbean,Debt reform and fiscal rule case,reform_case,0,0,0,0,0,0,0,0,0,0,1,,,,,,,,,,,,,,,,,,,,,,,,,,,,,,,,,,,,,,,,,,,,,,,,,,,,,
JAM,Jamaica,2011,Latin America & Caribbean,Debt reform and fiscal rule case,reform_case,0,0,0,0,0,0,0,0,0,0,1,,,,,,,,,,,,,,,,,,,,,,,,,,,,,,,,,,,,,,,,,,,,,,,,,,,,,
JAM,Jamaica,2012,Latin America & Caribbean,Debt reform and fiscal rule case,reform_case,0,0,0,0,0,0,0,0,0,0,1,,,,,,,,,,,,,,,,,,,,,,,,,,,,,,,,,,,,,,,,,,,,,,,,,,,,,
JAM,Jamaica,2013,Latin America & Caribbean,Debt reform and fiscal rule case,reform_case,0,0,0,0,0,0,0,0,0,0,1,,,,,,,,,,,,,,,,,,,,,,,,,,,,,,,,,,,,,,,,,,,,,,,,,,,,,
JAM,Jamaica,2014,Latin America & Caribbean,Debt reform and fiscal rule case,reform_case,0,0,0,0,0,0,0,0,0,0,1,,,,,,,,,,,,,,,,,,,,,,,,,,,,,,,,,,,,,,,,,,,,,,,,,,,,,
JAM,Jamaica,2015,Latin America & Caribbean,Debt reform and fiscal rule case,reform_case,0,0,0,0,0,0,0,0,0,0,1,,,,,,,,,,,,,,,,,,,,,,,,,,,,,,,,,,,,,,,,,,,,,,,,,,,,,
JAM,Jamaica,2016,Latin America & Caribbean,Debt reform and fiscal rule case,reform_case,0,0,0,0,0,0,0,0,0,0,1,,,,,,,,,,,,,,,,,,,,,,,,,,,,,,,,,,,,,,,,,,,,,,,,,,,,,
JAM,Jamaica,2017,Latin America & Caribbean,Debt reform and fiscal rule case,reform_case,0,0,0,0,0,0,0,0,0,0,1,,,,,,,,,,,,,,,,,,,,,,,,,,,,,,,,,,,,,,,,,,,,,,,,,,,,,
JAM,Jamaica,2018,Latin America & Caribbean,Debt reform and fiscal rule case,reform_case,0,0,0,0,0,0,0,0,0,0,1,,,,,,,,,,,,,,,,,,,,,,,,,,,,,,,,,,,,,,,,,,,,,,,,,,,,,
JAM,Jamaica,2019,Latin America & Caribbean,Debt reform and fiscal rule case,reform_case,0,0,0,0,0,0,0,0,0,0,1,,,,,,,,,,,,,,,,,,,,,,,,,,,,,,,,,,,,,,,,,,,,,,,,,,,,,
JAM,Jamaica,2020,Latin America & Caribbean,Debt reform and fiscal rule case,reform_case,0,0,0,0,0,0,0,0,0,0,1,,,,,,,,,,,,,,,,,,,,,,,,,,,,,,,,,,,,,,,,,,,,,,,,,,,,,
JAM,Jamaica,2021,Latin America & Caribbean,Debt reform and fiscal rule case,reform_case,0,0,0,0,0,0,0,0,0,0,1,,,,,,,,,,,,,,,,,,,,,,,,,,,,,,,,,,,,,,,,,,,,,,,,,,,,,
JAM,Jamaica,2022,Latin America & Caribbean,Debt reform and fiscal rule case,reform_case,0,0,0,0,0,0,0,0,0,0,1,,,,,,,,,,,,,,,,,,,,,,,,,,,,,,,,,,,,,,,,,,,,,,,,,,,,,
JAM,Jamaica,2023,Latin America & Caribbean,Debt reform and fiscal rule case,reform_case,0,0,0,0,0,0,0,0,0,0,1,,,,,,,,,,,,,,,,,,,,,,,,,,,,,,,,,,,,,,,,,,,,,,,,,,,,,
JAM,Jamaica,2024,Latin America & Caribbean,Debt reform and fiscal rule case,reform_case,0,0,0,0,0,0,0,0,0,0,1,,,,,,,,,,,,,,,,,,,,,,,,,,,,,,,,,,,,,,,,,,,,,,,,,,,,,
JAM,Jamaica,2025,Latin America & Caribbean,Debt reform and fiscal rule case,reform_case,0,0,0,0,0,0,0,0,0,0,1,,,,,,,,,,,,,,,,,,,,,,,,,,,,,,,,,,,,,,,,,,,,,,,,,,,,,
VNM,Vietnam,1980,East Asia & Pacific,Export-industrial conversion case,strategic_transition,0,0,0,0,0,0,1,0,0,0,0,,,,,,,,,,,,,,,,,,,,,,,,,,,,,,,,,,,,,,,,,,,,,,,,,,,,,
VNM,Vietnam,1981,East Asia & Pacific,Export-industrial conversion case,strategic_transition,0,0,0,0,0,0,1,0,0,0,0,,,,,,,,,,,,,,,,,,,,,,,,,,,,,,,,,,,,,,,,,,,,,,,,,,,,,
VNM,Vietnam,1982,East Asia & Pacific,Export-industrial conversion case,strategic_transition,0,0,0,0,0,0,1,0,0,0,0,,,,,,,,,,,,,,,,,,,,,,,,,,,,,,,,,,,,,,,,,,,,,,,,,,,,,
VNM,Vietnam,1983,East Asia & Pacific,Export-industrial conversion case,strategic_transition,0,0,0,0,0,0,1,0,0,0,0,,,,,,,,,,,,,,,,,,,,,,,,,,,,,,,,,,,,,,,,,,,,,,,,,,,,,
VNM,Vietnam,1984,East Asia & Pacific,Export-industrial conversion case,strategic_transition,0,0,0,0,0,0,1,0,0,0,0,,,,,,,,,,,,,,,,,,,,,,,,,,,,,,,,,,,,,,,,,,,,,,,,,,,,,
VNM,Vietnam,1985,East Asia & Pacific,Export-industrial conversion case,strategic_transition,0,0,0,0,0,0,1,0,0,0,0,,,,,,,,,,,,,,,,,,,,,,,,,,,,,,,,,,,,,,,,,,,,,,,,,,,,,
VNM,Vietnam,1986,East Asia & Pacific,Export-industrial conversion case,strategic_transition,0,0,0,0,0,0,1,0,0,0,0,,,,,,,,,,,,,,,,,,,,,,,,,,,,,,,,,,,,,,,,,,,,,,,,,,,,,
VNM,Vietnam,1987,East Asia & Pacific,Export-industrial conversion case,strategic_transition,0,0,0,0,0,0,1,0,0,0,0,,,,,,,,,,,,,,,,,,,,,,,,,,,,,,,,,,,,,,,,,,,,,,,,,,,,,
VNM,Vietnam,1988,East Asia & Pacific,Export-industrial conversion case,strategic_transition,0,0,0,0,0,0,1,0,0,0,0,,,,,,,,,,,,,,,,,,,,,,,,,,,,,,,,,,,,,,,,,,,,,,,,,,,,,
VNM,Vietnam,1989,East Asia & Pacific,Export-industrial conversion case,strategic_transition,0,0,0,0,0,0,1,0,0,0,0,,,,,,,,,,,,,,,,,,,,,,,,,,,,,,,,,,,,,,,,,,,,,,,,,,,,,
VNM,Vietnam,1990,East Asia & Pacific,Export-industrial conversion case,strategic_transition,0,0,0,0,0,0,1,0,0,0,0,,,,,,,,,,,,,,,,,,,,,,,,,,,,,,,,,,,,,,,,,,,,,,,,,,,,,
VNM,Vietnam,1991,East Asia & Pacific,Export-industrial conversion case,strategic_transition,0,0,0,0,0,0,1,0,0,0,0,,,,,,,,,,,,,,,,,,,,,,,,,,,,,,,,,,,,,,,,,,,,,,,,,,,,,
VNM,Vietnam,1992,East Asia & Pacific,Export-industrial conversion case,strategic_transition,0,0,0,0,0,0,1,0,0,0,0,,,,,,,,,,,,,,,,,,,,,,,,,,,,,,,,,,,,,,,,,,,,,,,,,,,,,
VNM,Vietnam,1993,East Asia & Pacific,Export-industrial conversion case,strategic_transition,0,0,0,0,0,0,1,0,0,0,0,,,,,,,,,,,,,,,,,,,,,,,,,,,,,,,,,,,,,,,,,,,,,,,,,,,,,
VNM,Vietnam,1994,East Asia & Pacific,Export-industrial conversion case,strategic_transition,0,0,0,0,0,0,1,0,0,0,0,,,,,,,,,,,,,,,,,,,,,,,,,,,,,,,,,,,,,,,,,,,,,,,,,,,,,
VNM,Vietnam,1995,East Asia & Pacific,Export-industrial conversion case,strategic_transition,0,0,0,0,0,0,1,0,0,0,0,,,,,,,,,,,,,,,,,,,,,,,,,,,,,,,,,,,,,,,,,,,,,,,,,,,,,
VNM,Vietnam,1996,East Asia & Pacific,Export-industrial conversion case,strategic_transition,0,0,0,0,0,0,1,0,0,0,0,,,,,,,,,,,,,,,,,,,,,,,,,,,,,,,,,,,,,,,,,,,,,,,,,,,,,
VNM,Vietnam,1997,East Asia & Pacific,Export-industrial conversion case,strategic_transition,0,0,0,0,0,0,1,0,0,0,0,,,,,,,,,,,,,,,,,,,,,,,,,,,,,,,,,,,,,,,,,,,,,,,,,,,,,
VNM,Vietnam,1998,East Asia & Pacific,Export-industrial conversion case,strategic_transition,0,0,0,0,0,0,1,0,0,0,0,,,,,,,,,,,,,,,,,,,,,,,,,,,,,,,,,,,,,,,,,,,,,,,,,,,,,
VNM,Vietnam,1999,East Asia & Pacific,Export-industrial conversion case,strategic_transition,0,0,0,0,0,0,1,0,0,0,0,,,,,,,,,,,,,,,,,,,,,,,,,,,,,,,,,,,,,,,,,,,,,,,,,,,,,
VNM,Vietnam,2000,East Asia & Pacific,Export-industrial conversion case,strategic_transition,0,0,0,0,0,0,1,0,0,0,0,,,,,,,,,,,,,,,,,,,,,,,,,,,,,,,,,,,,,,,,,,,,,,,,,,,,,
VNM,Vietnam,2001,East Asia & Pacific,Export-industrial conversion case,strategic_transition,0,0,0,0,0,0,1,0,0,0,0,,,,,,,,,,,,,,,,,,,,,,,,,,,,,,,,,,,,,,,,,,,,,,,,,,,,,
VNM,Vietnam,2002,East Asia & Pacific,Export-industrial conversion case,strategic_transition,0,0,0,0,0,0,1,0,0,0,0,,,,,,,,,,,,,,,,,,,,,,,,,,,,,,,,,,,,,,,,,,,,,,,,,,,,,
VNM,Vietnam,2003,East Asia & Pacific,Export-industrial conversion case,strategic_transition,0,0,0,0,0,0,1,0,0,0,0,,,,,,,,,,,,,,,,,,,,,,,,,,,,,,,,,,,,,,,,,,,,,,,,,,,,,
VNM,Vietnam,2004,East Asia & Pacific,Export-industrial conversion case,strategic_transition,0,0,0,0,0,0,1,0,0,0,0,,,,,,,,,,,,,,,,,,,,,,,,,,,,,,,,,,,,,,,,,,,,,,,,,,,,,
VNM,Vietnam,2005,East Asia & Pacific,Export-industrial conversion case,strategic_transition,0,0,0,0,0,0,1,0,0,0,0,,,,,,,,,,,,,,,,,,,,,,,,,,,,,,,,,,,,,,,,,,,,,,,,,,,,,
VNM,Vietnam,2006,East Asia & Pacific,Export-industrial conversion case,strategic_transition,0,0,0,0,0,0,1,0,0,0,0,,,,,,,,,,,,,,,,,,,,,,,,,,,,,,,,,,,,,,,,,,,,,,,,,,,,,
VNM,Vietnam,2007,East Asia & Pacific,Export-industrial conversion case,strategic_transition,0,0,0,0,0,0,1,0,0,0,0,,,,,,,,,,,,,,,,,,,,,,,,,,,,,,,,,,,,,,,,,,,,,,,,,,,,,
VNM,Vietnam,2008,East Asia & Pacific,Export-industrial conversion case,strategic_transition,0,0,0,0,0,0,1,0,0,0,0,,,,,,,,,,,,,,,,,,,,,,,,,,,,,,,,,,,,,,,,,,,,,,,,,,,,,
VNM,Vietnam,2009,East Asia & Pacific,Export-industrial conversion case,strategic_transition,0,0,0,0,0,0,1,0,0,0,0,,,,,,,,,,,,,,,,,,,,,,,,,,,,,,,,,,,,,,,,,,,,,,,,,,,,,
VNM,Vietnam,2010,East Asia & Pacific,Export-industrial conversion case,strategic_transition,0,0,0,0,0,0,1,0,0,0,0,,,,,,,,,,,,,,,,,,,,,,,,,,,,,,,,,,,,,,,,,,,,,,,,,,,,,
VNM,Vietnam,2011,East Asia & Pacific,Export-industrial conversion case,strategic_transition,0,0,0,0,0,0,1,0,0,0,0,,,,,,,,,,,,,,,,,,,,,,,,,,,,,,,,,,,,,,,,,,,,,,,,,,,,,
VNM,Vietnam,2012,East Asia & Pacific,Export-industrial conversion case,strategic_transition,0,0,0,0,0,0,1,0,0,0,0,,,,,,,,,,,,,,,,,,,,,,,,,,,,,,,,,,,,,,,,,,,,,,,,,,,,,
VNM,Vietnam,2013,East Asia & Pacific,Export-industrial conversion case,strategic_transition,0,0,0,0,0,0,1,0,0,0,0,,,,,,,,,,,,,,,,,,,,,,,,,,,,,,,,,,,,,,,,,,,,,,,,,,,,,
VNM,Vietnam,2014,East Asia & Pacific,Export-industrial conversion case,strategic_transition,0,0,0,0,0,0,1,0,0,0,0,,,,,,,,,,,,,,,,,,,,,,,,,,,,,,,,,,,,,,,,,,,,,,,,,,,,,
VNM,Vietnam,2015,East Asia & Pacific,Export-industrial conversion case,strategic_transition,0,0,0,0,0,0,1,0,0,0,0,,,,,,,,,,,,,,,,,,,,,,,,,,,,,,,,,,,,,,,,,,,,,,,,,,,,,
VNM,Vietnam,2016,East Asia & Pacific,Export-industrial conversion case,strategic_transition,0,0,0,0,0,0,1,0,0,0,0,,,,,,,,,,,,,,,,,,,,,,,,,,,,,,,,,,,,,,,,,,,,,,,,,,,,,
VNM,Vietnam,2017,East Asia & Pacific,Export-industrial conversion case,strategic_transition,0,0,0,0,0,0,1,0,0,0,0,,,,,,,,,,,,,,,,,,,,,,,,,,,,,,,,,,,,,,,,,,,,,,,,,,,,,
VNM,Vietnam,2018,East Asia & Pacific,Export-industrial conversion case,strategic_transition,0,0,0,0,0,0,1,0,0,0,0,,,,,,,,,,,,,,,,,,,,,,,,,,,,,,,,,,,,,,,,,,,,,,,,,,,,,
VNM,Vietnam,2019,East Asia & Pacific,Export-industrial conversion case,strategic_transition,0,0,0,0,0,0,1,0,0,0,0,,,,,,,,,,,,,,,,,,,,,,,,,,,,,,,,,,,,,,,,,,,,,,,,,,,,,
VNM,Vietnam,2020,East Asia & Pacific,Export-industrial conversion case,strategic_transition,0,0,0,0,0,0,1,0,0,0,0,,,,,,,,,,,,,,,,,,,,,,,,,,,,,,,,,,,,,,,,,,,,,,,,,,,,,
VNM,Vietnam,2021,East Asia & Pacific,Export-industrial conversion case,strategic_transition,0,0,0,0,0,0,1,0,0,0,0,,,,,,,,,,,,,,,,,,,,,,,,,,,,,,,,,,,,,,,,,,,,,,,,,,,,,
VNM,Vietnam,2022,East Asia & Pacific,Export-industrial conversion case,strategic_transition,0,0,0,0,0,0,1,0,0,0,0,,,,,,,,,,,,,,,,,,,,,,,,,,,,,,,,,,,,,,,,,,,,,,,,,,,,,
VNM,Vietnam,2023,East Asia & Pacific,Export-industrial conversion case,strategic_transition,0,0,0,0,0,0,1,0,0,0,0,,,,,,,,,,,,,,,,,,,,,,,,,,,,,,,,,,,,,,,,,,,,,,,,,,,,,
VNM,Vietnam,2024,East Asia & Pacific,Export-industrial conversion case,strategic_transition,0,0,0,0,0,0,1,0,0,0,0,,,,,,,,,,,,,,,,,,,,,,,,,,,,,,,,,,,,,,,,,,,,,,,,,,,,,
VNM,Vietnam,2025,East Asia & Pacific,Export-industrial conversion case,strategic_transition,0,0,0,0,0,0,1,0,0,0,0,,,,,,,,,,,,,,,,,,,,,,,,,,,,,,,,,,,,,,,,,,,,,,,,,,,,,
THA,Thailand,1980,East Asia & Pacific,Tourism/export shock-resilience comparator,strategic_transition,0,0,0,0,0,0,1,0,0,0,0,,,,,,,,,,,,,,,,,,,,,,,,,,,,,,,,,,,,,,,,,,,,,,,,,,,,,
THA,Thailand,1981,East Asia & Pacific,Tourism/export shock-resilience comparator,strategic_transition,0,0,0,0,0,0,1,0,0,0,0,,,,,,,,,,,,,,,,,,,,,,,,,,,,,,,,,,,,,,,,,,,,,,,,,,,,,
THA,Thailand,1982,East Asia & Pacific,Tourism/export shock-resilience comparator,strategic_transition,0,0,0,0,0,0,1,0,0,0,0,,,,,,,,,,,,,,,,,,,,,,,,,,,,,,,,,,,,,,,,,,,,,,,,,,,,,
THA,Thailand,1983,East Asia & Pacific,Tourism/export shock-resilience comparator,strategic_transition,0,0,0,0,0,0,1,0,0,0,0,,,,,,,,,,,,,,,,,,,,,,,,,,,,,,,,,,,,,,,,,,,,,,,,,,,,,
THA,Thailand,1984,East Asia & Pacific,Tourism/export shock-resilience comparator,strategic_transition,0,0,0,0,0,0,1,0,0,0,0,,,,,,,,,,,,,,,,,,,,,,,,,,,,,,,,,,,,,,,,,,,,,,,,,,,,,
THA,Thailand,1985,East Asia & Pacific,Tourism/export shock-resilience comparator,strategic_transition,0,0,0,0,0,0,1,0,0,0,0,,,,,,,,,,,,,,,,,,,,,,,,,,,,,,,,,,,,,,,,,,,,,,,,,,,,,
THA,Thailand,1986,East Asia & Pacific,Tourism/export shock-resilience comparator,strategic_transition,0,0,0,0,0,0,1,0,0,0,0,,,,,,,,,,,,,,,,,,,,,,,,,,,,,,,,,,,,,,,,,,,,,,,,,,,,,
THA,Thailand,1987,East Asia & Pacific,Tourism/export shock-resilience comparator,strategic_transition,0,0,0,0,0,0,1,0,0,0,0,,,,,,,,,,,,,,,,,,,,,,,,,,,,,,,,,,,,,,,,,,,,,,,,,,,,,
THA,Thailand,1988,East Asia & Pacific,Tourism/export shock-resilience comparator,strategic_transition,0,0,0,0,0,0,1,0,0,0,0,,,,,,,,,,,,,,,,,,,,,,,,,,,,,,,,,,,,,,,,,,,,,,,,,,,,,
THA,Thailand,1989,East Asia & Pacific,Tourism/export shock-resilience comparator,strategic_transition,0,0,0,0,0,0,1,0,0,0,0,,,,,,,,,,,,,,,,,,,,,,,,,,,,,,,,,,,,,,,,,,,,,,,,,,,,,
THA,Thailand,1990,East Asia & Pacific,Tourism/export shock-resilience comparator,strategic_transition,0,0,0,0,0,0,1,0,0,0,0,,,,,,,,,,,,,,,,,,,,,,,,,,,,,,,,,,,,,,,,,,,,,,,,,,,,,
THA,Thailand,1991,East Asia & Pacific,Tourism/export shock-resilience comparator,strategic_transition,0,0,0,0,0,0,1,0,0,0,0,,,,,,,,,,,,,,,,,,,,,,,,,,,,,,,,,,,,,,,,,,,,,,,,,,,,,
THA,Thailand,1992,East Asia & Pacific,Tourism/export shock-resilience comparator,strategic_transition,0,0,0,0,0,0,1,0,0,0,0,,,,,,,,,,,,,,,,,,,,,,,,,,,,,,,,,,,,,,,,,,,,,,,,,,,,,
THA,Thailand,1993,East Asia & Pacific,Tourism/export shock-resilience comparator,strategic_transition,0,0,0,0,0,0,1,0,0,0,0,,,,,,,,,,,,,,,,,,,,,,,,,,,,,,,,,,,,,,,,,,,,,,,,,,,,,
THA,Thailand,1994,East Asia & Pacific,Tourism/export shock-resilience comparator,strategic_transition,0,0,0,0,0,0,1,0,0,0,0,,,,,,,,,,,,,,,,,,,,,,,,,,,,,,,,,,,,,,,,,,,,,,,,,,,,,
THA,Thailand,1995,East Asia & Pacific,Tourism/export shock-resilience comparator,strategic_transition,0,0,0,0,0,0,1,0,0,0,0,,,,,,,,,,,,,,,,,,,,,,,,,,,,,,,,,,,,,,,,,,,,,,,,,,,,,
THA,Thailand,1996,East Asia & Pacific,Tourism/export shock-resilience comparator,strategic_transition,0,0,0,0,0,0,1,0,0,0,0,,,,,,,,,,,,,,,,,,,,,,,,,,,,,,,,,,,,,,,,,,,,,,,,,,,,,
THA,Thailand,1997,East Asia & Pacific,Tourism/export shock-resilience comparator,strategic_transition,0,0,0,0,0,0,1,0,0,0,0,,,,,,,,,,,,,,,,,,,,,,,,,,,,,,,,,,,,,,,,,,,,,,,,,,,,,
THA,Thailand,1998,East Asia & Pacific,Tourism/export shock-resilience comparator,strategic_transition,0,0,0,0,0,0,1,0,0,0,0,,,,,,,,,,,,,,,,,,,,,,,,,,,,,,,,,,,,,,,,,,,,,,,,,,,,,
THA,Thailand,1999,East Asia & Pacific,Tourism/export shock-resilience comparator,strategic_transition,0,0,0,0,0,0,1,0,0,0,0,,,,,,,,,,,,,,,,,,,,,,,,,,,,,,,,,,,,,,,,,,,,,,,,,,,,,
THA,Thailand,2000,East Asia & Pacific,Tourism/export shock-resilience comparator,strategic_transition,0,0,0,0,0,0,1,0,0,0,0,,,,,,,,,,,,,,,,,,,,,,,,,,,,,,,,,,,,,,,,,,,,,,,,,,,,,
THA,Thailand,2001,East Asia & Pacific,Tourism/export shock-resilience comparator,strategic_transition,0,0,0,0,0,0,1,0,0,0,0,,,,,,,,,,,,,,,,,,,,,,,,,,,,,,,,,,,,,,,,,,,,,,,,,,,,,
THA,Thailand,2002,East Asia & Pacific,Tourism/export shock-resilience comparator,strategic_transition,0,0,0,0,0,0,1,0,0,0,0,,,,,,,,,,,,,,,,,,,,,,,,,,,,,,,,,,,,,,,,,,,,,,,,,,,,,
THA,Thailand,2003,East Asia & Pacific,Tourism/export shock-resilience comparator,strategic_transition,0,0,0,0,0,0,1,0,0,0,0,,,,,,,,,,,,,,,,,,,,,,,,,,,,,,,,,,,,,,,,,,,,,,,,,,,,,
THA,Thailand,2004,East Asia & Pacific,Tourism/export shock-resilience comparator,strategic_transition,0,0,0,0,0,0,1,0,0,0,0,,,,,,,,,,,,,,,,,,,,,,,,,,,,,,,,,,,,,,,,,,,,,,,,,,,,,
THA,Thailand,2005,East Asia & Pacific,Tourism/export shock-resilience comparator,strategic_transition,0,0,0,0,0,0,1,0,0,0,0,,,,,,,,,,,,,,,,,,,,,,,,,,,,,,,,,,,,,,,,,,,,,,,,,,,,,
THA,Thailand,2006,East Asia & Pacific,Tourism/export shock-resilience comparator,strategic_transition,0,0,0,0,0,0,1,0,0,0,0,,,,,,,,,,,,,,,,,,,,,,,,,,,,,,,,,,,,,,,,,,,,,,,,,,,,,
THA,Thailand,2007,East Asia & Pacific,Tourism/export shock-resilience comparator,strategic_transition,0,0,0,0,0,0,1,0,0,0,0,,,,,,,,,,,,,,,,,,,,,,,,,,,,,,,,,,,,,,,,,,,,,,,,,,,,,
THA,Thailand,2008,East Asia & Pacific,Tourism/export shock-resilience comparator,strategic_transition,0,0,0,0,0,0,1,0,0,0,0,,,,,,,,,,,,,,,,,,,,,,,,,,,,,,,,,,,,,,,,,,,,,,,,,,,,,
THA,Thailand,2009,East Asia & Pacific,Tourism/export shock-resilience comparator,strategic_transition,0,0,0,0,0,0,1,0,0,0,0,,,,,,,,,,,,,,,,,,,,,,,,,,,,,,,,,,,,,,,,,,,,,,,,,,,,,
THA,Thailand,2010,East Asia & Pacific,Tourism/export shock-resilience comparator,strategic_transition,0,0,0,0,0,0,1,0,0,0,0,,,,,,,,,,,,,,,,,,,,,,,,,,,,,,,,,,,,,,,,,,,,,,,,,,,,,
THA,Thailand,2011,East Asia & Pacific,Tourism/export shock-resilience comparator,strategic_transition,0,0,0,0,0,0,1,0,0,0,0,,,,,,,,,,,,,,,,,,,,,,,,,,,,,,,,,,,,,,,,,,,,,,,,,,,,,
THA,Thailand,2012,East Asia & Pacific,Tourism/export shock-resilience comparator,strategic_transition,0,0,0,0,0,0,1,0,0,0,0,,,,,,,,,,,,,,,,,,,,,,,,,,,,,,,,,,,,,,,,,,,,,,,,,,,,,
THA,Thailand,2013,East Asia & Pacific,Tourism/export shock-resilience comparator,strategic_transition,0,0,0,0,0,0,1,0,0,0,0,,,,,,,,,,,,,,,,,,,,,,,,,,,,,,,,,,,,,,,,,,,,,,,,,,,,,
THA,Thailand,2014,East Asia & Pacific,Tourism/export shock-resilience comparator,strategic_transition,0,0,0,0,0,0,1,0,0,0,0,,,,,,,,,,,,,,,,,,,,,,,,,,,,,,,,,,,,,,,,,,,,,,,,,,,,,
THA,Thailand,2015,East Asia & Pacific,Tourism/export shock-resilience comparator,strategic_transition,0,0,0,0,0,0,1,0,0,0,0,,,,,,,,,,,,,,,,,,,,,,,,,,,,,,,,,,,,,,,,,,,,,,,,,,,,,
THA,Thailand,2016,East Asia & Pacific,Tourism/export shock-resilience comparator,strategic_transition,0,0,0,0,0,0,1,0,0,0,0,,,,,,,,,,,,,,,,,,,,,,,,,,,,,,,,,,,,,,,,,,,,,,,,,,,,,
THA,Thailand,2017,East Asia & Pacific,Tourism/export shock-resilience comparator,strategic_transition,0,0,0,0,0,0,1,0,0,0,0,,,,,,,,,,,,,,,,,,,,,,,,,,,,,,,,,,,,,,,,,,,,,,,,,,,,,
THA,Thailand,2018,East Asia & Pacific,Tourism/export shock-resilience comparator,strategic_transition,0,0,0,0,0,0,1,0,0,0,0,,,,,,,,,,,,,,,,,,,,,,,,,,,,,,,,,,,,,,,,,,,,,,,,,,,,,
THA,Thailand,2019,East Asia & Pacific,Tourism/export shock-resilience comparator,strategic_transition,0,0,0,0,0,0,1,0,0,0,0,,,,,,,,,,,,,,,,,,,,,,,,,,,,,,,,,,,,,,,,,,,,,,,,,,,,,
THA,Thailand,2020,East Asia & Pacific,Tourism/export shock-resilience comparator,strategic_transition,0,0,0,0,0,0,1,0,0,0,0,,,,,,,,,,,,,,,,,,,,,,,,,,,,,,,,,,,,,,,,,,,,,,,,,,,,,
THA,Thailand,2021,East Asia & Pacific,Tourism/export shock-resilience comparator,strategic_transition,0,0,0,0,0,0,1,0,0,0,0,,,,,,,,,,,,,,,,,,,,,,,,,,,,,,,,,,,,,,,,,,,,,,,,,,,,,
THA,Thailand,2022,East Asia & Pacific,Tourism/export shock-resilience comparator,strategic_transition,0,0,0,0,0,0,1,0,0,0,0,,,,,,,,,,,,,,,,,,,,,,,,,,,,,,,,,,,,,,,,,,,,,,,,,,,,,
THA,Thailand,2023,East Asia & Pacific,Tourism/export shock-resilience comparator,strategic_transition,0,0,0,0,0,0,1,0,0,0,0,,,,,,,,,,,,,,,,,,,,,,,,,,,,,,,,,,,,,,,,,,,,,,,,,,,,,
THA,Thailand,2024,East Asia & Pacific,Tourism/export shock-resilience comparator,strategic_transition,0,0,0,0,0,0,1,0,0,0,0,,,,,,,,,,,,,,,,,,,,,,,,,,,,,,,,,,,,,,,,,,,,,,,,,,,,,
THA,Thailand,2025,East Asia & Pacific,Tourism/export shock-resilience comparator,strategic_transition,0,0,0,0,0,0,1,0,0,0,0,,,,,,,,,,,,,,,,,,,,,,,,,,,,,,,,,,,,,,,,,,,,,,,,,,,,,
PHL,Philippines,1980,East Asia & Pacific,Remittance/services resilience comparator,strategic_transition,0,0,0,0,0,0,1,0,0,0,0,,,,,,,,,,,,,,,,,,,,,,,,,,,,,,,,,,,,,,,,,,,,,,,,,,,,,
PHL,Philippines,1981,East Asia & Pacific,Remittance/services resilience comparator,strategic_transition,0,0,0,0,0,0,1,0,0,0,0,,,,,,,,,,,,,,,,,,,,,,,,,,,,,,,,,,,,,,,,,,,,,,,,,,,,,
PHL,Philippines,1982,East Asia & Pacific,Remittance/services resilience comparator,strategic_transition,0,0,0,0,0,0,1,0,0,0,0,,,,,,,,,,,,,,,,,,,,,,,,,,,,,,,,,,,,,,,,,,,,,,,,,,,,,
PHL,Philippines,1983,East Asia & Pacific,Remittance/services resilience comparator,strategic_transition,0,0,0,0,0,0,1,0,0,0,0,,,,,,,,,,,,,,,,,,,,,,,,,,,,,,,,,,,,,,,,,,,,,,,,,,,,,
PHL,Philippines,1984,East Asia & Pacific,Remittance/services resilience comparator,strategic_transition,0,0,0,0,0,0,1,0,0,0,0,,,,,,,,,,,,,,,,,,,,,,,,,,,,,,,,,,,,,,,,,,,,,,,,,,,,,
PHL,Philippines,1985,East Asia & Pacific,Remittance/services resilience comparator,strategic_transition,0,0,0,0,0,0,1,0,0,0,0,,,,,,,,,,,,,,,,,,,,,,,,,,,,,,,,,,,,,,,,,,,,,,,,,,,,,
PHL,Philippines,1986,East Asia & Pacific,Remittance/services resilience comparator,strategic_transition,0,0,0,0,0,0,1,0,0,0,0,,,,,,,,,,,,,,,,,,,,,,,,,,,,,,,,,,,,,,,,,,,,,,,,,,,,,
PHL,Philippines,1987,East Asia & Pacific,Remittance/services resilience comparator,strategic_transition,0,0,0,0,0,0,1,0,0,0,0,,,,,,,,,,,,,,,,,,,,,,,,,,,,,,,,,,,,,,,,,,,,,,,,,,,,,
PHL,Philippines,1988,East Asia & Pacific,Remittance/services resilience comparator,strategic_transition,0,0,0,0,0,0,1,0,0,0,0,,,,,,,,,,,,,,,,,,,,,,,,,,,,,,,,,,,,,,,,,,,,,,,,,,,,,
PHL,Philippines,1989,East Asia & Pacific,Remittance/services resilience comparator,strategic_transition,0,0,0,0,0,0,1,0,0,0,0,,,,,,,,,,,,,,,,,,,,,,,,,,,,,,,,,,,,,,,,,,,,,,,,,,,,,
PHL,Philippines,1990,East Asia & Pacific,Remittance/services resilience comparator,strategic_transition,0,0,0,0,0,0,1,0,0,0,0,,,,,,,,,,,,,,,,,,,,,,,,,,,,,,,,,,,,,,,,,,,,,,,,,,,,,
PHL,Philippines,1991,East Asia & Pacific,Remittance/services resilience comparator,strategic_transition,0,0,0,0,0,0,1,0,0,0,0,,,,,,,,,,,,,,,,,,,,,,,,,,,,,,,,,,,,,,,,,,,,,,,,,,,,,
PHL,Philippines,1992,East Asia & Pacific,Remittance/services resilience comparator,strategic_transition,0,0,0,0,0,0,1,0,0,0,0,,,,,,,,,,,,,,,,,,,,,,,,,,,,,,,,,,,,,,,,,,,,,,,,,,,,,
PHL,Philippines,1993,East Asia & Pacific,Remittance/services resilience comparator,strategic_transition,0,0,0,0,0,0,1,0,0,0,0,,,,,,,,,,,,,,,,,,,,,,,,,,,,,,,,,,,,,,,,,,,,,,,,,,,,,
PHL,Philippines,1994,East Asia & Pacific,Remittance/services resilience comparator,strategic_transition,0,0,0,0,0,0,1,0,0,0,0,,,,,,,,,,,,,,,,,,,,,,,,,,,,,,,,,,,,,,,,,,,,,,,,,,,,,
PHL,Philippines,1995,East Asia & Pacific,Remittance/services resilience comparator,strategic_transition,0,0,0,0,0,0,1,0,0,0,0,,,,,,,,,,,,,,,,,,,,,,,,,,,,,,,,,,,,,,,,,,,,,,,,,,,,,
PHL,Philippines,1996,East Asia & Pacific,Remittance/services resilience comparator,strategic_transition,0,0,0,0,0,0,1,0,0,0,0,,,,,,,,,,,,,,,,,,,,,,,,,,,,,,,,,,,,,,,,,,,,,,,,,,,,,
PHL,Philippines,1997,East Asia & Pacific,Remittance/services resilience comparator,strategic_transition,0,0,0,0,0,0,1,0,0,0,0,,,,,,,,,,,,,,,,,,,,,,,,,,,,,,,,,,,,,,,,,,,,,,,,,,,,,
PHL,Philippines,1998,East Asia & Pacific,Remittance/services resilience comparator,strategic_transition,0,0,0,0,0,0,1,0,0,0,0,,,,,,,,,,,,,,,,,,,,,,,,,,,,,,,,,,,,,,,,,,,,,,,,,,,,,
PHL,Philippines,1999,East Asia & Pacific,Remittance/services resilience comparator,strategic_transition,0,0,0,0,0,0,1,0,0,0,0,,,,,,,,,,,,,,,,,,,,,,,,,,,,,,,,,,,,,,,,,,,,,,,,,,,,,
PHL,Philippines,2000,East Asia & Pacific,Remittance/services resilience comparator,strategic_transition,0,0,0,0,0,0,1,0,0,0,0,,,,,,,,,,,,,,,,,,,,,,,,,,,,,,,,,,,,,,,,,,,,,,,,,,,,,
PHL,Philippines,2001,East Asia & Pacific,Remittance/services resilience comparator,strategic_transition,0,0,0,0,0,0,1,0,0,0,0,,,,,,,,,,,,,,,,,,,,,,,,,,,,,,,,,,,,,,,,,,,,,,,,,,,,,
PHL,Philippines,2002,East Asia & Pacific,Remittance/services resilience comparator,strategic_transition,0,0,0,0,0,0,1,0,0,0,0,,,,,,,,,,,,,,,,,,,,,,,,,,,,,,,,,,,,,,,,,,,,,,,,,,,,,
PHL,Philippines,2003,East Asia & Pacific,Remittance/services resilience comparator,strategic_transition,0,0,0,0,0,0,1,0,0,0,0,,,,,,,,,,,,,,,,,,,,,,,,,,,,,,,,,,,,,,,,,,,,,,,,,,,,,
PHL,Philippines,2004,East Asia & Pacific,Remittance/services resilience comparator,strategic_transition,0,0,0,0,0,0,1,0,0,0,0,,,,,,,,,,,,,,,,,,,,,,,,,,,,,,,,,,,,,,,,,,,,,,,,,,,,,
PHL,Philippines,2005,East Asia & Pacific,Remittance/services resilience comparator,strategic_transition,0,0,0,0,0,0,1,0,0,0,0,,,,,,,,,,,,,,,,,,,,,,,,,,,,,,,,,,,,,,,,,,,,,,,,,,,,,
PHL,Philippines,2006,East Asia & Pacific,Remittance/services resilience comparator,strategic_transition,0,0,0,0,0,0,1,0,0,0,0,,,,,,,,,,,,,,,,,,,,,,,,,,,,,,,,,,,,,,,,,,,,,,,,,,,,,
PHL,Philippines,2007,East Asia & Pacific,Remittance/services resilience comparator,strategic_transition,0,0,0,0,0,0,1,0,0,0,0,,,,,,,,,,,,,,,,,,,,,,,,,,,,,,,,,,,,,,,,,,,,,,,,,,,,,
PHL,Philippines,2008,East Asia & Pacific,Remittance/services resilience comparator,strategic_transition,0,0,0,0,0,0,1,0,0,0,0,,,,,,,,,,,,,,,,,,,,,,,,,,,,,,,,,,,,,,,,,,,,,,,,,,,,,
PHL,Philippines,2009,East Asia & Pacific,Remittance/services resilience comparator,strategic_transition,0,0,0,0,0,0,1,0,0,0,0,,,,,,,,,,,,,,,,,,,,,,,,,,,,,,,,,,,,,,,,,,,,,,,,,,,,,
PHL,Philippines,2010,East Asia & Pacific,Remittance/services resilience comparator,strategic_transition,0,0,0,0,0,0,1,0,0,0,0,,,,,,,,,,,,,,,,,,,,,,,,,,,,,,,,,,,,,,,,,,,,,,,,,,,,,
PHL,Philippines,2011,East Asia & Pacific,Remittance/services resilience comparator,strategic_transition,0,0,0,0,0,0,1,0,0,0,0,,,,,,,,,,,,,,,,,,,,,,,,,,,,,,,,,,,,,,,,,,,,,,,,,,,,,
PHL,Philippines,2012,East Asia & Pacific,Remittance/services resilience comparator,strategic_transition,0,0,0,0,0,0,1,0,0,0,0,,,,,,,,,,,,,,,,,,,,,,,,,,,,,,,,,,,,,,,,,,,,,,,,,,,,,
PHL,Philippines,2013,East Asia & Pacific,Remittance/services resilience comparator,strategic_transition,0,0,0,0,0,0,1,0,0,0,0,,,,,,,,,,,,,,,,,,,,,,,,,,,,,,,,,,,,,,,,,,,,,,,,,,,,,
PHL,Philippines,2014,East Asia & Pacific,Remittance/services resilience comparator,strategic_transition,0,0,0,0,0,0,1,0,0,0,0,,,,,,,,,,,,,,,,,,,,,,,,,,,,,,,,,,,,,,,,,,,,,,,,,,,,,
PHL,Philippines,2015,East Asia & Pacific,Remittance/services resilience comparator,strategic_transition,0,0,0,0,0,0,1,0,0,0,0,,,,,,,,,,,,,,,,,,,,,,,,,,,,,,,,,,,,,,,,,,,,,,,,,,,,,
PHL,Philippines,2016,East Asia & Pacific,Remittance/services resilience comparator,strategic_transition,0,0,0,0,0,0,1,0,0,0,0,,,,,,,,,,,,,,,,,,,,,,,,,,,,,,,,,,,,,,,,,,,,,,,,,,,,,
PHL,Philippines,2017,East Asia & Pacific,Remittance/services resilience comparator,strategic_transition,0,0,0,0,0,0,1,0,0,0,0,,,,,,,,,,,,,,,,,,,,,,,,,,,,,,,,,,,,,,,,,,,,,,,,,,,,,
PHL,Philippines,2018,East Asia & Pacific,Remittance/services resilience comparator,strategic_transition,0,0,0,0,0,0,1,0,0,0,0,,,,,,,,,,,,,,,,,,,,,,,,,,,,,,,,,,,,,,,,,,,,,,,,,,,,,
PHL,Philippines,2019,East Asia & Pacific,Remittance/services resilience comparator,strategic_transition,0,0,0,0,0,0,1,0,0,0,0,,,,,,,,,,,,,,,,,,,,,,,,,,,,,,,,,,,,,,,,,,,,,,,,,,,,,
PHL,Philippines,2020,East Asia & Pacific,Remittance/services resilience comparator,strategic_transition,0,0,0,0,0,0,1,0,0,0,0,,,,,,,,,,,,,,,,,,,,,,,,,,,,,,,,,,,,,,,,,,,,,,,,,,,,,
PHL,Philippines,2021,East Asia & Pacific,Remittance/services resilience comparator,strategic_transition,0,0,0,0,0,0,1,0,0,0,0,,,,,,,,,,,,,,,,,,,,,,,,,,,,,,,,,,,,,,,,,,,,,,,,,,,,,
PHL,Philippines,2022,East Asia & Pacific,Remittance/services resilience comparator,strategic_transition,0,0,0,0,0,0,1,0,0,0,0,,,,,,,,,,,,,,,,,,,,,,,,,,,,,,,,,,,,,,,,,,,,,,,,,,,,,
PHL,Philippines,2023,East Asia & Pacific,Remittance/services resilience comparator,strategic_transition,0,0,0,0,0,0,1,0,0,0,0,,,,,,,,,,,,,,,,,,,,,,,,,,,,,,,,,,,,,,,,,,,,,,,,,,,,,
PHL,Philippines,2024,East Asia & Pacific,Remittance/services resilience comparator,strategic_transition,0,0,0,0,0,0,1,0,0,0,0,,,,,,,,,,,,,,,,,,,,,,,,,,,,,,,,,,,,,,,,,,,,,,,,,,,,,
PHL,Philippines,2025,East Asia & Pacific,Remittance/services resilience comparator,strategic_transition,0,0,0,0,0,0,1,0,0,0,0,,,,,,,,,,,,,,,,,,,,,,,,,,,,,,,,,,,,,,,,,,,,,,,,,,,,,
MYS,Malaysia,1980,East Asia & Pacific,Commodity-manufacturing mixed model,strategic_transition,0,0,0,0,0,0,1,0,0,0,0,,,,,,,,,,,,,,,,,,,,,,,,,,,,,,,,,,,,,,,,,,,,,,,,,,,,,
MYS,Malaysia,1981,East Asia & Pacific,Commodity-manufacturing mixed model,strategic_transition,0,0,0,0,0,0,1,0,0,0,0,,,,,,,,,,,,,,,,,,,,,,,,,,,,,,,,,,,,,,,,,,,,,,,,,,,,,
MYS,Malaysia,1982,East Asia & Pacific,Commodity-manufacturing mixed model,strategic_transition,0,0,0,0,0,0,1,0,0,0,0,,,,,,,,,,,,,,,,,,,,,,,,,,,,,,,,,,,,,,,,,,,,,,,,,,,,,
MYS,Malaysia,1983,East Asia & Pacific,Commodity-manufacturing mixed model,strategic_transition,0,0,0,0,0,0,1,0,0,0,0,,,,,,,,,,,,,,,,,,,,,,,,,,,,,,,,,,,,,,,,,,,,,,,,,,,,,
MYS,Malaysia,1984,East Asia & Pacific,Commodity-manufacturing mixed model,strategic_transition,0,0,0,0,0,0,1,0,0,0,0,,,,,,,,,,,,,,,,,,,,,,,,,,,,,,,,,,,,,,,,,,,,,,,,,,,,,
MYS,Malaysia,1985,East Asia & Pacific,Commodity-manufacturing mixed model,strategic_transition,0,0,0,0,0,0,1,0,0,0,0,,,,,,,,,,,,,,,,,,,,,,,,,,,,,,,,,,,,,,,,,,,,,,,,,,,,,
MYS,Malaysia,1986,East Asia & Pacific,Commodity-manufacturing mixed model,strategic_transition,0,0,0,0,0,0,1,0,0,0,0,,,,,,,,,,,,,,,,,,,,,,,,,,,,,,,,,,,,,,,,,,,,,,,,,,,,,
MYS,Malaysia,1987,East Asia & Pacific,Commodity-manufacturing mixed model,strategic_transition,0,0,0,0,0,0,1,0,0,0,0,,,,,,,,,,,,,,,,,,,,,,,,,,,,,,,,,,,,,,,,,,,,,,,,,,,,,
MYS,Malaysia,1988,East Asia & Pacific,Commodity-manufacturing mixed model,strategic_transition,0,0,0,0,0,0,1,0,0,0,0,,,,,,,,,,,,,,,,,,,,,,,,,,,,,,,,,,,,,,,,,,,,,,,,,,,,,
MYS,Malaysia,1989,East Asia & Pacific,Commodity-manufacturing mixed model,strategic_transition,0,0,0,0,0,0,1,0,0,0,0,,,,,,,,,,,,,,,,,,,,,,,,,,,,,,,,,,,,,,,,,,,,,,,,,,,,,
MYS,Malaysia,1990,East Asia & Pacific,Commodity-manufacturing mixed model,strategic_transition,0,0,0,0,0,0,1,0,0,0,0,,,,,,,,,,,,,,,,,,,,,,,,,,,,,,,,,,,,,,,,,,,,,,,,,,,,,
MYS,Malaysia,1991,East Asia & Pacific,Commodity-manufacturing mixed model,strategic_transition,0,0,0,0,0,0,1,0,0,0,0,,,,,,,,,,,,,,,,,,,,,,,,,,,,,,,,,,,,,,,,,,,,,,,,,,,,,
MYS,Malaysia,1992,East Asia & Pacific,Commodity-manufacturing mixed model,strategic_transition,0,0,0,0,0,0,1,0,0,0,0,,,,,,,,,,,,,,,,,,,,,,,,,,,,,,,,,,,,,,,,,,,,,,,,,,,,,
MYS,Malaysia,1993,East Asia & Pacific,Commodity-manufacturing mixed model,strategic_transition,0,0,0,0,0,0,1,0,0,0,0,,,,,,,,,,,,,,,,,,,,,,,,,,,,,,,,,,,,,,,,,,,,,,,,,,,,,
MYS,Malaysia,1994,East Asia & Pacific,Commodity-manufacturing mixed model,strategic_transition,0,0,0,0,0,0,1,0,0,0,0,,,,,,,,,,,,,,,,,,,,,,,,,,,,,,,,,,,,,,,,,,,,,,,,,,,,,
MYS,Malaysia,1995,East Asia & Pacific,Commodity-manufacturing mixed model,strategic_transition,0,0,0,0,0,0,1,0,0,0,0,,,,,,,,,,,,,,,,,,,,,,,,,,,,,,,,,,,,,,,,,,,,,,,,,,,,,
MYS,Malaysia,1996,East Asia & Pacific,Commodity-manufacturing mixed model,strategic_transition,0,0,0,0,0,0,1,0,0,0,0,,,,,,,,,,,,,,,,,,,,,,,,,,,,,,,,,,,,,,,,,,,,,,,,,,,,,
MYS,Malaysia,1997,East Asia & Pacific,Commodity-manufacturing mixed model,strategic_transition,0,0,0,0,0,0,1,0,0,0,0,,,,,,,,,,,,,,,,,,,,,,,,,,,,,,,,,,,,,,,,,,,,,,,,,,,,,
MYS,Malaysia,1998,East Asia & Pacific,Commodity-manufacturing mixed model,strategic_transition,0,0,0,0,0,0,1,0,0,0,0,,,,,,,,,,,,,,,,,,,,,,,,,,,,,,,,,,,,,,,,,,,,,,,,,,,,,
MYS,Malaysia,1999,East Asia & Pacific,Commodity-manufacturing mixed model,strategic_transition,0,0,0,0,0,0,1,0,0,0,0,,,,,,,,,,,,,,,,,,,,,,,,,,,,,,,,,,,,,,,,,,,,,,,,,,,,,
MYS,Malaysia,2000,East Asia & Pacific,Commodity-manufacturing mixed model,strategic_transition,0,0,0,0,0,0,1,0,0,0,0,,,,,,,,,,,,,,,,,,,,,,,,,,,,,,,,,,,,,,,,,,,,,,,,,,,,,
MYS,Malaysia,2001,East Asia & Pacific,Commodity-manufacturing mixed model,strategic_transition,0,0,0,0,0,0,1,0,0,0,0,,,,,,,,,,,,,,,,,,,,,,,,,,,,,,,,,,,,,,,,,,,,,,,,,,,,,
MYS,Malaysia,2002,East Asia & Pacific,Commodity-manufacturing mixed model,strategic_transition,0,0,0,0,0,0,1,0,0,0,0,,,,,,,,,,,,,,,,,,,,,,,,,,,,,,,,,,,,,,,,,,,,,,,,,,,,,
MYS,Malaysia,2003,East Asia & Pacific,Commodity-manufacturing mixed model,strategic_transition,0,0,0,0,0,0,1,0,0,0,0,,,,,,,,,,,,,,,,,,,,,,,,,,,,,,,,,,,,,,,,,,,,,,,,,,,,,
MYS,Malaysia,2004,East Asia & Pacific,Commodity-manufacturing mixed model,strategic_transition,0,0,0,0,0,0,1,0,0,0,0,,,,,,,,,,,,,,,,,,,,,,,,,,,,,,,,,,,,,,,,,,,,,,,,,,,,,
MYS,Malaysia,2005,East Asia & Pacific,Commodity-manufacturing mixed model,strategic_transition,0,0,0,0,0,0,1,0,0,0,0,,,,,,,,,,,,,,,,,,,,,,,,,,,,,,,,,,,,,,,,,,,,,,,,,,,,,
MYS,Malaysia,2006,East Asia & Pacific,Commodity-manufacturing mixed model,strategic_transition,0,0,0,0,0,0,1,0,0,0,0,,,,,,,,,,,,,,,,,,,,,,,,,,,,,,,,,,,,,,,,,,,,,,,,,,,,,
MYS,Malaysia,2007,East Asia & Pacific,Commodity-manufacturing mixed model,strategic_transition,0,0,0,0,0,0,1,0,0,0,0,,,,,,,,,,,,,,,,,,,,,,,,,,,,,,,,,,,,,,,,,,,,,,,,,,,,,
MYS,Malaysia,2008,East Asia & Pacific,Commodity-manufacturing mixed model,strategic_transition,0,0,0,0,0,0,1,0,0,0,0,,,,,,,,,,,,,,,,,,,,,,,,,,,,,,,,,,,,,,,,,,,,,,,,,,,,,
MYS,Malaysia,2009,East Asia & Pacific,Commodity-manufacturing mixed model,strategic_transition,0,0,0,0,0,0,1,0,0,0,0,,,,,,,,,,,,,,,,,,,,,,,,,,,,,,,,,,,,,,,,,,,,,,,,,,,,,
MYS,Malaysia,2010,East Asia & Pacific,Commodity-manufacturing mixed model,strategic_transition,0,0,0,0,0,0,1,0,0,0,0,,,,,,,,,,,,,,,,,,,,,,,,,,,,,,,,,,,,,,,,,,,,,,,,,,,,,
MYS,Malaysia,2011,East Asia & Pacific,Commodity-manufacturing mixed model,strategic_transition,0,0,0,0,0,0,1,0,0,0,0,,,,,,,,,,,,,,,,,,,,,,,,,,,,,,,,,,,,,,,,,,,,,,,,,,,,,
MYS,Malaysia,2012,East Asia & Pacific,Commodity-manufacturing mixed model,strategic_transition,0,0,0,0,0,0,1,0,0,0,0,,,,,,,,,,,,,,,,,,,,,,,,,,,,,,,,,,,,,,,,,,,,,,,,,,,,,
MYS,Malaysia,2013,East Asia & Pacific,Commodity-manufacturing mixed model,strategic_transition,0,0,0,0,0,0,1,0,0,0,0,,,,,,,,,,,,,,,,,,,,,,,,,,,,,,,,,,,,,,,,,,,,,,,,,,,,,
MYS,Malaysia,2014,East Asia & Pacific,Commodity-manufacturing mixed model,strategic_transition,0,0,0,0,0,0,1,0,0,0,0,,,,,,,,,,,,,,,,,,,,,,,,,,,,,,,,,,,,,,,,,,,,,,,,,,,,,
MYS,Malaysia,2015,East Asia & Pacific,Commodity-manufacturing mixed model,strategic_transition,0,0,0,0,0,0,1,0,0,0,0,,,,,,,,,,,,,,,,,,,,,,,,,,,,,,,,,,,,,,,,,,,,,,,,,,,,,
MYS,Malaysia,2016,East Asia & Pacific,Commodity-manufacturing mixed model,strategic_transition,0,0,0,0,0,0,1,0,0,0,0,,,,,,,,,,,,,,,,,,,,,,,,,,,,,,,,,,,,,,,,,,,,,,,,,,,,,
MYS,Malaysia,2017,East Asia & Pacific,Commodity-manufacturing mixed model,strategic_transition,0,0,0,0,0,0,1,0,0,0,0,,,,,,,,,,,,,,,,,,,,,,,,,,,,,,,,,,,,,,,,,,,,,,,,,,,,,
MYS,Malaysia,2018,East Asia & Pacific,Commodity-manufacturing mixed model,strategic_transition,0,0,0,0,0,0,1,0,0,0,0,,,,,,,,,,,,,,,,,,,,,,,,,,,,,,,,,,,,,,,,,,,,,,,,,,,,,
MYS,Malaysia,2019,East Asia & Pacific,Commodity-manufacturing mixed model,strategic_transition,0,0,0,0,0,0,1,0,0,0,0,,,,,,,,,,,,,,,,,,,,,,,,,,,,,,,,,,,,,,,,,,,,,,,,,,,,,
MYS,Malaysia,2020,East Asia & Pacific,Commodity-manufacturing mixed model,strategic_transition,0,0,0,0,0,0,1,0,0,0,0,,,,,,,,,,,,,,,,,,,,,,,,,,,,,,,,,,,,,,,,,,,,,,,,,,,,,
MYS,Malaysia,2021,East Asia & Pacific,Commodity-manufacturing mixed model,strategic_transition,0,0,0,0,0,0,1,0,0,0,0,,,,,,,,,,,,,,,,,,,,,,,,,,,,,,,,,,,,,,,,,,,,,,,,,,,,,
MYS,Malaysia,2022,East Asia & Pacific,Commodity-manufacturing mixed model,strategic_transition,0,0,0,0,0,0,1,0,0,0,0,,,,,,,,,,,,,,,,,,,,,,,,,,,,,,,,,,,,,,,,,,,,,,,,,,,,,
MYS,Malaysia,2023,East Asia & Pacific,Commodity-manufacturing mixed model,strategic_transition,0,0,0,0,0,0,1,0,0,0,0,,,,,,,,,,,,,,,,,,,,,,,,,,,,,,,,,,,,,,,,,,,,,,,,,,,,,
MYS,Malaysia,2024,East Asia & Pacific,Commodity-manufacturing mixed model,strategic_transition,0,0,0,0,0,0,1,0,0,0,0,,,,,,,,,,,,,,,,,,,,,,,,,,,,,,,,,,,,,,,,,,,,,,,,,,,,,
MYS,Malaysia,2025,East Asia & Pacific,Commodity-manufacturing mixed model,strategic_transition,0,0,0,0,0,0,1,0,0,0,0,,,,,,,,,,,,,,,,,,,,,,,,,,,,,,,,,,,,,,,,,,,,,,,,,,,,,
NGA,Nigeria,1980,Sub-Saharan Africa,Oil/revenue conversion stress case,vulnerability_trap_partial,0,0,0,0,0,0,0,1,0,0,0,,,,,,,,,,,,,,,,,,,,,,,,,,,,,,,,,,,,,,,,,,,,,,,,,,,,,
NGA,Nigeria,1981,Sub-Saharan Africa,Oil/revenue conversion stress case,vulnerability_trap_partial,0,0,0,0,0,0,0,1,0,0,0,,,,,,,,,,,,,,,,,,,,,,,,,,,,,,,,,,,,,,,,,,,,,,,,,,,,,
NGA,Nigeria,1982,Sub-Saharan Africa,Oil/revenue conversion stress case,vulnerability_trap_partial,0,0,0,0,0,0,0,1,0,0,0,,,,,,,,,,,,,,,,,,,,,,,,,,,,,,,,,,,,,,,,,,,,,,,,,,,,,
NGA,Nigeria,1983,Sub-Saharan Africa,Oil/revenue conversion stress case,vulnerability_trap_partial,0,0,0,0,0,0,0,1,0,0,0,,,,,,,,,,,,,,,,,,,,,,,,,,,,,,,,,,,,,,,,,,,,,,,,,,,,,
NGA,Nigeria,1984,Sub-Saharan Africa,Oil/revenue conversion stress case,vulnerability_trap_partial,0,0,0,0,0,0,0,1,0,0,0,,,,,,,,,,,,,,,,,,,,,,,,,,,,,,,,,,,,,,,,,,,,,,,,,,,,,
NGA,Nigeria,1985,Sub-Saharan Africa,Oil/revenue conversion stress case,vulnerability_trap_partial,0,0,0,0,0,0,0,1,0,0,0,,,,,,,,,,,,,,,,,,,,,,,,,,,,,,,,,,,,,,,,,,,,,,,,,,,,,
NGA,Nigeria,1986,Sub-Saharan Africa,Oil/revenue conversion stress case,vulnerability_trap_partial,0,0,0,0,0,0,0,1,0,0,0,,,,,,,,,,,,,,,,,,,,,,,,,,,,,,,,,,,,,,,,,,,,,,,,,,,,,
NGA,Nigeria,1987,Sub-Saharan Africa,Oil/revenue conversion stress case,vulnerability_trap_partial,0,0,0,0,0,0,0,1,0,0,0,,,,,,,,,,,,,,,,,,,,,,,,,,,,,,,,,,,,,,,,,,,,,,,,,,,,,
NGA,Nigeria,1988,Sub-Saharan Africa,Oil/revenue conversion stress case,vulnerability_trap_partial,0,0,0,0,0,0,0,1,0,0,0,,,,,,,,,,,,,,,,,,,,,,,,,,,,,,,,,,,,,,,,,,,,,,,,,,,,,
NGA,Nigeria,1989,Sub-Saharan Africa,Oil/revenue conversion stress case,vulnerability_trap_partial,0,0,0,0,0,0,0,1,0,0,0,,,,,,,,,,,,,,,,,,,,,,,,,,,,,,,,,,,,,,,,,,,,,,,,,,,,,
NGA,Nigeria,1990,Sub-Saharan Africa,Oil/revenue conversion stress case,vulnerability_trap_partial,0,0,0,0,0,0,0,1,0,0,0,,,,,,,,,,,,,,,,,,,,,,,,,,,,,,,,,,,,,,,,,,,,,,,,,,,,,
NGA,Nigeria,1991,Sub-Saharan Africa,Oil/revenue conversion stress case,vulnerability_trap_partial,0,0,0,0,0,0,0,1,0,0,0,,,,,,,,,,,,,,,,,,,,,,,,,,,,,,,,,,,,,,,,,,,,,,,,,,,,,
NGA,Nigeria,1992,Sub-Saharan Africa,Oil/revenue conversion stress case,vulnerability_trap_partial,0,0,0,0,0,0,0,1,0,0,0,,,,,,,,,,,,,,,,,,,,,,,,,,,,,,,,,,,,,,,,,,,,,,,,,,,,,
NGA,Nigeria,1993,Sub-Saharan Africa,Oil/revenue conversion stress case,vulnerability_trap_partial,0,0,0,0,0,0,0,1,0,0,0,,,,,,,,,,,,,,,,,,,,,,,,,,,,,,,,,,,,,,,,,,,,,,,,,,,,,
NGA,Nigeria,1994,Sub-Saharan Africa,Oil/revenue conversion stress case,vulnerability_trap_partial,0,0,0,0,0,0,0,1,0,0,0,,,,,,,,,,,,,,,,,,,,,,,,,,,,,,,,,,,,,,,,,,,,,,,,,,,,,
NGA,Nigeria,1995,Sub-Saharan Africa,Oil/revenue conversion stress case,vulnerability_trap_partial,0,0,0,0,0,0,0,1,0,0,0,,,,,,,,,,,,,,,,,,,,,,,,,,,,,,,,,,,,,,,,,,,,,,,,,,,,,
NGA,Nigeria,1996,Sub-Saharan Africa,Oil/revenue conversion stress case,vulnerability_trap_partial,0,0,0,0,0,0,0,1,0,0,0,,,,,,,,,,,,,,,,,,,,,,,,,,,,,,,,,,,,,,,,,,,,,,,,,,,,,
NGA,Nigeria,1997,Sub-Saharan Africa,Oil/revenue conversion stress case,vulnerability_trap_partial,0,0,0,0,0,0,0,1,0,0,0,,,,,,,,,,,,,,,,,,,,,,,,,,,,,,,,,,,,,,,,,,,,,,,,,,,,,
NGA,Nigeria,1998,Sub-Saharan Africa,Oil/revenue conversion stress case,vulnerability_trap_partial,0,0,0,0,0,0,0,1,0,0,0,,,,,,,,,,,,,,,,,,,,,,,,,,,,,,,,,,,,,,,,,,,,,,,,,,,,,
NGA,Nigeria,1999,Sub-Saharan Africa,Oil/revenue conversion stress case,vulnerability_trap_partial,0,0,0,0,0,0,0,1,0,0,0,,,,,,,,,,,,,,,,,,,,,,,,,,,,,,,,,,,,,,,,,,,,,,,,,,,,,
NGA,Nigeria,2000,Sub-Saharan Africa,Oil/revenue conversion stress case,vulnerability_trap_partial,0,0,0,0,0,0,0,1,0,0,0,,,,,,,,,,,,,,,,,,,,,,,,,,,,,,,,,,,,,,,,,,,,,,,,,,,,,
NGA,Nigeria,2001,Sub-Saharan Africa,Oil/revenue conversion stress case,vulnerability_trap_partial,0,0,0,0,0,0,0,1,0,0,0,,,,,,,,,,,,,,,,,,,,,,,,,,,,,,,,,,,,,,,,,,,,,,,,,,,,,
NGA,Nigeria,2002,Sub-Saharan Africa,Oil/revenue conversion stress case,vulnerability_trap_partial,0,0,0,0,0,0,0,1,0,0,0,,,,,,,,,,,,,,,,,,,,,,,,,,,,,,,,,,,,,,,,,,,,,,,,,,,,,
NGA,Nigeria,2003,Sub-Saharan Africa,Oil/revenue conversion stress case,vulnerability_trap_partial,0,0,0,0,0,0,0,1,0,0,0,,,,,,,,,,,,,,,,,,,,,,,,,,,,,,,,,,,,,,,,,,,,,,,,,,,,,
NGA,Nigeria,2004,Sub-Saharan Africa,Oil/revenue conversion stress case,vulnerability_trap_partial,0,0,0,0,0,0,0,1,0,0,0,,,,,,,,,,,,,,,,,,,,,,,,,,,,,,,,,,,,,,,,,,,,,,,,,,,,,
NGA,Nigeria,2005,Sub-Saharan Africa,Oil/revenue conversion stress case,vulnerability_trap_partial,0,0,0,0,0,0,0,1,0,0,0,,,,,,,,,,,,,,,,,,,,,,,,,,,,,,,,,,,,,,,,,,,,,,,,,,,,,
NGA,Nigeria,2006,Sub-Saharan Africa,Oil/revenue conversion stress case,vulnerability_trap_partial,0,0,0,0,0,0,0,1,0,0,0,,,,,,,,,,,,,,,,,,,,,,,,,,,,,,,,,,,,,,,,,,,,,,,,,,,,,
NGA,Nigeria,2007,Sub-Saharan Africa,Oil/revenue conversion stress case,vulnerability_trap_partial,0,0,0,0,0,0,0,1,0,0,0,,,,,,,,,,,,,,,,,,,,,,,,,,,,,,,,,,,,,,,,,,,,,,,,,,,,,
NGA,Nigeria,2008,Sub-Saharan Africa,Oil/revenue conversion stress case,vulnerability_trap_partial,0,0,0,0,0,0,0,1,0,0,0,,,,,,,,,,,,,,,,,,,,,,,,,,,,,,,,,,,,,,,,,,,,,,,,,,,,,
NGA,Nigeria,2009,Sub-Saharan Africa,Oil/revenue conversion stress case,vulnerability_trap_partial,0,0,0,0,0,0,0,1,0,0,0,,,,,,,,,,,,,,,,,,,,,,,,,,,,,,,,,,,,,,,,,,,,,,,,,,,,,
NGA,Nigeria,2010,Sub-Saharan Africa,Oil/revenue conversion stress case,vulnerability_trap_partial,0,0,0,0,0,0,0,1,0,0,0,,,,,,,,,,,,,,,,,,,,,,,,,,,,,,,,,,,,,,,,,,,,,,,,,,,,,
NGA,Nigeria,2011,Sub-Saharan Africa,Oil/revenue conversion stress case,vulnerability_trap_partial,0,0,0,0,0,0,0,1,0,0,0,,,,,,,,,,,,,,,,,,,,,,,,,,,,,,,,,,,,,,,,,,,,,,,,,,,,,
NGA,Nigeria,2012,Sub-Saharan Africa,Oil/revenue conversion stress case,vulnerability_trap_partial,0,0,0,0,0,0,0,1,0,0,0,,,,,,,,,,,,,,,,,,,,,,,,,,,,,,,,,,,,,,,,,,,,,,,,,,,,,
NGA,Nigeria,2013,Sub-Saharan Africa,Oil/revenue conversion stress case,vulnerability_trap_partial,0,0,0,0,0,0,0,1,0,0,0,,,,,,,,,,,,,,,,,,,,,,,,,,,,,,,,,,,,,,,,,,,,,,,,,,,,,
NGA,Nigeria,2014,Sub-Saharan Africa,Oil/revenue conversion stress case,vulnerability_trap_partial,0,0,0,0,0,0,0,1,0,0,0,,,,,,,,,,,,,,,,,,,,,,,,,,,,,,,,,,,,,,,,,,,,,,,,,,,,,
NGA,Nigeria,2015,Sub-Saharan Africa,Oil/revenue conversion stress case,vulnerability_trap_partial,0,0,0,0,0,0,0,1,0,0,0,,,,,,,,,,,,,,,,,,,,,,,,,,,,,,,,,,,,,,,,,,,,,,,,,,,,,
NGA,Nigeria,2016,Sub-Saharan Africa,Oil/revenue conversion stress case,vulnerability_trap_partial,0,0,0,0,0,0,0,1,0,0,0,,,,,,,,,,,,,,,,,,,,,,,,,,,,,,,,,,,,,,,,,,,,,,,,,,,,,
NGA,Nigeria,2017,Sub-Saharan Africa,Oil/revenue conversion stress case,vulnerability_trap_partial,0,0,0,0,0,0,0,1,0,0,0,,,,,,,,,,,,,,,,,,,,,,,,,,,,,,,,,,,,,,,,,,,,,,,,,,,,,
NGA,Nigeria,2018,Sub-Saharan Africa,Oil/revenue conversion stress case,vulnerability_trap_partial,0,0,0,0,0,0,0,1,0,0,0,,,,,,,,,,,,,,,,,,,,,,,,,,,,,,,,,,,,,,,,,,,,,,,,,,,,,
NGA,Nigeria,2019,Sub-Saharan Africa,Oil/revenue conversion stress case,vulnerability_trap_partial,0,0,0,0,0,0,0,1,0,0,0,,,,,,,,,,,,,,,,,,,,,,,,,,,,,,,,,,,,,,,,,,,,,,,,,,,,,
NGA,Nigeria,2020,Sub-Saharan Africa,Oil/revenue conversion stress case,vulnerability_trap_partial,0,0,0,0,0,0,0,1,0,0,0,,,,,,,,,,,,,,,,,,,,,,,,,,,,,,,,,,,,,,,,,,,,,,,,,,,,,
NGA,Nigeria,2021,Sub-Saharan Africa,Oil/revenue conversion stress case,vulnerability_trap_partial,0,0,0,0,0,0,0,1,0,0,0,,,,,,,,,,,,,,,,,,,,,,,,,,,,,,,,,,,,,,,,,,,,,,,,,,,,,
NGA,Nigeria,2022,Sub-Saharan Africa,Oil/revenue conversion stress case,vulnerability_trap_partial,0,0,0,0,0,0,0,1,0,0,0,,,,,,,,,,,,,,,,,,,,,,,,,,,,,,,,,,,,,,,,,,,,,,,,,,,,,
NGA,Nigeria,2023,Sub-Saharan Africa,Oil/revenue conversion stress case,vulnerability_trap_partial,0,0,0,0,0,0,0,1,0,0,0,,,,,,,,,,,,,,,,,,,,,,,,,,,,,,,,,,,,,,,,,,,,,,,,,,,,,
NGA,Nigeria,2024,Sub-Saharan Africa,Oil/revenue conversion stress case,vulnerability_trap_partial,0,0,0,0,0,0,0,1,0,0,0,,,,,,,,,,,,,,,,,,,,,,,,,,,,,,,,,,,,,,,,,,,,,,,,,,,,,
NGA,Nigeria,2025,Sub-Saharan Africa,Oil/revenue conversion stress case,vulnerability_trap_partial,0,0,0,0,0,0,0,1,0,0,0,,,,,,,,,,,,,,,,,,,,,,,,,,,,,,,,,,,,,,,,,,,,,,,,,,,,,
CIV,Côte d’Ivoire,1980,Sub-Saharan Africa,High-growth debt/development comparator,strategic_transition,0,0,0,0,0,0,1,0,0,0,0,,,,,,,,,,,,,,,,,,,,,,,,,,,,,,,,,,,,,,,,,,,,,,,,,,,,,
CIV,Côte d’Ivoire,1981,Sub-Saharan Africa,High-growth debt/development comparator,strategic_transition,0,0,0,0,0,0,1,0,0,0,0,,,,,,,,,,,,,,,,,,,,,,,,,,,,,,,,,,,,,,,,,,,,,,,,,,,,,
CIV,Côte d’Ivoire,1982,Sub-Saharan Africa,High-growth debt/development comparator,strategic_transition,0,0,0,0,0,0,1,0,0,0,0,,,,,,,,,,,,,,,,,,,,,,,,,,,,,,,,,,,,,,,,,,,,,,,,,,,,,
CIV,Côte d’Ivoire,1983,Sub-Saharan Africa,High-growth debt/development comparator,strategic_transition,0,0,0,0,0,0,1,0,0,0,0,,,,,,,,,,,,,,,,,,,,,,,,,,,,,,,,,,,,,,,,,,,,,,,,,,,,,
CIV,Côte d’Ivoire,1984,Sub-Saharan Africa,High-growth debt/development comparator,strategic_transition,0,0,0,0,0,0,1,0,0,0,0,,,,,,,,,,,,,,,,,,,,,,,,,,,,,,,,,,,,,,,,,,,,,,,,,,,,,
CIV,Côte d’Ivoire,1985,Sub-Saharan Africa,High-growth debt/development comparator,strategic_transition,0,0,0,0,0,0,1,0,0,0,0,,,,,,,,,,,,,,,,,,,,,,,,,,,,,,,,,,,,,,,,,,,,,,,,,,,,,
CIV,Côte d’Ivoire,1986,Sub-Saharan Africa,High-growth debt/development comparator,strategic_transition,0,0,0,0,0,0,1,0,0,0,0,,,,,,,,,,,,,,,,,,,,,,,,,,,,,,,,,,,,,,,,,,,,,,,,,,,,,
CIV,Côte d’Ivoire,1987,Sub-Saharan Africa,High-growth debt/development comparator,strategic_transition,0,0,0,0,0,0,1,0,0,0,0,,,,,,,,,,,,,,,,,,,,,,,,,,,,,,,,,,,,,,,,,,,,,,,,,,,,,
CIV,Côte d’Ivoire,1988,Sub-Saharan Africa,High-growth debt/development comparator,strategic_transition,0,0,0,0,0,0,1,0,0,0,0,,,,,,,,,,,,,,,,,,,,,,,,,,,,,,,,,,,,,,,,,,,,,,,,,,,,,
CIV,Côte d’Ivoire,1989,Sub-Saharan Africa,High-growth debt/development comparator,strategic_transition,0,0,0,0,0,0,1,0,0,0,0,,,,,,,,,,,,,,,,,,,,,,,,,,,,,,,,,,,,,,,,,,,,,,,,,,,,,
CIV,Côte d’Ivoire,1990,Sub-Saharan Africa,High-growth debt/development comparator,strategic_transition,0,0,0,0,0,0,1,0,0,0,0,,,,,,,,,,,,,,,,,,,,,,,,,,,,,,,,,,,,,,,,,,,,,,,,,,,,,
CIV,Côte d’Ivoire,1991,Sub-Saharan Africa,High-growth debt/development comparator,strategic_transition,0,0,0,0,0,0,1,0,0,0,0,,,,,,,,,,,,,,,,,,,,,,,,,,,,,,,,,,,,,,,,,,,,,,,,,,,,,
CIV,Côte d’Ivoire,1992,Sub-Saharan Africa,High-growth debt/development comparator,strategic_transition,0,0,0,0,0,0,1,0,0,0,0,,,,,,,,,,,,,,,,,,,,,,,,,,,,,,,,,,,,,,,,,,,,,,,,,,,,,
CIV,Côte d’Ivoire,1993,Sub-Saharan Africa,High-growth debt/development comparator,strategic_transition,0,0,0,0,0,0,1,0,0,0,0,,,,,,,,,,,,,,,,,,,,,,,,,,,,,,,,,,,,,,,,,,,,,,,,,,,,,
CIV,Côte d’Ivoire,1994,Sub-Saharan Africa,High-growth debt/development comparator,strategic_transition,0,0,0,0,0,0,1,0,0,0,0,,,,,,,,,,,,,,,,,,,,,,,,,,,,,,,,,,,,,,,,,,,,,,,,,,,,,
CIV,Côte d’Ivoire,1995,Sub-Saharan Africa,High-growth debt/development comparator,strategic_transition,0,0,0,0,0,0,1,0,0,0,0,,,,,,,,,,,,,,,,,,,,,,,,,,,,,,,,,,,,,,,,,,,,,,,,,,,,,
CIV,Côte d’Ivoire,1996,Sub-Saharan Africa,High-growth debt/development comparator,strategic_transition,0,0,0,0,0,0,1,0,0,0,0,,,,,,,,,,,,,,,,,,,,,,,,,,,,,,,,,,,,,,,,,,,,,,,,,,,,,
CIV,Côte d’Ivoire,1997,Sub-Saharan Africa,High-growth debt/development comparator,strategic_transition,0,0,0,0,0,0,1,0,0,0,0,,,,,,,,,,,,,,,,,,,,,,,,,,,,,,,,,,,,,,,,,,,,,,,,,,,,,
CIV,Côte d’Ivoire,1998,Sub-Saharan Africa,High-growth debt/development comparator,strategic_transition,0,0,0,0,0,0,1,0,0,0,0,,,,,,,,,,,,,,,,,,,,,,,,,,,,,,,,,,,,,,,,,,,,,,,,,,,,,
CIV,Côte d’Ivoire,1999,Sub-Saharan Africa,High-growth debt/development comparator,strategic_transition,0,0,0,0,0,0,1,0,0,0,0,,,,,,,,,,,,,,,,,,,,,,,,,,,,,,,,,,,,,,,,,,,,,,,,,,,,,
CIV,Côte d’Ivoire,2000,Sub-Saharan Africa,High-growth debt/development comparator,strategic_transition,0,0,0,0,0,0,1,0,0,0,0,,,,,,,,,,,,,,,,,,,,,,,,,,,,,,,,,,,,,,,,,,,,,,,,,,,,,
CIV,Côte d’Ivoire,2001,Sub-Saharan Africa,High-growth debt/development comparator,strategic_transition,0,0,0,0,0,0,1,0,0,0,0,,,,,,,,,,,,,,,,,,,,,,,,,,,,,,,,,,,,,,,,,,,,,,,,,,,,,
CIV,Côte d’Ivoire,2002,Sub-Saharan Africa,High-growth debt/development comparator,strategic_transition,0,0,0,0,0,0,1,0,0,0,0,,,,,,,,,,,,,,,,,,,,,,,,,,,,,,,,,,,,,,,,,,,,,,,,,,,,,
CIV,Côte d’Ivoire,2003,Sub-Saharan Africa,High-growth debt/development comparator,strategic_transition,0,0,0,0,0,0,1,0,0,0,0,,,,,,,,,,,,,,,,,,,,,,,,,,,,,,,,,,,,,,,,,,,,,,,,,,,,,
CIV,Côte d’Ivoire,2004,Sub-Saharan Africa,High-growth debt/development comparator,strategic_transition,0,0,0,0,0,0,1,0,0,0,0,,,,,,,,,,,,,,,,,,,,,,,,,,,,,,,,,,,,,,,,,,,,,,,,,,,,,
CIV,Côte d’Ivoire,2005,Sub-Saharan Africa,High-growth debt/development comparator,strategic_transition,0,0,0,0,0,0,1,0,0,0,0,,,,,,,,,,,,,,,,,,,,,,,,,,,,,,,,,,,,,,,,,,,,,,,,,,,,,
CIV,Côte d’Ivoire,2006,Sub-Saharan Africa,High-growth debt/development comparator,strategic_transition,0,0,0,0,0,0,1,0,0,0,0,,,,,,,,,,,,,,,,,,,,,,,,,,,,,,,,,,,,,,,,,,,,,,,,,,,,,
CIV,Côte d’Ivoire,2007,Sub-Saharan Africa,High-growth debt/development comparator,strategic_transition,0,0,0,0,0,0,1,0,0,0,0,,,,,,,,,,,,,,,,,,,,,,,,,,,,,,,,,,,,,,,,,,,,,,,,,,,,,
CIV,Côte d’Ivoire,2008,Sub-Saharan Africa,High-growth debt/development comparator,strategic_transition,0,0,0,0,0,0,1,0,0,0,0,,,,,,,,,,,,,,,,,,,,,,,,,,,,,,,,,,,,,,,,,,,,,,,,,,,,,
CIV,Côte d’Ivoire,2009,Sub-Saharan Africa,High-growth debt/development comparator,strategic_transition,0,0,0,0,0,0,1,0,0,0,0,,,,,,,,,,,,,,,,,,,,,,,,,,,,,,,,,,,,,,,,,,,,,,,,,,,,,
CIV,Côte d’Ivoire,2010,Sub-Saharan Africa,High-growth debt/development comparator,strategic_transition,0,0,0,0,0,0,1,0,0,0,0,,,,,,,,,,,,,,,,,,,,,,,,,,,,,,,,,,,,,,,,,,,,,,,,,,,,,
CIV,Côte d’Ivoire,2011,Sub-Saharan Africa,High-growth debt/development comparator,strategic_transition,0,0,0,0,0,0,1,0,0,0,0,,,,,,,,,,,,,,,,,,,,,,,,,,,,,,,,,,,,,,,,,,,,,,,,,,,,,
CIV,Côte d’Ivoire,2012,Sub-Saharan Africa,High-growth debt/development comparator,strategic_transition,0,0,0,0,0,0,1,0,0,0,0,,,,,,,,,,,,,,,,,,,,,,,,,,,,,,,,,,,,,,,,,,,,,,,,,,,,,
CIV,Côte d’Ivoire,2013,Sub-Saharan Africa,High-growth debt/development comparator,strategic_transition,0,0,0,0,0,0,1,0,0,0,0,,,,,,,,,,,,,,,,,,,,,,,,,,,,,,,,,,,,,,,,,,,,,,,,,,,,,
CIV,Côte d’Ivoire,2014,Sub-Saharan Africa,High-growth debt/development comparator,strategic_transition,0,0,0,0,0,0,1,0,0,0,0,,,,,,,,,,,,,,,,,,,,,,,,,,,,,,,,,,,,,,,,,,,,,,,,,,,,,
CIV,Côte d’Ivoire,2015,Sub-Saharan Africa,High-growth debt/development comparator,strategic_transition,0,0,0,0,0,0,1,0,0,0,0,,,,,,,,,,,,,,,,,,,,,,,,,,,,,,,,,,,,,,,,,,,,,,,,,,,,,
CIV,Côte d’Ivoire,2016,Sub-Saharan Africa,High-growth debt/development comparator,strategic_transition,0,0,0,0,0,0,1,0,0,0,0,,,,,,,,,,,,,,,,,,,,,,,,,,,,,,,,,,,,,,,,,,,,,,,,,,,,,
CIV,Côte d’Ivoire,2017,Sub-Saharan Africa,High-growth debt/development comparator,strategic_transition,0,0,0,0,0,0,1,0,0,0,0,,,,,,,,,,,,,,,,,,,,,,,,,,,,,,,,,,,,,,,,,,,,,,,,,,,,,
CIV,Côte d’Ivoire,2018,Sub-Saharan Africa,High-growth debt/development comparator,strategic_transition,0,0,0,0,0,0,1,0,0,0,0,,,,,,,,,,,,,,,,,,,,,,,,,,,,,,,,,,,,,,,,,,,,,,,,,,,,,
CIV,Côte d’Ivoire,2019,Sub-Saharan Africa,High-growth debt/development comparator,strategic_transition,0,0,0,0,0,0,1,0,0,0,0,,,,,,,,,,,,,,,,,,,,,,,,,,,,,,,,,,,,,,,,,,,,,,,,,,,,,
CIV,Côte d’Ivoire,2020,Sub-Saharan Africa,High-growth debt/development comparator,strategic_transition,0,0,0,0,0,0,1,0,0,0,0,,,,,,,,,,,,,,,,,,,,,,,,,,,,,,,,,,,,,,,,,,,,,,,,,,,,,
CIV,Côte d’Ivoire,2021,Sub-Saharan Africa,High-growth debt/development comparator,strategic_transition,0,0,0,0,0,0,1,0,0,0,0,,,,,,,,,,,,,,,,,,,,,,,,,,,,,,,,,,,,,,,,,,,,,,,,,,,,,
CIV,Côte d’Ivoire,2022,Sub-Saharan Africa,High-growth debt/development comparator,strategic_transition,0,0,0,0,0,0,1,0,0,0,0,,,,,,,,,,,,,,,,,,,,,,,,,,,,,,,,,,,,,,,,,,,,,,,,,,,,,
CIV,Côte d’Ivoire,2023,Sub-Saharan Africa,High-growth debt/development comparator,strategic_transition,0,0,0,0,0,0,1,0,0,0,0,,,,,,,,,,,,,,,,,,,,,,,,,,,,,,,,,,,,,,,,,,,,,,,,,,,,,
CIV,Côte d’Ivoire,2024,Sub-Saharan Africa,High-growth debt/development comparator,strategic_transition,0,0,0,0,0,0,1,0,0,0,0,,,,,,,,,,,,,,,,,,,,,,,,,,,,,,,,,,,,,,,,,,,,,,,,,,,,,
CIV,Côte d’Ivoire,2025,Sub-Saharan Africa,High-growth debt/development comparator,strategic_transition,0,0,0,0,0,0,1,0,0,0,0,,,,,,,,,,,,,,,,,,,,,,,,,,,,,,,,,,,,,,,,,,,,,,,,,,,,,
ETH,Ethiopia,1980,Sub-Saharan Africa,State-led infrastructure/debt stress comparator,strategic_transition,0,0,0,0,0,0,1,0,0,0,0,,,,,,,,,,,,,,,,,,,,,,,,,,,,,,,,,,,,,,,,,,,,,,,,,,,,,
ETH,Ethiopia,1981,Sub-Saharan Africa,State-led infrastructure/debt stress comparator,strategic_transition,0,0,0,0,0,0,1,0,0,0,0,,,,,,,,,,,,,,,,,,,,,,,,,,,,,,,,,,,,,,,,,,,,,,,,,,,,,
ETH,Ethiopia,1982,Sub-Saharan Africa,State-led infrastructure/debt stress comparator,strategic_transition,0,0,0,0,0,0,1,0,0,0,0,,,,,,,,,,,,,,,,,,,,,,,,,,,,,,,,,,,,,,,,,,,,,,,,,,,,,
ETH,Ethiopia,1983,Sub-Saharan Africa,State-led infrastructure/debt stress comparator,strategic_transition,0,0,0,0,0,0,1,0,0,0,0,,,,,,,,,,,,,,,,,,,,,,,,,,,,,,,,,,,,,,,,,,,,,,,,,,,,,
ETH,Ethiopia,1984,Sub-Saharan Africa,State-led infrastructure/debt stress comparator,strategic_transition,0,0,0,0,0,0,1,0,0,0,0,,,,,,,,,,,,,,,,,,,,,,,,,,,,,,,,,,,,,,,,,,,,,,,,,,,,,
ETH,Ethiopia,1985,Sub-Saharan Africa,State-led infrastructure/debt stress comparator,strategic_transition,0,0,0,0,0,0,1,0,0,0,0,,,,,,,,,,,,,,,,,,,,,,,,,,,,,,,,,,,,,,,,,,,,,,,,,,,,,
ETH,Ethiopia,1986,Sub-Saharan Africa,State-led infrastructure/debt stress comparator,strategic_transition,0,0,0,0,0,0,1,0,0,0,0,,,,,,,,,,,,,,,,,,,,,,,,,,,,,,,,,,,,,,,,,,,,,,,,,,,,,
ETH,Ethiopia,1987,Sub-Saharan Africa,State-led infrastructure/debt stress comparator,strategic_transition,0,0,0,0,0,0,1,0,0,0,0,,,,,,,,,,,,,,,,,,,,,,,,,,,,,,,,,,,,,,,,,,,,,,,,,,,,,
ETH,Ethiopia,1988,Sub-Saharan Africa,State-led infrastructure/debt stress comparator,strategic_transition,0,0,0,0,0,0,1,0,0,0,0,,,,,,,,,,,,,,,,,,,,,,,,,,,,,,,,,,,,,,,,,,,,,,,,,,,,,
ETH,Ethiopia,1989,Sub-Saharan Africa,State-led infrastructure/debt stress comparator,strategic_transition,0,0,0,0,0,0,1,0,0,0,0,,,,,,,,,,,,,,,,,,,,,,,,,,,,,,,,,,,,,,,,,,,,,,,,,,,,,
ETH,Ethiopia,1990,Sub-Saharan Africa,State-led infrastructure/debt stress comparator,strategic_transition,0,0,0,0,0,0,1,0,0,0,0,,,,,,,,,,,,,,,,,,,,,,,,,,,,,,,,,,,,,,,,,,,,,,,,,,,,,
ETH,Ethiopia,1991,Sub-Saharan Africa,State-led infrastructure/debt stress comparator,strategic_transition,0,0,0,0,0,0,1,0,0,0,0,,,,,,,,,,,,,,,,,,,,,,,,,,,,,,,,,,,,,,,,,,,,,,,,,,,,,
ETH,Ethiopia,1992,Sub-Saharan Africa,State-led infrastructure/debt stress comparator,strategic_transition,0,0,0,0,0,0,1,0,0,0,0,,,,,,,,,,,,,,,,,,,,,,,,,,,,,,,,,,,,,,,,,,,,,,,,,,,,,
ETH,Ethiopia,1993,Sub-Saharan Africa,State-led infrastructure/debt stress comparator,strategic_transition,0,0,0,0,0,0,1,0,0,0,0,,,,,,,,,,,,,,,,,,,,,,,,,,,,,,,,,,,,,,,,,,,,,,,,,,,,,
ETH,Ethiopia,1994,Sub-Saharan Africa,State-led infrastructure/debt stress comparator,strategic_transition,0,0,0,0,0,0,1,0,0,0,0,,,,,,,,,,,,,,,,,,,,,,,,,,,,,,,,,,,,,,,,,,,,,,,,,,,,,
ETH,Ethiopia,1995,Sub-Saharan Africa,State-led infrastructure/debt stress comparator,strategic_transition,0,0,0,0,0,0,1,0,0,0,0,,,,,,,,,,,,,,,,,,,,,,,,,,,,,,,,,,,,,,,,,,,,,,,,,,,,,
ETH,Ethiopia,1996,Sub-Saharan Africa,State-led infrastructure/debt stress comparator,strategic_transition,0,0,0,0,0,0,1,0,0,0,0,,,,,,,,,,,,,,,,,,,,,,,,,,,,,,,,,,,,,,,,,,,,,,,,,,,,,
ETH,Ethiopia,1997,Sub-Saharan Africa,State-led infrastructure/debt stress comparator,strategic_transition,0,0,0,0,0,0,1,0,0,0,0,,,,,,,,,,,,,,,,,,,,,,,,,,,,,,,,,,,,,,,,,,,,,,,,,,,,,
ETH,Ethiopia,1998,Sub-Saharan Africa,State-led infrastructure/debt stress comparator,strategic_transition,0,0,0,0,0,0,1,0,0,0,0,,,,,,,,,,,,,,,,,,,,,,,,,,,,,,,,,,,,,,,,,,,,,,,,,,,,,
ETH,Ethiopia,1999,Sub-Saharan Africa,State-led infrastructure/debt stress comparator,strategic_transition,0,0,0,0,0,0,1,0,0,0,0,,,,,,,,,,,,,,,,,,,,,,,,,,,,,,,,,,,,,,,,,,,,,,,,,,,,,
ETH,Ethiopia,2000,Sub-Saharan Africa,State-led infrastructure/debt stress comparator,strategic_transition,0,0,0,0,0,0,1,0,0,0,0,,,,,,,,,,,,,,,,,,,,,,,,,,,,,,,,,,,,,,,,,,,,,,,,,,,,,
ETH,Ethiopia,2001,Sub-Saharan Africa,State-led infrastructure/debt stress comparator,strategic_transition,0,0,0,0,0,0,1,0,0,0,0,,,,,,,,,,,,,,,,,,,,,,,,,,,,,,,,,,,,,,,,,,,,,,,,,,,,,
ETH,Ethiopia,2002,Sub-Saharan Africa,State-led infrastructure/debt stress comparator,strategic_transition,0,0,0,0,0,0,1,0,0,0,0,,,,,,,,,,,,,,,,,,,,,,,,,,,,,,,,,,,,,,,,,,,,,,,,,,,,,
ETH,Ethiopia,2003,Sub-Saharan Africa,State-led infrastructure/debt stress comparator,strategic_transition,0,0,0,0,0,0,1,0,0,0,0,,,,,,,,,,,,,,,,,,,,,,,,,,,,,,,,,,,,,,,,,,,,,,,,,,,,,
ETH,Ethiopia,2004,Sub-Saharan Africa,State-led infrastructure/debt stress comparator,strategic_transition,0,0,0,0,0,0,1,0,0,0,0,,,,,,,,,,,,,,,,,,,,,,,,,,,,,,,,,,,,,,,,,,,,,,,,,,,,,
ETH,Ethiopia,2005,Sub-Saharan Africa,State-led infrastructure/debt stress comparator,strategic_transition,0,0,0,0,0,0,1,0,0,0,0,,,,,,,,,,,,,,,,,,,,,,,,,,,,,,,,,,,,,,,,,,,,,,,,,,,,,
ETH,Ethiopia,2006,Sub-Saharan Africa,State-led infrastructure/debt stress comparator,strategic_transition,0,0,0,0,0,0,1,0,0,0,0,,,,,,,,,,,,,,,,,,,,,,,,,,,,,,,,,,,,,,,,,,,,,,,,,,,,,
ETH,Ethiopia,2007,Sub-Saharan Africa,State-led infrastructure/debt stress comparator,strategic_transition,0,0,0,0,0,0,1,0,0,0,0,,,,,,,,,,,,,,,,,,,,,,,,,,,,,,,,,,,,,,,,,,,,,,,,,,,,,
ETH,Ethiopia,2008,Sub-Saharan Africa,State-led infrastructure/debt stress comparator,strategic_transition,0,0,0,0,0,0,1,0,0,0,0,,,,,,,,,,,,,,,,,,,,,,,,,,,,,,,,,,,,,,,,,,,,,,,,,,,,,
ETH,Ethiopia,2009,Sub-Saharan Africa,State-led infrastructure/debt stress comparator,strategic_transition,0,0,0,0,0,0,1,0,0,0,0,,,,,,,,,,,,,,,,,,,,,,,,,,,,,,,,,,,,,,,,,,,,,,,,,,,,,
ETH,Ethiopia,2010,Sub-Saharan Africa,State-led infrastructure/debt stress comparator,strategic_transition,0,0,0,0,0,0,1,0,0,0,0,,,,,,,,,,,,,,,,,,,,,,,,,,,,,,,,,,,,,,,,,,,,,,,,,,,,,
ETH,Ethiopia,2011,Sub-Saharan Africa,State-led infrastructure/debt stress comparator,strategic_transition,0,0,0,0,0,0,1,0,0,0,0,,,,,,,,,,,,,,,,,,,,,,,,,,,,,,,,,,,,,,,,,,,,,,,,,,,,,
ETH,Ethiopia,2012,Sub-Saharan Africa,State-led infrastructure/debt stress comparator,strategic_transition,0,0,0,0,0,0,1,0,0,0,0,,,,,,,,,,,,,,,,,,,,,,,,,,,,,,,,,,,,,,,,,,,,,,,,,,,,,
ETH,Ethiopia,2013,Sub-Saharan Africa,State-led infrastructure/debt stress comparator,strategic_transition,0,0,0,0,0,0,1,0,0,0,0,,,,,,,,,,,,,,,,,,,,,,,,,,,,,,,,,,,,,,,,,,,,,,,,,,,,,
ETH,Ethiopia,2014,Sub-Saharan Africa,State-led infrastructure/debt stress comparator,strategic_transition,0,0,0,0,0,0,1,0,0,0,0,,,,,,,,,,,,,,,,,,,,,,,,,,,,,,,,,,,,,,,,,,,,,,,,,,,,,
ETH,Ethiopia,2015,Sub-Saharan Africa,State-led infrastructure/debt stress comparator,strategic_transition,0,0,0,0,0,0,1,0,0,0,0,,,,,,,,,,,,,,,,,,,,,,,,,,,,,,,,,,,,,,,,,,,,,,,,,,,,,
ETH,Ethiopia,2016,Sub-Saharan Africa,State-led infrastructure/debt stress comparator,strategic_transition,0,0,0,0,0,0,1,0,0,0,0,,,,,,,,,,,,,,,,,,,,,,,,,,,,,,,,,,,,,,,,,,,,,,,,,,,,,
ETH,Ethiopia,2017,Sub-Saharan Africa,State-led infrastructure/debt stress comparator,strategic_transition,0,0,0,0,0,0,1,0,0,0,0,,,,,,,,,,,,,,,,,,,,,,,,,,,,,,,,,,,,,,,,,,,,,,,,,,,,,
ETH,Ethiopia,2018,Sub-Saharan Africa,State-led infrastructure/debt stress comparator,strategic_transition,0,0,0,0,0,0,1,0,0,0,0,,,,,,,,,,,,,,,,,,,,,,,,,,,,,,,,,,,,,,,,,,,,,,,,,,,,,
ETH,Ethiopia,2019,Sub-Saharan Africa,State-led infrastructure/debt stress comparator,strategic_transition,0,0,0,0,0,0,1,0,0,0,0,,,,,,,,,,,,,,,,,,,,,,,,,,,,,,,,,,,,,,,,,,,,,,,,,,,,,
ETH,Ethiopia,2020,Sub-Saharan Africa,State-led infrastructure/debt stress comparator,strategic_transition,0,0,0,0,0,0,1,0,0,0,0,,,,,,,,,,,,,,,,,,,,,,,,,,,,,,,,,,,,,,,,,,,,,,,,,,,,,
ETH,Ethiopia,2021,Sub-Saharan Africa,State-led infrastructure/debt stress comparator,strategic_transition,0,0,0,0,0,0,1,0,0,0,0,,,,,,,,,,,,,,,,,,,,,,,,,,,,,,,,,,,,,,,,,,,,,,,,,,,,,
ETH,Ethiopia,2022,Sub-Saharan Africa,State-led infrastructure/debt stress comparator,strategic_transition,0,0,0,0,0,0,1,0,0,0,0,,,,,,,,,,,,,,,,,,,,,,,,,,,,,,,,,,,,,,,,,,,,,,,,,,,,,
ETH,Ethiopia,2023,Sub-Saharan Africa,State-led infrastructure/debt stress comparator,strategic_transition,0,0,0,0,0,0,1,0,0,0,0,,,,,,,,,,,,,,,,,,,,,,,,,,,,,,,,,,,,,,,,,,,,,,,,,,,,,
ETH,Ethiopia,2024,Sub-Saharan Africa,State-led infrastructure/debt stress comparator,strategic_transition,0,0,0,0,0,0,1,0,0,0,0,,,,,,,,,,,,,,,,,,,,,,,,,,,,,,,,,,,,,,,,,,,,,,,,,,,,,
ETH,Ethiopia,2025,Sub-Saharan Africa,State-led infrastructure/debt stress comparator,strategic_transition,0,0,0,0,0,0,1,0,0,0,0,,,,,,,,,,,,,,,,,,,,,,,,,,,,,,,,,,,,,,,,,,,,,,,,,,,,,
